va,verdict,compared,divergent,blocked,src,date,scripts,first
80200050,EQUIVALENT,6,0,0,95ab22c53538,2026-09-26,arcade_2p:0 attract:1 champ_race:1 loadsave:1 options:1 paintshop:0 practice:1 timeattack:1,
80200154,EQUIVALENT,8,0,0,6c5f7c4a199e,2026-09-26,arcade_2p:1 attract:1 champ_race:1 loadsave:1 options:1 paintshop:1 practice:1 timeattack:1,
8020082C,EQUIVALENT,8679,0,0,d7bdb909bd27,2026-09-28,arcade_2p:0 arcade_timeup:1707 attract:1021 champ_race:1364 loadsave:514 options:234 paintshop:0 practice:1284 race_pause:1161 timeattack:1394,
802063A4,EQUIVALENT,1,0,0,b5ad67ced9ef,2026-09-29,arc2p_coast_rain:0 arc2p_desert_snow:0 arc2p_jungle_snow:0 arc2p_mine_fog:0 arc2p_mjungle_fog:0 arc2p_mmountain_rain:0 arc2p_mountain_night:0 arc_coast_rain_car4:0 arc_coast_snow_car5:0 arc_desert_fog_car1:0 arc_desert_sunny_car0:0 arc_jungle_night_car8:0 arc_jungle_sunny_car9:0 arc_mcoast_night_car1:0 arc_mcoast_sunny_car2:0 arc_mdesert_rain_car10:0 arc_mdesert_snow_car11:0 arc_mine_night_car7:0 arc_mine_snow_car6:0 arc_mjungle_fog_car5:0 arc_mjungle_rain_car6:0 arc_mmine_fog_car4:0 arc_mmine_night_car3:0 arc_mmountain_night_car0:0 arc_mmountain_snow_car12:0 arc_mountain_fog_car2:0 arc_mountain_rain_car3:0 arcade_timeup:0 attract:0 champ_finish:1 champ_race:0 champ_round1:0 champ_round1_car8:0 credits_demo:0 credits_demo2:0 ctl_typeb_mountain:0 ctl_typec_coast:0 ctl_typed_jungle:0 ctl_wheel_mdesert:0 loadsave:0 loadsave_pak:0 options:0 paint_pak:0 paint_walk:0 paint_walk2:0 paintshop:0 prac2p_mine_night:0 prac_mcoast_rain:0 practice:0 race_pause:0 rumble_jungle:0 rumble_loadsave:0 ta_desert_car10:0 ta_jungle_car11:0 ta_mmine_car9:0 ta_mmountain_car12:0 timeattack:0 toggles_filter_fbfx:0 views2p_desert:0 views_coast_manual:0,
8020686C,EQUIVALENT,8873,0,0,6694d49a233a,2026-10-03,arc2p_coast_rain:150 arc2p_desert_snow:150 arc2p_jungle_snow:150 arc2p_mine_fog:150 arc2p_mjungle_fog:150 arc2p_mmountain_rain:150 arc2p_mountain_night:150 arc_coast_rain_car4:150 arc_coast_snow_car5:150 arc_desert_fog_car1:150 arc_desert_sunny_car0:150 arc_jungle_night_car8:150 arc_jungle_sunny_car9:150 arc_mcoast_night_car1:150 arc_mcoast_sunny_car2:150 arc_mdesert_rain_car10:150 arc_mdesert_snow_car11:150 arc_mine_night_car7:150 arc_mine_snow_car6:150 arc_mjungle_fog_car5:150 arc_mjungle_rain_car6:150 arc_mmine_fog_car4:150 arc_mmine_night_car3:150 arc_mmountain_night_car0:150 arc_mmountain_snow_car12:150 arc_mountain_fog_car2:150 arc_mountain_rain_car3:150 arcade_timeup:135 attract:156 champ_finish:150 champ_race:135 champ_round1:150 champ_round1_car8:150 credits_demo:150 credits_demo2:150 ctl_typeb_mountain:150 ctl_typec_coast:150 ctl_typed_jungle:150 ctl_wheel_mdesert:150 loadsave:158 loadsave_pak:119 options:158 paint_pak:119 paint_walk:151 paint_walk2:151 paintshop:135 prac2p_mine_night:150 prac_mcoast_rain:150 practice:135 race_pause:135 rumble_jungle:150 rumble_loadsave:151 ta_desert_car10:150 ta_jungle_car11:150 ta_mmine_car9:150 ta_mmountain_car12:150 timeattack:135 toggles_filter_fbfx:150 views2p_desert:150 views_coast_manual:150,
80208900,EQUIVALENT,745,0,0,1494e35d4241,2026-09-26,arcade_2p:325 attract:0 champ_race:112 loadsave:0 options:0 paintshop:0 practice:158 timeattack:150,
802089D0,EQUIVALENT,4,0,0,14d2ae151000,2026-09-26,arcade_2p:1 attract:0 champ_race:1 loadsave:0 options:0 paintshop:0 practice:1 timeattack:1,
80208A58,EQUIVALENT,2603,0,0,88d00177c3b7,2026-09-29,arc2p_coast_rain:48 arc2p_desert_snow:51 arc2p_jungle_snow:51 arc2p_mine_fog:50 arc2p_mjungle_fog:60 arc2p_mmountain_rain:55 arc2p_mountain_night:50 arc_coast_rain_car4:48 arc_coast_snow_car5:48 arc_desert_fog_car1:52 arc_desert_sunny_car0:52 arc_jungle_night_car8:52 arc_jungle_sunny_car9:52 arc_mcoast_night_car1:57 arc_mcoast_sunny_car2:57 arc_mdesert_rain_car10:53 arc_mdesert_snow_car11:53 arc_mine_night_car7:50 arc_mine_snow_car6:50 arc_mjungle_fog_car5:60 arc_mjungle_rain_car6:60 arc_mmine_fog_car4:58 arc_mmine_night_car3:58 arc_mmountain_night_car0:55 arc_mmountain_snow_car12:55 arc_mountain_fog_car2:50 arc_mountain_rain_car3:50 arcade_timeup:15 attract:0 champ_finish:62 champ_race:37 champ_round1:62 champ_round1_car8:62 credits_demo:0 credits_demo2:24 ctl_typeb_mountain:49 ctl_typec_coast:48 ctl_typed_jungle:52 ctl_wheel_mdesert:53 loadsave:0 loadsave_pak:0 options:0 paint_pak:0 paint_walk:0 paint_walk2:0 paintshop:0 prac2p_mine_night:50 prac_mcoast_rain:57 practice:65 race_pause:65 rumble_jungle:52 rumble_loadsave:0 ta_desert_car10:52 ta_jungle_car11:52 ta_mmine_car9:58 ta_mmountain_car12:55 timeattack:45 toggles_filter_fbfx:54 views2p_desert:51 views_coast_manual:48,
80208CF0,EQUIVALENT,423,0,0,cde817c4f8f9,2026-09-29,arc2p_coast_rain:0 arc2p_desert_snow:0 arc2p_jungle_snow:0 arc2p_mine_fog:0 arc2p_mjungle_fog:0 arc2p_mmountain_rain:0 arc2p_mountain_night:0 arc_coast_rain_car4:0 arc_coast_snow_car5:0 arc_desert_fog_car1:0 arc_desert_sunny_car0:0 arc_jungle_night_car8:0 arc_jungle_sunny_car9:0 arc_mcoast_night_car1:0 arc_mcoast_sunny_car2:0 arc_mdesert_rain_car10:0 arc_mdesert_snow_car11:0 arc_mine_night_car7:0 arc_mine_snow_car6:0 arc_mjungle_fog_car5:53 arc_mjungle_rain_car6:0 arc_mmine_fog_car4:0 arc_mmine_night_car3:0 arc_mmountain_night_car0:0 arc_mmountain_snow_car12:0 arc_mountain_fog_car2:0 arc_mountain_rain_car3:0 arcade_timeup:0 attract:0 champ_finish:17 champ_race:18 champ_round1:17 champ_round1_car8:17 credits_demo:0 credits_demo2:0 ctl_typeb_mountain:0 ctl_typec_coast:0 ctl_typed_jungle:0 ctl_wheel_mdesert:0 loadsave:0 loadsave_pak:151 options:0 paint_pak:0 paint_walk:0 paint_walk2:0 paintshop:0 prac2p_mine_night:0 prac_mcoast_rain:0 practice:0 race_pause:0 rumble_jungle:0 rumble_loadsave:150 ta_desert_car10:0 ta_jungle_car11:0 ta_mmine_car9:0 ta_mmountain_car12:0 timeattack:0 toggles_filter_fbfx:0 views2p_desert:0 views_coast_manual:0,
80209434,EQUIVALENT,4554,0,0,846ff5dc78b2,2026-09-29,arc2p_coast_rain:48 arc2p_desert_snow:80 arc2p_jungle_snow:80 arc2p_mine_fog:64 arc2p_mjungle_fog:150 arc2p_mmountain_rain:112 arc2p_mountain_night:64 arc_coast_rain_car4:48 arc_coast_snow_car5:48 arc_desert_fog_car1:80 arc_desert_sunny_car0:80 arc_jungle_night_car8:80 arc_jungle_sunny_car9:80 arc_mcoast_night_car1:128 arc_mcoast_sunny_car2:128 arc_mdesert_rain_car10:96 arc_mdesert_snow_car11:96 arc_mine_night_car7:64 arc_mine_snow_car6:64 arc_mjungle_fog_car5:151 arc_mjungle_rain_car6:150 arc_mmine_fog_car4:144 arc_mmine_night_car3:144 arc_mmountain_night_car0:112 arc_mmountain_snow_car12:112 arc_mountain_fog_car2:64 arc_mountain_rain_car3:64 arcade_timeup:15 attract:0 champ_finish:79 champ_race:55 champ_round1:79 champ_round1_car8:79 credits_demo:0 credits_demo2:24 ctl_typeb_mountain:64 ctl_typec_coast:48 ctl_typed_jungle:80 ctl_wheel_mdesert:96 loadsave:0 loadsave_pak:151 options:0 paint_pak:0 paint_walk:0 paint_walk2:0 paintshop:0 prac2p_mine_night:64 prac_mcoast_rain:128 practice:65 race_pause:65 rumble_jungle:80 rumble_loadsave:150 ta_desert_car10:80 ta_jungle_car11:80 ta_mmine_car9:144 ta_mmountain_car12:112 timeattack:45 toggles_filter_fbfx:112 views2p_desert:80 views_coast_manual:48,
80209D70,EQUIVALENT,9791,0,0,1e9c9f70d194,2026-09-29,arc2p_coast_rain:166 arc2p_desert_snow:166 arc2p_jungle_snow:168 arc2p_mine_fog:165 arc2p_mjungle_fog:167 arc2p_mmountain_rain:168 arc2p_mountain_night:166 arc_coast_rain_car4:162 arc_coast_snow_car5:163 arc_desert_fog_car1:162 arc_desert_sunny_car0:162 arc_jungle_night_car8:163 arc_jungle_sunny_car9:161 arc_mcoast_night_car1:164 arc_mcoast_sunny_car2:164 arc_mdesert_rain_car10:163 arc_mdesert_snow_car11:163 arc_mine_night_car7:162 arc_mine_snow_car6:164 arc_mjungle_fog_car5:164 arc_mjungle_rain_car6:165 arc_mmine_fog_car4:163 arc_mmine_night_car3:164 arc_mmountain_night_car0:162 arc_mmountain_snow_car12:164 arc_mountain_fog_car2:162 arc_mountain_rain_car3:161 arcade_timeup:156 attract:169 champ_finish:156 champ_race:156 champ_round1:156 champ_round1_car8:157 credits_demo:180 credits_demo2:159 ctl_typeb_mountain:166 ctl_typec_coast:167 ctl_typed_jungle:166 ctl_wheel_mdesert:167 loadsave:176 loadsave_pak:154 options:182 paint_pak:154 paint_walk:162 paint_walk2:162 paintshop:154 prac2p_mine_night:166 prac_mcoast_rain:164 practice:157 race_pause:163 rumble_jungle:164 rumble_loadsave:161 ta_desert_car10:160 ta_jungle_car11:162 ta_mmine_car9:163 ta_mmountain_car12:162 timeattack:156 toggles_filter_fbfx:163 views2p_desert:165 views_coast_manual:162,
8020AD5C,EQUIVALENT,8576,0,0,bc65d6415625,2026-10-03,arc2p_coast_rain:151 arc2p_desert_snow:151 arc2p_jungle_snow:151 arc2p_mine_fog:151 arc2p_mjungle_fog:152 arc2p_mmountain_rain:151 arc2p_mountain_night:151 arc_coast_rain_car4:151 arc_coast_snow_car5:151 arc_desert_fog_car1:151 arc_desert_sunny_car0:151 arc_jungle_night_car8:151 arc_jungle_sunny_car9:151 arc_mcoast_night_car1:151 arc_mcoast_sunny_car2:151 arc_mdesert_rain_car10:151 arc_mdesert_snow_car11:151 arc_mine_night_car7:151 arc_mine_snow_car6:151 arc_mjungle_fog_car5:152 arc_mjungle_rain_car6:153 arc_mmine_fog_car4:151 arc_mmine_night_car3:152 arc_mmountain_night_car0:151 arc_mmountain_snow_car12:151 arc_mountain_fog_car2:151 arc_mountain_rain_car3:151 arcade_timeup:130 attract:0 champ_finish:101 champ_race:70 champ_round1:101 champ_round1_car8:101 credits_demo:174 credits_demo2:150 ctl_typeb_mountain:154 ctl_typec_coast:154 ctl_typed_jungle:155 ctl_wheel_mdesert:154 loadsave:151 loadsave_pak:152 options:155 paint_pak:115 paint_walk:156 paint_walk2:156 paintshop:95 prac2p_mine_night:151 prac_mcoast_rain:152 practice:151 race_pause:154 rumble_jungle:151 rumble_loadsave:157 ta_desert_car10:150 ta_jungle_car11:150 ta_mmine_car9:151 ta_mmountain_car12:150 timeattack:100 toggles_filter_fbfx:151 views2p_desert:151 views_coast_manual:151,
8020C460,EQUIVALENT,6523,0,0,4945581fe673,2026-10-03,arc2p_coast_rain:156 arc2p_desert_snow:155 arc2p_jungle_snow:153 arc2p_mine_fog:155 arc2p_mjungle_fog:155 arc2p_mmountain_rain:156 arc2p_mountain_night:153 arc_coast_rain_car4:151 arc_coast_snow_car5:151 arc_desert_fog_car1:132 arc_desert_sunny_car0:155 arc_jungle_night_car8:153 arc_jungle_sunny_car9:153 arc_mcoast_night_car1:132 arc_mcoast_sunny_car2:150 arc_mdesert_rain_car10:153 arc_mdesert_snow_car11:154 arc_mine_night_car7:152 arc_mine_snow_car6:152 arc_mjungle_fog_car5:151 arc_mjungle_rain_car6:152 arc_mmine_fog_car4:151 arc_mmine_night_car3:151 arc_mmountain_night_car0:155 arc_mmountain_snow_car12:154 arc_mountain_fog_car2:150 arc_mountain_rain_car3:151 arcade_timeup:2 attract:0 champ_finish:66 champ_race:20 champ_round1:66 champ_round1_car8:104 credits_demo:0 credits_demo2:66 ctl_typeb_mountain:150 ctl_typec_coast:151 ctl_typed_jungle:151 ctl_wheel_mdesert:151 loadsave:0 loadsave_pak:0 options:0 paint_pak:0 paint_walk:0 paint_walk2:0 paintshop:0 prac2p_mine_night:151 prac_mcoast_rain:152 practice:2 race_pause:2 rumble_jungle:151 rumble_loadsave:0 ta_desert_car10:153 ta_jungle_car11:154 ta_mmine_car9:153 ta_mmountain_car12:154 timeattack:2 toggles_filter_fbfx:132 views2p_desert:153 views_coast_manual:151,
8020C66C,EQUIVALENT,4,0,0,3ddc0a42ce9c,2026-09-26,arcade_2p:0 attract:0 champ_race:1 loadsave:0 options:0 paintshop:1 practice:1 timeattack:1,
8020D004,EQUIVALENT,7902,0,0,7a226877c83e,2026-10-03,arc2p_coast_rain:154 arc2p_desert_snow:154 arc2p_jungle_snow:153 arc2p_mine_fog:154 arc2p_mjungle_fog:154 arc2p_mmountain_rain:154 arc2p_mountain_night:153 arc_coast_rain_car4:153 arc_coast_snow_car5:153 arc_desert_fog_car1:152 arc_desert_sunny_car0:154 arc_jungle_night_car8:153 arc_jungle_sunny_car9:154 arc_mcoast_night_car1:152 arc_mcoast_sunny_car2:153 arc_mdesert_rain_car10:154 arc_mdesert_snow_car11:154 arc_mine_night_car7:153 arc_mine_snow_car6:153 arc_mjungle_fog_car5:153 arc_mjungle_rain_car6:153 arc_mmine_fog_car4:155 arc_mmine_night_car3:155 arc_mmountain_night_car0:154 arc_mmountain_snow_car12:154 arc_mountain_fog_car2:152 arc_mountain_rain_car3:152 arcade_timeup:158 attract:0 champ_finish:155 champ_race:150 champ_round1:135 champ_round1_car8:151 credits_demo:0 credits_demo2:135 ctl_typeb_mountain:152 ctl_typec_coast:152 ctl_typed_jungle:153 ctl_wheel_mdesert:153 loadsave:0 loadsave_pak:0 options:0 paint_pak:57 paint_walk:150 paint_walk2:151 paintshop:57 prac2p_mine_night:152 prac_mcoast_rain:153 practice:107 race_pause:107 rumble_jungle:154 rumble_loadsave:0 ta_desert_car10:153 ta_jungle_car11:154 ta_mmine_car9:154 ta_mmountain_car12:154 timeattack:107 toggles_filter_fbfx:152 views2p_desert:152 views_coast_manual:152,
80210F80,EQUIVALENT,16,0,0,0bbc36509f8b,2026-09-26,arcade_2p:0 attract:0 champ_race:0 loadsave:0 options:0 paintshop:0 practice:16 timeattack:0,
802114E0,EQUIVALENT,197,0,0,fab836f7665b,2026-09-26,arcade_2p:152 attract:0 champ_race:0 loadsave:0 options:0 paintshop:0 practice:45 timeattack:0,
802118B4,EQUIVALENT,8,0,0,938aff3bccb8,2026-09-26,arcade_2p:1 attract:1 champ_race:1 loadsave:1 options:1 paintshop:1 practice:1 timeattack:1,
8021196C,EQUIVALENT,216,0,0,ea3126676a41,2026-09-26,arcade_2p:0 attract:0 champ_race:0 loadsave:65 options:151 paintshop:0 practice:0 timeattack:0,
80211D70,EQUIVALENT,1107,0,0,d0f3e4b44507,2026-09-28,arcade_2p:0 arcade_timeup:0 attract:0 champ_race:0 loadsave:116 loadsave_pak:991 options:0 paintshop:0 practice:0 race_pause:0 timeattack:0,
80214BEC,EQUIVALENT,92,0,0,86d7f89ca612,2026-10-03,arc2p_coast_rain:2 arc2p_desert_snow:2 arc2p_jungle_snow:2 arc2p_mine_fog:2 arc2p_mjungle_fog:2 arc2p_mmountain_rain:2 arc2p_mountain_night:2 arc_coast_rain_car4:2 arc_coast_snow_car5:2 arc_desert_fog_car1:2 arc_desert_sunny_car0:2 arc_jungle_night_car8:2 arc_jungle_sunny_car9:2 arc_mcoast_night_car1:2 arc_mcoast_sunny_car2:2 arc_mdesert_rain_car10:2 arc_mdesert_snow_car11:2 arc_mine_night_car7:2 arc_mine_snow_car6:2 arc_mjungle_fog_car5:2 arc_mjungle_rain_car6:2 arc_mmine_fog_car4:2 arc_mmine_night_car3:2 arc_mmountain_night_car0:2 arc_mmountain_snow_car12:2 arc_mountain_fog_car2:2 arc_mountain_rain_car3:2 arcade_timeup:1 attract:0 champ_finish:1 champ_race:1 champ_round1:1 champ_round1_car8:1 credits_demo:0 credits_demo2:1 ctl_typeb_mountain:2 ctl_typec_coast:2 ctl_typed_jungle:2 ctl_wheel_mdesert:2 loadsave:0 loadsave_pak:0 options:0 paint_pak:0 paint_walk:0 paint_walk2:0 paintshop:0 prac2p_mine_night:2 prac_mcoast_rain:2 practice:1 race_pause:2 rumble_jungle:2 rumble_loadsave:0 ta_desert_car10:2 ta_jungle_car11:2 ta_mmine_car9:2 ta_mmountain_car12:2 timeattack:1 toggles_filter_fbfx:2 views2p_desert:2 views_coast_manual:2,
80214E0C,EQUIVALENT,480,0,0,492255e0b71b,2026-10-03,arc2p_coast_rain:8 arc2p_desert_snow:8 arc2p_jungle_snow:8 arc2p_mine_fog:8 arc2p_mjungle_fog:8 arc2p_mmountain_rain:8 arc2p_mountain_night:8 arc_coast_rain_car4:8 arc_coast_snow_car5:8 arc_desert_fog_car1:8 arc_desert_sunny_car0:8 arc_jungle_night_car8:8 arc_jungle_sunny_car9:8 arc_mcoast_night_car1:8 arc_mcoast_sunny_car2:8 arc_mdesert_rain_car10:8 arc_mdesert_snow_car11:8 arc_mine_night_car7:8 arc_mine_snow_car6:8 arc_mjungle_fog_car5:8 arc_mjungle_rain_car6:8 arc_mmine_fog_car4:8 arc_mmine_night_car3:8 arc_mmountain_night_car0:8 arc_mmountain_snow_car12:8 arc_mountain_fog_car2:8 arc_mountain_rain_car3:8 arcade_timeup:8 attract:8 champ_finish:8 champ_race:8 champ_round1:8 champ_round1_car8:8 credits_demo:8 credits_demo2:8 ctl_typeb_mountain:8 ctl_typec_coast:8 ctl_typed_jungle:8 ctl_wheel_mdesert:8 loadsave:8 loadsave_pak:8 options:8 paint_pak:8 paint_walk:8 paint_walk2:8 paintshop:8 prac2p_mine_night:8 prac_mcoast_rain:8 practice:8 race_pause:8 rumble_jungle:8 rumble_loadsave:8 ta_desert_car10:8 ta_jungle_car11:8 ta_mmine_car9:8 ta_mmountain_car12:8 timeattack:8 toggles_filter_fbfx:8 views2p_desert:8 views_coast_manual:8,
802172D0,EQUIVALENT,1279,0,659,db747515efd9,2026-09-26,arcade_2p:153 attract:154 champ_race:167 loadsave:158 options:158 paintshop:155 practice:166 timeattack:168,
802173C8,EQUIVALENT,1336,0,0,8240e6b7a908,2026-09-26,arcade_2p:167 attract:167 champ_race:167 loadsave:167 options:167 paintshop:167 practice:167 timeattack:167,
80217734,EQUIVALENT,9999,0,0,286d900c41ef,2026-10-03,arc2p_coast_rain:179 arc2p_desert_snow:173 arc2p_jungle_snow:170 arc2p_mine_fog:168 arc2p_mjungle_fog:181 arc2p_mmountain_rain:180 arc2p_mountain_night:189 arc_coast_rain_car4:166 arc_coast_snow_car5:159 arc_desert_fog_car1:160 arc_desert_sunny_car0:164 arc_jungle_night_car8:172 arc_jungle_sunny_car9:169 arc_mcoast_night_car1:173 arc_mcoast_sunny_car2:162 arc_mdesert_rain_car10:171 arc_mdesert_snow_car11:161 arc_mine_night_car7:166 arc_mine_snow_car6:160 arc_mjungle_fog_car5:165 arc_mjungle_rain_car6:171 arc_mmine_fog_car4:163 arc_mmine_night_car3:167 arc_mmountain_night_car0:175 arc_mmountain_snow_car12:161 arc_mountain_fog_car2:161 arc_mountain_rain_car3:167 arcade_timeup:160 attract:157 champ_finish:244 champ_race:157 champ_round1:162 champ_round1_car8:163 credits_demo:162 credits_demo2:186 ctl_typeb_mountain:160 ctl_typec_coast:158 ctl_typed_jungle:169 ctl_wheel_mdesert:174 loadsave:152 loadsave_pak:153 options:55 paint_pak:180 paint_walk:343 paint_walk2:447 paintshop:179 prac2p_mine_night:174 prac_mcoast_rain:157 practice:28 race_pause:28 rumble_jungle:177 rumble_loadsave:152 ta_desert_car10:158 ta_jungle_car11:158 ta_mmine_car9:158 ta_mmountain_car12:159 timeattack:28 toggles_filter_fbfx:160 views2p_desert:181 views_coast_manual:167,
802182A8,EQUIVALENT,16122,0,0,a60950b030fb,2026-09-29,arc2p_coast_rain:340 arc2p_desert_snow:340 arc2p_jungle_snow:339 arc2p_mine_fog:339 arc2p_mjungle_fog:340 arc2p_mmountain_rain:340 arc2p_mountain_night:338 arc_coast_rain_car4:264 arc_coast_snow_car5:264 arc_desert_fog_car1:263 arc_desert_sunny_car0:265 arc_jungle_night_car8:264 arc_jungle_sunny_car9:258 arc_mcoast_night_car1:263 arc_mcoast_sunny_car2:264 arc_mdesert_rain_car10:265 arc_mdesert_snow_car11:265 arc_mine_night_car7:264 arc_mine_snow_car6:258 arc_mjungle_fog_car5:258 arc_mjungle_rain_car6:257 arc_mmine_fog_car4:250 arc_mmine_night_car3:250 arc_mmountain_night_car0:265 arc_mmountain_snow_car12:265 arc_mountain_fog_car2:263 arc_mountain_rain_car3:263 arcade_timeup:264 attract:212 champ_finish:600 champ_race:235 champ_round1:225 champ_round1_car8:226 credits_demo:231 credits_demo2:423 ctl_typeb_mountain:263 ctl_typec_coast:263 ctl_typed_jungle:257 ctl_wheel_mdesert:264 loadsave:180 loadsave_pak:151 options:163 paint_pak:164 paint_walk:247 paint_walk2:299 paintshop:164 prac2p_mine_night:338 prac_mcoast_rain:264 practice:229 race_pause:221 rumble_jungle:259 rumble_loadsave:150 ta_desert_car10:264 ta_jungle_car11:265 ta_mmine_car9:265 ta_mmountain_car12:265 timeattack:236 toggles_filter_fbfx:246 views2p_desert:375 views_coast_manual:310,
80218D5C,EQUIVALENT,11836,0,0,b7e3d8619c47,2026-10-03,arc2p_coast_rain:216 arc2p_desert_snow:216 arc2p_jungle_snow:215 arc2p_mine_fog:216 arc2p_mjungle_fog:216 arc2p_mmountain_rain:216 arc2p_mountain_night:215 arc_coast_rain_car4:190 arc_coast_snow_car5:190 arc_desert_fog_car1:189 arc_desert_sunny_car0:191 arc_jungle_night_car8:190 arc_jungle_sunny_car9:189 arc_mcoast_night_car1:189 arc_mcoast_sunny_car2:190 arc_mdesert_rain_car10:191 arc_mdesert_snow_car11:191 arc_mine_night_car7:190 arc_mine_snow_car6:188 arc_mjungle_fog_car5:188 arc_mjungle_rain_car6:187 arc_mmine_fog_car4:187 arc_mmine_night_car3:187 arc_mmountain_night_car0:191 arc_mmountain_snow_car12:191 arc_mountain_fog_car2:189 arc_mountain_rain_car3:189 arcade_timeup:193 attract:170 champ_finish:488 champ_race:179 champ_round1:175 champ_round1_car8:176 credits_demo:176 credits_demo2:241 ctl_typeb_mountain:189 ctl_typec_coast:189 ctl_typed_jungle:188 ctl_wheel_mdesert:190 loadsave:159 loadsave_pak:151 options:153 paint_pak:164 paint_walk:247 paint_walk2:299 paintshop:164 prac2p_mine_night:214 prac_mcoast_rain:190 practice:176 race_pause:174 rumble_jungle:189 rumble_loadsave:150 ta_desert_car10:190 ta_jungle_car11:191 ta_mmine_car9:191 ta_mmountain_car12:191 timeattack:178 toggles_filter_fbfx:183 views2p_desert:226 views_coast_manual:205,
80219470,EQUIVALENT,10953,0,0,f7cc1e42b5bb,2026-10-03,arc2p_coast_rain:178 arc2p_desert_snow:179 arc2p_jungle_snow:177 arc2p_mine_fog:177 arc2p_mjungle_fog:179 arc2p_mmountain_rain:178 arc2p_mountain_night:177 arc_coast_rain_car4:176 arc_coast_snow_car5:177 arc_desert_fog_car1:176 arc_desert_sunny_car0:178 arc_jungle_night_car8:177 arc_jungle_sunny_car9:177 arc_mcoast_night_car1:176 arc_mcoast_sunny_car2:177 arc_mdesert_rain_car10:178 arc_mdesert_snow_car11:178 arc_mine_night_car7:177 arc_mine_snow_car6:177 arc_mjungle_fog_car5:178 arc_mjungle_rain_car6:177 arc_mmine_fog_car4:177 arc_mmine_night_car3:177 arc_mmountain_night_car0:178 arc_mmountain_snow_car12:179 arc_mountain_fog_car2:176 arc_mountain_rain_car3:176 arcade_timeup:179 attract:167 champ_finish:375 champ_race:167 champ_round1:166 champ_round1_car8:167 credits_demo:190 credits_demo2:200 ctl_typeb_mountain:179 ctl_typec_coast:180 ctl_typed_jungle:180 ctl_wheel_mdesert:180 loadsave:167 loadsave_pak:164 options:167 paint_pak:167 paint_walk:258 paint_walk2:310 paintshop:167 prac2p_mine_night:176 prac_mcoast_rain:178 practice:167 race_pause:169 rumble_jungle:177 rumble_loadsave:163 ta_desert_car10:176 ta_jungle_car11:177 ta_mmine_car9:177 ta_mmountain_car12:178 timeattack:167 toggles_filter_fbfx:173 views2p_desert:179 views_coast_manual:179,
8021AA08,EQUIVALENT,10952,0,0,807ace7e64cd,2026-10-03,arc2p_coast_rain:178 arc2p_desert_snow:179 arc2p_jungle_snow:177 arc2p_mine_fog:177 arc2p_mjungle_fog:179 arc2p_mmountain_rain:178 arc2p_mountain_night:177 arc_coast_rain_car4:176 arc_coast_snow_car5:177 arc_desert_fog_car1:176 arc_desert_sunny_car0:178 arc_jungle_night_car8:177 arc_jungle_sunny_car9:177 arc_mcoast_night_car1:176 arc_mcoast_sunny_car2:177 arc_mdesert_rain_car10:178 arc_mdesert_snow_car11:178 arc_mine_night_car7:177 arc_mine_snow_car6:177 arc_mjungle_fog_car5:178 arc_mjungle_rain_car6:177 arc_mmine_fog_car4:177 arc_mmine_night_car3:177 arc_mmountain_night_car0:178 arc_mmountain_snow_car12:179 arc_mountain_fog_car2:176 arc_mountain_rain_car3:176 arcade_timeup:179 attract:167 champ_finish:375 champ_race:167 champ_round1:166 champ_round1_car8:167 credits_demo:190 credits_demo2:200 ctl_typeb_mountain:179 ctl_typec_coast:180 ctl_typed_jungle:180 ctl_wheel_mdesert:180 loadsave:167 loadsave_pak:164 options:167 paint_pak:167 paint_walk:258 paint_walk2:310 paintshop:167 prac2p_mine_night:176 prac_mcoast_rain:178 practice:167 race_pause:169 rumble_jungle:177 rumble_loadsave:163 ta_desert_car10:176 ta_jungle_car11:177 ta_mmine_car9:177 ta_mmountain_car12:177 timeattack:167 toggles_filter_fbfx:173 views2p_desert:179 views_coast_manual:179,
8021B97C,EQUIVALENT,6,0,0,c12ffaca4951,2026-09-26,arcade_2p:0 attract:1 champ_race:1 loadsave:1 options:1 paintshop:0 practice:1 timeattack:1,
8021BBDC,UNCOVERED,0,0,0,b41f8b19a1d9,2026-10-03,arc2p_coast_rain:0 arc2p_desert_snow:0 arc2p_jungle_snow:0 arc2p_mine_fog:0 arc2p_mjungle_fog:0 arc2p_mmountain_rain:0 arc2p_mountain_night:0 arc_coast_rain_car4:0 arc_coast_snow_car5:0 arc_desert_fog_car1:0 arc_desert_sunny_car0:0 arc_jungle_night_car8:0 arc_jungle_sunny_car9:0 arc_mcoast_night_car1:0 arc_mcoast_sunny_car2:0 arc_mdesert_rain_car10:0 arc_mdesert_snow_car11:0 arc_mine_night_car7:0 arc_mine_snow_car6:0 arc_mjungle_fog_car5:0 arc_mjungle_rain_car6:0 arc_mmine_fog_car4:0 arc_mmine_night_car3:0 arc_mmountain_night_car0:0 arc_mmountain_snow_car12:0 arc_mountain_fog_car2:0 arc_mountain_rain_car3:0 arcade_timeup:0 attract:0 champ_finish:0 champ_race:0 champ_round1:0 champ_round1_car8:0 credits_demo:0 credits_demo2:0 ctl_typeb_mountain:0 ctl_typec_coast:0 ctl_typed_jungle:0 ctl_wheel_mdesert:0 loadsave:0 loadsave_pak:0 options:0 paint_pak:0 paint_walk:0 paint_walk2:0 paintshop:0 prac2p_mine_night:0 prac_mcoast_rain:0 practice:0 race_pause:0 rumble_jungle:0 rumble_loadsave:0 ta_desert_car10:0 ta_jungle_car11:0 ta_mmine_car9:0 ta_mmountain_car12:0 timeattack:0 toggles_filter_fbfx:0 views2p_desert:0 views_coast_manual:0,
8021BE28,EQUIVALENT,7,0,0,8ee46db9c484,2026-09-26,arcade_2p:0 attract:1 champ_race:1 loadsave:1 options:1 paintshop:0 practice:1 timeattack:2,
8021BE88,EQUIVALENT,60,0,0,60e0f91631c3,2026-10-03,arc2p_coast_rain:1 arc2p_desert_snow:1 arc2p_jungle_snow:1 arc2p_mine_fog:1 arc2p_mjungle_fog:1 arc2p_mmountain_rain:1 arc2p_mountain_night:1 arc_coast_rain_car4:1 arc_coast_snow_car5:1 arc_desert_fog_car1:1 arc_desert_sunny_car0:1 arc_jungle_night_car8:1 arc_jungle_sunny_car9:1 arc_mcoast_night_car1:1 arc_mcoast_sunny_car2:1 arc_mdesert_rain_car10:1 arc_mdesert_snow_car11:1 arc_mine_night_car7:1 arc_mine_snow_car6:1 arc_mjungle_fog_car5:1 arc_mjungle_rain_car6:1 arc_mmine_fog_car4:1 arc_mmine_night_car3:1 arc_mmountain_night_car0:1 arc_mmountain_snow_car12:1 arc_mountain_fog_car2:1 arc_mountain_rain_car3:1 arcade_timeup:1 attract:1 champ_finish:1 champ_race:1 champ_round1:1 champ_round1_car8:1 credits_demo:1 credits_demo2:1 ctl_typeb_mountain:1 ctl_typec_coast:1 ctl_typed_jungle:1 ctl_wheel_mdesert:1 loadsave:1 loadsave_pak:1 options:1 paint_pak:1 paint_walk:1 paint_walk2:1 paintshop:1 prac2p_mine_night:1 prac_mcoast_rain:1 practice:1 race_pause:1 rumble_jungle:1 rumble_loadsave:1 ta_desert_car10:1 ta_jungle_car11:1 ta_mmine_car9:1 ta_mmountain_car12:1 timeattack:1 toggles_filter_fbfx:1 views2p_desert:1 views_coast_manual:1,
8021C188,EQUIVALENT,60,0,0,ed8cd4c1a37b,2026-10-03,arc2p_coast_rain:1 arc2p_desert_snow:1 arc2p_jungle_snow:1 arc2p_mine_fog:1 arc2p_mjungle_fog:1 arc2p_mmountain_rain:1 arc2p_mountain_night:1 arc_coast_rain_car4:1 arc_coast_snow_car5:1 arc_desert_fog_car1:1 arc_desert_sunny_car0:1 arc_jungle_night_car8:1 arc_jungle_sunny_car9:1 arc_mcoast_night_car1:1 arc_mcoast_sunny_car2:1 arc_mdesert_rain_car10:1 arc_mdesert_snow_car11:1 arc_mine_night_car7:1 arc_mine_snow_car6:1 arc_mjungle_fog_car5:1 arc_mjungle_rain_car6:1 arc_mmine_fog_car4:1 arc_mmine_night_car3:1 arc_mmountain_night_car0:1 arc_mmountain_snow_car12:1 arc_mountain_fog_car2:1 arc_mountain_rain_car3:1 arcade_timeup:1 attract:1 champ_finish:1 champ_race:1 champ_round1:1 champ_round1_car8:1 credits_demo:1 credits_demo2:1 ctl_typeb_mountain:1 ctl_typec_coast:1 ctl_typed_jungle:1 ctl_wheel_mdesert:1 loadsave:1 loadsave_pak:1 options:1 paint_pak:1 paint_walk:1 paint_walk2:1 paintshop:1 prac2p_mine_night:1 prac_mcoast_rain:1 practice:1 race_pause:1 rumble_jungle:1 rumble_loadsave:1 ta_desert_car10:1 ta_jungle_car11:1 ta_mmine_car9:1 ta_mmountain_car12:1 timeattack:1 toggles_filter_fbfx:1 views2p_desert:1 views_coast_manual:1,
8021C46C,EQUIVALENT,6,0,0,41aaf7d0a2d3,2026-09-26,arcade_2p:0 attract:1 champ_race:1 loadsave:1 options:1 paintshop:0 practice:1 timeattack:1,
8021CD30,EQUIVALENT,8334,0,0,b422e4b72e89,2026-10-03,arc2p_coast_rain:151 arc2p_desert_snow:151 arc2p_jungle_snow:151 arc2p_mine_fog:151 arc2p_mjungle_fog:151 arc2p_mmountain_rain:151 arc2p_mountain_night:151 arc_coast_rain_car4:151 arc_coast_snow_car5:151 arc_desert_fog_car1:151 arc_desert_sunny_car0:151 arc_jungle_night_car8:151 arc_jungle_sunny_car9:151 arc_mcoast_night_car1:151 arc_mcoast_sunny_car2:151 arc_mdesert_rain_car10:151 arc_mdesert_snow_car11:151 arc_mine_night_car7:151 arc_mine_snow_car6:151 arc_mjungle_fog_car5:151 arc_mjungle_rain_car6:151 arc_mmine_fog_car4:151 arc_mmine_night_car3:151 arc_mmountain_night_car0:151 arc_mmountain_snow_car12:151 arc_mountain_fog_car2:151 arc_mountain_rain_car3:151 arcade_timeup:142 attract:39 champ_finish:150 champ_race:104 champ_round1:104 champ_round1_car8:109 credits_demo:82 credits_demo2:150 ctl_typeb_mountain:151 ctl_typec_coast:151 ctl_typed_jungle:152 ctl_wheel_mdesert:151 loadsave:106 loadsave_pak:51 options:117 paint_pak:96 paint_walk:151 paint_walk2:151 paintshop:99 prac2p_mine_night:151 prac_mcoast_rain:151 practice:121 race_pause:150 rumble_jungle:151 rumble_loadsave:117 ta_desert_car10:151 ta_jungle_car11:151 ta_mmine_car9:151 ta_mmountain_car12:151 timeattack:103 toggles_filter_fbfx:151 views2p_desert:151 views_coast_manual:151,
8021D098,EQUIVALENT,1256,0,0,890f2c88cf5c,2026-09-26,arcade_2p:157 attract:150 champ_race:160 loadsave:157 options:158 paintshop:153 practice:161 timeattack:160,
8021D140,EQUIVALENT,231,0,0,d358e2077165,2026-09-26,arcade_2p:2 attract:2 champ_race:96 loadsave:2 options:2 paintshop:59 practice:33 timeattack:35,
8021D2A0,UNCOVERED,0,0,0,a1616bac9755,2026-10-03,arc2p_coast_rain:0 arc2p_desert_snow:0 arc2p_jungle_snow:0 arc2p_mine_fog:0 arc2p_mjungle_fog:0 arc2p_mmountain_rain:0 arc2p_mountain_night:0 arc_coast_rain_car4:0 arc_coast_snow_car5:0 arc_desert_fog_car1:0 arc_desert_sunny_car0:0 arc_jungle_night_car8:0 arc_jungle_sunny_car9:0 arc_mcoast_night_car1:0 arc_mcoast_sunny_car2:0 arc_mdesert_rain_car10:0 arc_mdesert_snow_car11:0 arc_mine_night_car7:0 arc_mine_snow_car6:0 arc_mjungle_fog_car5:0 arc_mjungle_rain_car6:0 arc_mmine_fog_car4:0 arc_mmine_night_car3:0 arc_mmountain_night_car0:0 arc_mmountain_snow_car12:0 arc_mountain_fog_car2:0 arc_mountain_rain_car3:0 arcade_timeup:0 attract:0 champ_finish:0 champ_race:0 champ_round1:0 champ_round1_car8:0 credits_demo:0 credits_demo2:0 ctl_typeb_mountain:0 ctl_typec_coast:0 ctl_typed_jungle:0 ctl_wheel_mdesert:0 loadsave:0 loadsave_pak:0 options:0 paint_pak:0 paint_walk:0 paint_walk2:0 paintshop:0 prac2p_mine_night:0 prac_mcoast_rain:0 practice:0 race_pause:0 rumble_jungle:0 rumble_loadsave:0 ta_desert_car10:0 ta_jungle_car11:0 ta_mmine_car9:0 ta_mmountain_car12:0 timeattack:0 toggles_filter_fbfx:0 views2p_desert:0 views_coast_manual:0,
8021D32C,EQUIVALENT,939,0,0,4304bf53b2e1,2026-10-03,arc2p_coast_rain:32 arc2p_desert_snow:29 arc2p_jungle_snow:22 arc2p_mine_fog:29 arc2p_mjungle_fog:29 arc2p_mmountain_rain:32 arc2p_mountain_night:22 arc_coast_rain_car4:17 arc_coast_snow_car5:18 arc_desert_fog_car1:14 arc_desert_sunny_car0:26 arc_jungle_night_car8:21 arc_jungle_sunny_car9:22 arc_mcoast_night_car1:14 arc_mcoast_sunny_car2:15 arc_mdesert_rain_car10:23 arc_mdesert_snow_car11:24 arc_mine_night_car7:20 arc_mine_snow_car6:19 arc_mjungle_fog_car5:20 arc_mjungle_rain_car6:19 arc_mmine_fog_car4:17 arc_mmine_night_car3:16 arc_mmountain_night_car0:26 arc_mmountain_snow_car12:25 arc_mountain_fog_car2:15 arc_mountain_rain_car3:16 arcade_timeup:7 attract:1 champ_finish:8 champ_race:8 champ_round1:8 champ_round1_car8:9 credits_demo:1 credits_demo2:8 ctl_typeb_mountain:15 ctl_typec_coast:16 ctl_typed_jungle:17 ctl_wheel_mdesert:18 loadsave:1 loadsave_pak:2 options:1 paint_pak:2 paint_walk:4 paint_walk2:5 paintshop:2 prac2p_mine_night:19 prac_mcoast_rain:19 practice:6 race_pause:7 rumble_jungle:18 rumble_loadsave:2 ta_desert_car10:23 ta_jungle_car11:24 ta_mmine_car9:22 ta_mmountain_car12:25 timeattack:7 toggles_filter_fbfx:14 views2p_desert:22 views_coast_manual:16,
8021D6B8,EQUIVALENT,4,0,0,25d27a581a8b,2026-09-26,arcade_2p:0 attract:0 champ_race:1 loadsave:0 options:0 paintshop:1 practice:1 timeattack:1,
8021D84C,EQUIVALENT,9653,0,0,5b77fc84773f,2026-10-03,arc2p_coast_rain:159 arc2p_desert_snow:160 arc2p_jungle_snow:160 arc2p_mine_fog:159 arc2p_mjungle_fog:161 arc2p_mmountain_rain:160 arc2p_mountain_night:160 arc_coast_rain_car4:159 arc_coast_snow_car5:159 arc_desert_fog_car1:160 arc_desert_sunny_car0:159 arc_jungle_night_car8:160 arc_jungle_sunny_car9:159 arc_mcoast_night_car1:160 arc_mcoast_sunny_car2:160 arc_mdesert_rain_car10:160 arc_mdesert_snow_car11:160 arc_mine_night_car7:159 arc_mine_snow_car6:160 arc_mjungle_fog_car5:161 arc_mjungle_rain_car6:163 arc_mmine_fog_car4:160 arc_mmine_night_car3:161 arc_mmountain_night_car0:160 arc_mmountain_snow_car12:160 arc_mountain_fog_car2:159 arc_mountain_rain_car3:160 arcade_timeup:156 attract:173 champ_finish:156 champ_race:155 champ_round1:156 champ_round1_car8:156 credits_demo:180 credits_demo2:158 ctl_typeb_mountain:164 ctl_typec_coast:164 ctl_typed_jungle:164 ctl_wheel_mdesert:164 loadsave:180 loadsave_pak:154 options:186 paint_pak:154 paint_walk:164 paint_walk2:164 paintshop:154 prac2p_mine_night:160 prac_mcoast_rain:161 practice:157 race_pause:161 rumble_jungle:160 rumble_loadsave:165 ta_desert_car10:158 ta_jungle_car11:158 ta_mmine_car9:160 ta_mmountain_car12:159 timeattack:155 toggles_filter_fbfx:160 views2p_desert:160 views_coast_manual:159,
8021DC34,EQUIVALENT,267,0,0,50fe6a2e2674,2026-09-26,arcade_2p:25 attract:8 champ_race:36 loadsave:43 options:50 paintshop:26 practice:43 timeattack:36,
8021E180,EQUIVALENT,228,0,0,249750d4b5ff,2026-09-26,arcade_2p:161 attract:0 champ_race:0 loadsave:0 options:0 paintshop:0 practice:66 timeattack:1,
8021E21C,UNCOVERED,0,0,0,328a8c3ae846,2026-10-03,arc2p_coast_rain:0 arc2p_desert_snow:0 arc2p_jungle_snow:0 arc2p_mine_fog:0 arc2p_mjungle_fog:0 arc2p_mmountain_rain:0 arc2p_mountain_night:0 arc_coast_rain_car4:0 arc_coast_snow_car5:0 arc_desert_fog_car1:0 arc_desert_sunny_car0:0 arc_jungle_night_car8:0 arc_jungle_sunny_car9:0 arc_mcoast_night_car1:0 arc_mcoast_sunny_car2:0 arc_mdesert_rain_car10:0 arc_mdesert_snow_car11:0 arc_mine_night_car7:0 arc_mine_snow_car6:0 arc_mjungle_fog_car5:0 arc_mjungle_rain_car6:0 arc_mmine_fog_car4:0 arc_mmine_night_car3:0 arc_mmountain_night_car0:0 arc_mmountain_snow_car12:0 arc_mountain_fog_car2:0 arc_mountain_rain_car3:0 arcade_timeup:0 attract:0 champ_finish:0 champ_race:0 champ_round1:0 champ_round1_car8:0 credits_demo:0 credits_demo2:0 ctl_typeb_mountain:0 ctl_typec_coast:0 ctl_typed_jungle:0 ctl_wheel_mdesert:0 loadsave:0 loadsave_pak:0 options:0 paint_pak:0 paint_walk:0 paint_walk2:0 paintshop:0 prac2p_mine_night:0 prac_mcoast_rain:0 practice:0 race_pause:0 rumble_jungle:0 rumble_loadsave:0 ta_desert_car10:0 ta_jungle_car11:0 ta_mmine_car9:0 ta_mmountain_car12:0 timeattack:0 toggles_filter_fbfx:0 views2p_desert:0 views_coast_manual:0,
8021E2C8,UNCOVERED,0,0,0,ed0071479e8b,2026-10-03,arc2p_coast_rain:0 arc2p_desert_snow:0 arc2p_jungle_snow:0 arc2p_mine_fog:0 arc2p_mjungle_fog:0 arc2p_mmountain_rain:0 arc2p_mountain_night:0 arc_coast_rain_car4:0 arc_coast_snow_car5:0 arc_desert_fog_car1:0 arc_desert_sunny_car0:0 arc_jungle_night_car8:0 arc_jungle_sunny_car9:0 arc_mcoast_night_car1:0 arc_mcoast_sunny_car2:0 arc_mdesert_rain_car10:0 arc_mdesert_snow_car11:0 arc_mine_night_car7:0 arc_mine_snow_car6:0 arc_mjungle_fog_car5:0 arc_mjungle_rain_car6:0 arc_mmine_fog_car4:0 arc_mmine_night_car3:0 arc_mmountain_night_car0:0 arc_mmountain_snow_car12:0 arc_mountain_fog_car2:0 arc_mountain_rain_car3:0 arcade_timeup:0 attract:0 champ_finish:0 champ_race:0 champ_round1:0 champ_round1_car8:0 credits_demo:0 credits_demo2:0 ctl_typeb_mountain:0 ctl_typec_coast:0 ctl_typed_jungle:0 ctl_wheel_mdesert:0 loadsave:0 loadsave_pak:0 options:0 paint_pak:0 paint_walk:0 paint_walk2:0 paintshop:0 prac2p_mine_night:0 prac_mcoast_rain:0 practice:0 race_pause:0 rumble_jungle:0 rumble_loadsave:0 ta_desert_car10:0 ta_jungle_car11:0 ta_mmine_car9:0 ta_mmountain_car12:0 timeattack:0 toggles_filter_fbfx:0 views2p_desert:0 views_coast_manual:0,
8021EA0C,EQUIVALENT,3297,0,0,78efc27047f7,2026-09-26,arcade_2p:0 attract:600 champ_race:600 loadsave:554 options:343 paintshop:0 practice:600 timeattack:600,
8021EA90,EQUIVALENT,11990,0,0,0585e7d7ca2d,2026-10-03,arc2p_coast_rain:289 arc2p_desert_snow:259 arc2p_jungle_snow:258 arc2p_mine_fog:275 arc2p_mjungle_fog:182 arc2p_mmountain_rain:260 arc2p_mountain_night:219 arc_coast_rain_car4:208 arc_coast_snow_car5:207 arc_desert_fog_car1:194 arc_desert_sunny_car0:197 arc_jungle_night_car8:171 arc_jungle_sunny_car9:196 arc_mcoast_night_car1:183 arc_mcoast_sunny_car2:211 arc_mdesert_rain_car10:231 arc_mdesert_snow_car11:196 arc_mine_night_car7:175 arc_mine_snow_car6:190 arc_mjungle_fog_car5:191 arc_mjungle_rain_car6:187 arc_mmine_fog_car4:178 arc_mmine_night_car3:176 arc_mmountain_night_car0:204 arc_mmountain_snow_car12:198 arc_mountain_fog_car2:203 arc_mountain_rain_car3:227 arcade_timeup:185 attract:185 champ_finish:600 champ_race:447 champ_round1:362 champ_round1_car8:351 credits_demo:183 credits_demo2:293 ctl_typeb_mountain:213 ctl_typec_coast:198 ctl_typed_jungle:184 ctl_wheel_mdesert:228 loadsave:161 loadsave_pak:0 options:150 paint_pak:0 paint_walk:0 paint_walk2:0 paintshop:0 prac2p_mine_night:307 prac_mcoast_rain:172 practice:169 race_pause:152 rumble_jungle:190 rumble_loadsave:0 ta_desert_car10:207 ta_jungle_car11:173 ta_mmine_car9:170 ta_mmountain_car12:167 timeattack:155 toggles_filter_fbfx:196 views2p_desert:280 views_coast_manual:247,
8021EADC,EQUIVALENT,32400,0,0,94e56d4a6ec6,2026-10-03,arc2p_coast_rain:600 arc2p_desert_snow:600 arc2p_jungle_snow:600 arc2p_mine_fog:600 arc2p_mjungle_fog:600 arc2p_mmountain_rain:600 arc2p_mountain_night:600 arc_coast_rain_car4:600 arc_coast_snow_car5:600 arc_desert_fog_car1:600 arc_desert_sunny_car0:600 arc_jungle_night_car8:600 arc_jungle_sunny_car9:600 arc_mcoast_night_car1:600 arc_mcoast_sunny_car2:600 arc_mdesert_rain_car10:600 arc_mdesert_snow_car11:600 arc_mine_night_car7:600 arc_mine_snow_car6:600 arc_mjungle_fog_car5:600 arc_mjungle_rain_car6:600 arc_mmine_fog_car4:600 arc_mmine_night_car3:600 arc_mmountain_night_car0:600 arc_mmountain_snow_car12:600 arc_mountain_fog_car2:600 arc_mountain_rain_car3:600 arcade_timeup:600 attract:600 champ_finish:600 champ_race:600 champ_round1:600 champ_round1_car8:600 credits_demo:600 credits_demo2:600 ctl_typeb_mountain:600 ctl_typec_coast:600 ctl_typed_jungle:600 ctl_wheel_mdesert:600 loadsave:600 loadsave_pak:0 options:600 paint_pak:0 paint_walk:0 paint_walk2:0 paintshop:0 prac2p_mine_night:600 prac_mcoast_rain:600 practice:600 race_pause:600 rumble_jungle:600 rumble_loadsave:0 ta_desert_car10:600 ta_jungle_car11:600 ta_mmine_car9:600 ta_mmountain_car12:600 timeattack:600 toggles_filter_fbfx:600 views2p_desert:600 views_coast_manual:600,
8021EB30,EQUIVALENT,340,0,0,e3dd6aceecb1,2026-09-26,arcade_2p:20 attract:10 champ_race:90 loadsave:10 options:10 paintshop:50 practice:70 timeattack:80,
8021EB50,EQUIVALENT,10181,0,0,0cf66fe5c07e,2026-09-29,arc2p_coast_rain:184 arc2p_desert_snow:184 arc2p_jungle_snow:184 arc2p_mine_fog:184 arc2p_mjungle_fog:184 arc2p_mmountain_rain:184 arc2p_mountain_night:184 arc_coast_rain_car4:184 arc_coast_snow_car5:184 arc_desert_fog_car1:184 arc_desert_sunny_car0:184 arc_jungle_night_car8:184 arc_jungle_sunny_car9:182 arc_mcoast_night_car1:184 arc_mcoast_sunny_car2:184 arc_mdesert_rain_car10:184 arc_mdesert_snow_car11:184 arc_mine_night_car7:184 arc_mine_snow_car6:182 arc_mjungle_fog_car5:182 arc_mjungle_rain_car6:182 arc_mmine_fog_car4:179 arc_mmine_night_car3:179 arc_mmountain_night_car0:184 arc_mmountain_snow_car12:184 arc_mountain_fog_car2:184 arc_mountain_rain_car3:184 arcade_timeup:184 attract:159 champ_finish:600 champ_race:191 champ_round1:186 champ_round1_car8:186 credits_demo:162 credits_demo2:194 ctl_typeb_mountain:184 ctl_typec_coast:184 ctl_typed_jungle:182 ctl_wheel_mdesert:184 loadsave:154 loadsave_pak:0 options:151 paint_pak:0 paint_walk:0 paint_walk2:0 paintshop:0 prac2p_mine_night:184 prac_mcoast_rain:172 practice:162 race_pause:158 rumble_jungle:182 rumble_loadsave:0 ta_desert_car10:184 ta_jungle_car11:184 ta_mmine_car9:184 ta_mmountain_car12:184 timeattack:177 toggles_filter_fbfx:179 views2p_desert:190 views_coast_manual:190,
8021F1F0,EQUIVALENT,994,0,0,4928db086bf6,2026-09-26,arcade_2p:0 attract:159 champ_race:191 loadsave:154 options:151 paintshop:0 practice:162 timeattack:177,
8021F380,EQUIVALENT,11226,0,0,47c87329d6b7,2026-09-29,arc2p_coast_rain:215 arc2p_desert_snow:215 arc2p_jungle_snow:215 arc2p_mine_fog:215 arc2p_mjungle_fog:215 arc2p_mmountain_rain:215 arc2p_mountain_night:215 arc_coast_rain_car4:203 arc_coast_snow_car5:203 arc_desert_fog_car1:203 arc_desert_sunny_car0:203 arc_jungle_night_car8:203 arc_jungle_sunny_car9:199 arc_mcoast_night_car1:203 arc_mcoast_sunny_car2:203 arc_mdesert_rain_car10:203 arc_mdesert_snow_car11:203 arc_mine_night_car7:203 arc_mine_snow_car6:199 arc_mjungle_fog_car5:199 arc_mjungle_rain_car6:199 arc_mmine_fog_car4:195 arc_mmine_night_car3:195 arc_mmountain_night_car0:203 arc_mmountain_snow_car12:203 arc_mountain_fog_car2:203 arc_mountain_rain_car3:203 arcade_timeup:201 attract:170 champ_finish:600 champ_race:205 champ_round1:198 champ_round1_car8:198 credits_demo:176 credits_demo2:239 ctl_typeb_mountain:203 ctl_typec_coast:203 ctl_typed_jungle:199 ctl_wheel_mdesert:203 loadsave:159 loadsave_pak:0 options:153 paint_pak:0 paint_walk:0 paint_walk2:0 paintshop:0 prac2p_mine_night:215 prac_mcoast_rain:190 practice:175 race_pause:170 rumble_jungle:199 rumble_loadsave:0 ta_desert_car10:203 ta_jungle_car11:203 ta_mmine_car9:203 ta_mmountain_car12:203 timeattack:192 toggles_filter_fbfx:194 views2p_desert:227 views_coast_manual:212,
8021F998,EQUIVALENT,10181,0,0,81d99bfdd86c,2026-09-29,arc2p_coast_rain:184 arc2p_desert_snow:184 arc2p_jungle_snow:184 arc2p_mine_fog:184 arc2p_mjungle_fog:184 arc2p_mmountain_rain:184 arc2p_mountain_night:184 arc_coast_rain_car4:184 arc_coast_snow_car5:184 arc_desert_fog_car1:184 arc_desert_sunny_car0:184 arc_jungle_night_car8:184 arc_jungle_sunny_car9:182 arc_mcoast_night_car1:184 arc_mcoast_sunny_car2:184 arc_mdesert_rain_car10:184 arc_mdesert_snow_car11:184 arc_mine_night_car7:184 arc_mine_snow_car6:182 arc_mjungle_fog_car5:182 arc_mjungle_rain_car6:182 arc_mmine_fog_car4:179 arc_mmine_night_car3:179 arc_mmountain_night_car0:184 arc_mmountain_snow_car12:184 arc_mountain_fog_car2:184 arc_mountain_rain_car3:184 arcade_timeup:184 attract:159 champ_finish:600 champ_race:191 champ_round1:186 champ_round1_car8:186 credits_demo:162 credits_demo2:194 ctl_typeb_mountain:184 ctl_typec_coast:184 ctl_typed_jungle:182 ctl_wheel_mdesert:184 loadsave:154 loadsave_pak:0 options:151 paint_pak:0 paint_walk:0 paint_walk2:0 paintshop:0 prac2p_mine_night:184 prac_mcoast_rain:172 practice:162 race_pause:158 rumble_jungle:182 rumble_loadsave:0 ta_desert_car10:184 ta_jungle_car11:184 ta_mmine_car9:184 ta_mmountain_car12:184 timeattack:177 toggles_filter_fbfx:179 views2p_desert:190 views_coast_manual:190,
8021FE80,EQUIVALENT,193,0,0,70c3651cb82c,2026-10-03,arc2p_coast_rain:4 arc2p_desert_snow:4 arc2p_jungle_snow:5 arc2p_mine_fog:4 arc2p_mjungle_fog:4 arc2p_mmountain_rain:4 arc2p_mountain_night:5 arc_coast_rain_car4:4 arc_coast_snow_car5:4 arc_desert_fog_car1:4 arc_desert_sunny_car0:4 arc_jungle_night_car8:4 arc_jungle_sunny_car9:4 arc_mcoast_night_car1:4 arc_mcoast_sunny_car2:4 arc_mdesert_rain_car10:4 arc_mdesert_snow_car11:4 arc_mine_night_car7:4 arc_mine_snow_car6:4 arc_mjungle_fog_car5:4 arc_mjungle_rain_car6:4 arc_mmine_fog_car4:4 arc_mmine_night_car3:4 arc_mmountain_night_car0:4 arc_mmountain_snow_car12:4 arc_mountain_fog_car2:4 arc_mountain_rain_car3:4 arcade_timeup:2 attract:1 champ_finish:3 champ_race:3 champ_round1:3 champ_round1_car8:3 credits_demo:1 credits_demo2:3 ctl_typeb_mountain:5 ctl_typec_coast:4 ctl_typed_jungle:4 ctl_wheel_mdesert:4 loadsave:1 loadsave_pak:0 options:1 paint_pak:0 paint_walk:0 paint_walk2:0 paintshop:0 prac2p_mine_night:4 prac_mcoast_rain:3 practice:1 race_pause:2 rumble_jungle:4 rumble_loadsave:0 ta_desert_car10:4 ta_jungle_car11:4 ta_mmine_car9:4 ta_mmountain_car12:5 timeattack:2 toggles_filter_fbfx:4 views2p_desert:4 views_coast_manual:4,
80220150,EQUIVALENT,4,0,0,e488edcb716d,2026-09-26,arcade_2p:0 attract:0 champ_race:4 loadsave:0 options:0 paintshop:0 practice:0 timeattack:0,
8022021C,UNCOVERED,0,0,0,b081aafd9df5,2026-10-03,arc2p_coast_rain:0 arc2p_desert_snow:0 arc2p_jungle_snow:0 arc2p_mine_fog:0 arc2p_mjungle_fog:0 arc2p_mmountain_rain:0 arc2p_mountain_night:0 arc_coast_rain_car4:0 arc_coast_snow_car5:0 arc_desert_fog_car1:0 arc_desert_sunny_car0:0 arc_jungle_night_car8:0 arc_jungle_sunny_car9:0 arc_mcoast_night_car1:0 arc_mcoast_sunny_car2:0 arc_mdesert_rain_car10:0 arc_mdesert_snow_car11:0 arc_mine_night_car7:0 arc_mine_snow_car6:0 arc_mjungle_fog_car5:0 arc_mjungle_rain_car6:0 arc_mmine_fog_car4:0 arc_mmine_night_car3:0 arc_mmountain_night_car0:0 arc_mmountain_snow_car12:0 arc_mountain_fog_car2:0 arc_mountain_rain_car3:0 arcade_timeup:0 attract:0 champ_finish:0 champ_race:0 champ_round1:0 champ_round1_car8:0 credits_demo:0 credits_demo2:0 ctl_typeb_mountain:0 ctl_typec_coast:0 ctl_typed_jungle:0 ctl_wheel_mdesert:0 loadsave:0 loadsave_pak:0 options:0 paint_pak:0 paint_walk:0 paint_walk2:0 paintshop:0 prac2p_mine_night:0 prac_mcoast_rain:0 practice:0 race_pause:0 rumble_jungle:0 rumble_loadsave:0 ta_desert_car10:0 ta_jungle_car11:0 ta_mmine_car9:0 ta_mmountain_car12:0 timeattack:0 toggles_filter_fbfx:0 views2p_desert:0 views_coast_manual:0,
802203F0,EQUIVALENT,227,0,0,91c2c4bc9f7d,2026-09-26,arcade_2p:2 attract:2 champ_race:92 loadsave:2 options:2 paintshop:59 practice:33 timeattack:35,
80220544,EQUIVALENT,569,0,0,757be3aa12e0,2026-09-26,arcade_2p:0 attract:0 champ_race:153 loadsave:0 options:0 paintshop:114 practice:151 timeattack:151,
80221170,EQUIVALENT,9188,0,0,6098962a3b62,2026-09-29,arc2p_coast_rain:179 arc2p_desert_snow:179 arc2p_jungle_snow:179 arc2p_mine_fog:179 arc2p_mjungle_fog:179 arc2p_mmountain_rain:179 arc2p_mountain_night:179 arc_coast_rain_car4:166 arc_coast_snow_car5:166 arc_desert_fog_car1:166 arc_desert_sunny_car0:166 arc_jungle_night_car8:166 arc_jungle_sunny_car9:165 arc_mcoast_night_car1:166 arc_mcoast_sunny_car2:166 arc_mdesert_rain_car10:166 arc_mdesert_snow_car11:166 arc_mine_night_car7:166 arc_mine_snow_car6:165 arc_mjungle_fog_car5:165 arc_mjungle_rain_car6:165 arc_mmine_fog_car4:164 arc_mmine_night_car3:164 arc_mmountain_night_car0:166 arc_mmountain_snow_car12:166 arc_mountain_fog_car2:166 arc_mountain_rain_car3:166 arcade_timeup:166 attract:159 champ_finish:315 champ_race:163 champ_round1:161 champ_round1_car8:161 credits_demo:162 credits_demo2:193 ctl_typeb_mountain:166 ctl_typec_coast:166 ctl_typed_jungle:165 ctl_wheel_mdesert:166 loadsave:154 loadsave_pak:0 options:151 paint_pak:0 paint_walk:0 paint_walk2:0 paintshop:0 prac2p_mine_night:179 prac_mcoast_rain:166 practice:162 race_pause:158 rumble_jungle:165 rumble_loadsave:0 ta_desert_car10:166 ta_jungle_car11:166 ta_mmine_car9:166 ta_mmountain_car12:166 timeattack:163 toggles_filter_fbfx:164 views2p_desert:185 views_coast_manual:169,
80222050,EQUIVALENT,10181,0,0,1eff996a4e77,2026-10-03,arc2p_coast_rain:184 arc2p_desert_snow:184 arc2p_jungle_snow:184 arc2p_mine_fog:184 arc2p_mjungle_fog:184 arc2p_mmountain_rain:184 arc2p_mountain_night:184 arc_coast_rain_car4:184 arc_coast_snow_car5:184 arc_desert_fog_car1:184 arc_desert_sunny_car0:184 arc_jungle_night_car8:184 arc_jungle_sunny_car9:182 arc_mcoast_night_car1:184 arc_mcoast_sunny_car2:184 arc_mdesert_rain_car10:184 arc_mdesert_snow_car11:184 arc_mine_night_car7:184 arc_mine_snow_car6:182 arc_mjungle_fog_car5:182 arc_mjungle_rain_car6:182 arc_mmine_fog_car4:179 arc_mmine_night_car3:179 arc_mmountain_night_car0:184 arc_mmountain_snow_car12:184 arc_mountain_fog_car2:184 arc_mountain_rain_car3:184 arcade_timeup:184 attract:159 champ_finish:600 champ_race:191 champ_round1:186 champ_round1_car8:186 credits_demo:162 credits_demo2:194 ctl_typeb_mountain:184 ctl_typec_coast:184 ctl_typed_jungle:182 ctl_wheel_mdesert:184 loadsave:154 loadsave_pak:0 options:151 paint_pak:0 paint_walk:0 paint_walk2:0 paintshop:0 prac2p_mine_night:184 prac_mcoast_rain:172 practice:162 race_pause:158 rumble_jungle:182 rumble_loadsave:0 ta_desert_car10:184 ta_jungle_car11:184 ta_mmine_car9:184 ta_mmountain_car12:184 timeattack:177 toggles_filter_fbfx:179 views2p_desert:190 views_coast_manual:190,
80222D54,EQUIVALENT,7789,0,0,b79bc35bff29,2026-09-29,arc2p_coast_rain:158 arc2p_desert_snow:159 arc2p_jungle_snow:153 arc2p_mine_fog:157 arc2p_mjungle_fog:159 arc2p_mmountain_rain:158 arc2p_mountain_night:153 arc_coast_rain_car4:151 arc_coast_snow_car5:152 arc_desert_fog_car1:132 arc_desert_sunny_car0:155 arc_jungle_night_car8:153 arc_jungle_sunny_car9:154 arc_mcoast_night_car1:132 arc_mcoast_sunny_car2:150 arc_mdesert_rain_car10:154 arc_mdesert_snow_car11:154 arc_mine_night_car7:152 arc_mine_snow_car6:152 arc_mjungle_fog_car5:153 arc_mjungle_rain_car6:152 arc_mmine_fog_car4:154 arc_mmine_night_car3:153 arc_mmountain_night_car0:155 arc_mmountain_snow_car12:155 arc_mountain_fog_car2:150 arc_mountain_rain_car3:151 arcade_timeup:157 attract:2 champ_finish:154 champ_race:96 champ_round1:105 champ_round1_car8:148 credits_demo:2 credits_demo2:68 ctl_typeb_mountain:150 ctl_typec_coast:151 ctl_typed_jungle:152 ctl_wheel_mdesert:152 loadsave:2 loadsave_pak:154 options:2 paint_pak:59 paint_walk:150 paint_walk2:151 paintshop:59 prac2p_mine_night:152 prac_mcoast_rain:152 practice:33 race_pause:35 rumble_jungle:153 rumble_loadsave:152 ta_desert_car10:154 ta_jungle_car11:154 ta_mmine_car9:153 ta_mmountain_car12:155 timeattack:35 toggles_filter_fbfx:132 views2p_desert:153 views_coast_manual:151,
80223480,EQUIVALENT,952,0,0,b6210de5c3fc,2026-09-26,arcade_2p:0 attract:159 champ_race:163 loadsave:154 options:151 paintshop:0 practice:162 timeattack:163,
80223850,EQUIVALENT,5,0,0,60d5c0a24389,2026-09-26,arcade_2p:0 attract:0 champ_race:0 loadsave:5 options:0 paintshop:0 practice:0 timeattack:0,
802238B8,EQUIVALENT,1147,0,0,22f4eac995d0,2026-09-26,arcade_2p:135 attract:156 champ_race:135 loadsave:158 options:158 paintshop:135 practice:135 timeattack:135,
802238FC,EQUIVALENT,1332,0,0,e4baf17f4516,2026-09-26,arcade_2p:167 attract:177 champ_race:166 loadsave:170 options:169 paintshop:151 practice:166 timeattack:166,
80223940,EQUIVALENT,1226,0,0,25228b474f88,2026-09-26,arcade_2p:149 attract:156 champ_race:152 loadsave:158 options:158 paintshop:151 practice:151 timeattack:151,
80223F54,EQUIVALENT,10917,0,0,a5bb8287049a,2026-10-03,arc2p_coast_rain:177 arc2p_desert_snow:178 arc2p_jungle_snow:176 arc2p_mine_fog:177 arc2p_mjungle_fog:178 arc2p_mmountain_rain:178 arc2p_mountain_night:176 arc_coast_rain_car4:176 arc_coast_snow_car5:176 arc_desert_fog_car1:175 arc_desert_sunny_car0:177 arc_jungle_night_car8:177 arc_jungle_sunny_car9:176 arc_mcoast_night_car1:176 arc_mcoast_sunny_car2:176 arc_mdesert_rain_car10:177 arc_mdesert_snow_car11:177 arc_mine_night_car7:176 arc_mine_snow_car6:176 arc_mjungle_fog_car5:177 arc_mjungle_rain_car6:176 arc_mmine_fog_car4:176 arc_mmine_night_car3:176 arc_mmountain_night_car0:177 arc_mmountain_snow_car12:178 arc_mountain_fog_car2:175 arc_mountain_rain_car3:175 arcade_timeup:179 attract:167 champ_finish:374 champ_race:167 champ_round1:166 champ_round1_car8:167 credits_demo:190 credits_demo2:200 ctl_typeb_mountain:178 ctl_typec_coast:179 ctl_typed_jungle:179 ctl_wheel_mdesert:179 loadsave:167 loadsave_pak:164 options:167 paint_pak:167 paint_walk:257 paint_walk2:310 paintshop:167 prac2p_mine_night:175 prac_mcoast_rain:177 practice:167 race_pause:169 rumble_jungle:176 rumble_loadsave:162 ta_desert_car10:175 ta_jungle_car11:177 ta_mmine_car9:177 ta_mmountain_car12:177 timeattack:167 toggles_filter_fbfx:173 views2p_desert:178 views_coast_manual:178,
8022439C,EQUIVALENT,3672,0,0,9d3294817c7a,2026-09-26,arcade_2p:2 attract:600 champ_race:600 loadsave:600 options:491 paintshop:179 practice:600 timeattack:600,
802245F0,EQUIVALENT,1007,0,0,5219933d6ddf,2026-09-26,arcade_2p:0 attract:151 champ_race:252 loadsave:151 options:151 paintshop:0 practice:151 timeattack:151,
802246BC,UNCOVERED,0,0,0,57802bd95ee9,2026-09-26,arcade_2p:0 attract:0 champ_race:0 loadsave:0 options:0 paintshop:0 practice:0 timeattack:0,
80224760,EQUIVALENT,1706,0,0,c191a83feecb,2026-09-26,arcade_2p:1 attract:224 champ_race:470 loadsave:185 options:162 paintshop:210 practice:216 timeattack:238,
80224B7C,UNCOVERED,0,0,0,8b5dd7107205,2026-10-03,arc2p_coast_rain:0 arc2p_desert_snow:0 arc2p_jungle_snow:0 arc2p_mine_fog:0 arc2p_mjungle_fog:0 arc2p_mmountain_rain:0 arc2p_mountain_night:0 arc_coast_rain_car4:0 arc_coast_snow_car5:0 arc_desert_fog_car1:0 arc_desert_sunny_car0:0 arc_jungle_night_car8:0 arc_jungle_sunny_car9:0 arc_mcoast_night_car1:0 arc_mcoast_sunny_car2:0 arc_mdesert_rain_car10:0 arc_mdesert_snow_car11:0 arc_mine_night_car7:0 arc_mine_snow_car6:0 arc_mjungle_fog_car5:0 arc_mjungle_rain_car6:0 arc_mmine_fog_car4:0 arc_mmine_night_car3:0 arc_mmountain_night_car0:0 arc_mmountain_snow_car12:0 arc_mountain_fog_car2:0 arc_mountain_rain_car3:0 arcade_timeup:0 attract:0 champ_finish:0 champ_race:0 champ_round1:0 champ_round1_car8:0 credits_demo:0 credits_demo2:0 ctl_typeb_mountain:0 ctl_typec_coast:0 ctl_typed_jungle:0 ctl_wheel_mdesert:0 loadsave:0 loadsave_pak:0 options:0 paint_pak:0 paint_walk:0 paint_walk2:0 paintshop:0 prac2p_mine_night:0 prac_mcoast_rain:0 practice:0 race_pause:0 rumble_jungle:0 rumble_loadsave:0 ta_desert_car10:0 ta_jungle_car11:0 ta_mmine_car9:0 ta_mmountain_car12:0 timeattack:0 toggles_filter_fbfx:0 views2p_desert:0 views_coast_manual:0,
80224D00,EQUIVALENT,6,0,0,8a47df75ecf0,2026-09-26,arcade_2p:0 attract:1 champ_race:1 loadsave:1 options:1 paintshop:0 practice:1 timeattack:1,
802250FC,EQUIVALENT,936,0,0,b8fdc1e1b646,2026-09-26,arcade_2p:0 attract:157 champ_race:155 loadsave:157 options:157 paintshop:0 practice:155 timeattack:155,
80225180,EQUIVALENT,1048,0,0,dde041cc0dad,2026-09-26,arcade_2p:0 attract:185 champ_race:191 loadsave:166 options:154 paintshop:0 practice:175 timeattack:177,
80225B64,EQUIVALENT,1463,0,0,51cbfe9f0d5c,2026-09-26,arcade_2p:0 attract:170 champ_race:600 loadsave:159 options:153 paintshop:0 practice:175 timeattack:206,
80225EE4,EQUIVALENT,1250,0,0,c12b89e3e775,2026-09-26,arcade_2p:0 attract:203 champ_race:226 loadsave:191 options:185 paintshop:0 practice:221 timeattack:224,
80225F30,EQUIVALENT,952,0,0,e17908fe3881,2026-09-26,arcade_2p:0 attract:159 champ_race:163 loadsave:154 options:151 paintshop:0 practice:162 timeattack:163,
80226488,EQUIVALENT,9482,0,0,f7fb2369c20a,2026-09-29,arc2p_coast_rain:184 arc2p_desert_snow:184 arc2p_jungle_snow:184 arc2p_mine_fog:184 arc2p_mjungle_fog:184 arc2p_mmountain_rain:184 arc2p_mountain_night:184 arc_coast_rain_car4:172 arc_coast_snow_car5:172 arc_desert_fog_car1:172 arc_desert_sunny_car0:172 arc_jungle_night_car8:172 arc_jungle_sunny_car9:171 arc_mcoast_night_car1:172 arc_mcoast_sunny_car2:172 arc_mdesert_rain_car10:172 arc_mdesert_snow_car11:172 arc_mine_night_car7:172 arc_mine_snow_car6:171 arc_mjungle_fog_car5:171 arc_mjungle_rain_car6:171 arc_mmine_fog_car4:169 arc_mmine_night_car3:169 arc_mmountain_night_car0:172 arc_mmountain_snow_car12:172 arc_mountain_fog_car2:172 arc_mountain_rain_car3:172 arcade_timeup:166 attract:159 champ_finish:315 champ_race:163 champ_round1:161 champ_round1_car8:161 credits_demo:162 credits_demo2:194 ctl_typeb_mountain:172 ctl_typec_coast:172 ctl_typed_jungle:171 ctl_wheel_mdesert:172 loadsave:154 loadsave_pak:0 options:151 paint_pak:0 paint_walk:0 paint_walk2:0 paintshop:0 prac2p_mine_night:184 prac_mcoast_rain:172 practice:162 race_pause:158 rumble_jungle:171 rumble_loadsave:0 ta_desert_car10:184 ta_jungle_car11:184 ta_mmine_car9:184 ta_mmountain_car12:184 timeattack:177 toggles_filter_fbfx:166 views2p_desert:190 views_coast_manual:175,
80226D9C,EQUIVALENT,8633,0,0,5f8e56219f25,2026-09-29,arc2p_coast_rain:0 arc2p_desert_snow:0 arc2p_jungle_snow:0 arc2p_mine_fog:0 arc2p_mjungle_fog:0 arc2p_mmountain_rain:0 arc2p_mountain_night:0 arc_coast_rain_car4:247 arc_coast_snow_car5:248 arc_desert_fog_car1:251 arc_desert_sunny_car0:251 arc_jungle_night_car8:250 arc_jungle_sunny_car9:238 arc_mcoast_night_car1:247 arc_mcoast_sunny_car2:247 arc_mdesert_rain_car10:250 arc_mdesert_snow_car11:253 arc_mine_night_car7:259 arc_mine_snow_car6:240 arc_mjungle_fog_car5:238 arc_mjungle_rain_car6:238 arc_mmine_fog_car4:223 arc_mmine_night_car3:222 arc_mmountain_night_car0:245 arc_mmountain_snow_car12:245 arc_mountain_fog_car2:245 arc_mountain_rain_car3:245 arcade_timeup:298 attract:0 champ_finish:600 champ_race:392 champ_round1:359 champ_round1_car8:359 credits_demo:0 credits_demo2:0 ctl_typeb_mountain:245 ctl_typec_coast:248 ctl_typed_jungle:238 ctl_wheel_mdesert:250 loadsave:0 loadsave_pak:0 options:0 paint_pak:0 paint_walk:0 paint_walk2:0 paintshop:0 prac2p_mine_night:0 prac_mcoast_rain:0 practice:0 race_pause:0 rumble_jungle:238 rumble_loadsave:0 ta_desert_car10:0 ta_jungle_car11:0 ta_mmine_car9:0 ta_mmountain_car12:0 timeattack:0 toggles_filter_fbfx:245 views2p_desert:0 views_coast_manual:279,
8022762C,EQUIVALENT,5495,0,0,bb9c178ab23b,2026-10-03,arc2p_coast_rain:0 arc2p_desert_snow:0 arc2p_jungle_snow:0 arc2p_mine_fog:0 arc2p_mjungle_fog:0 arc2p_mmountain_rain:0 arc2p_mountain_night:0 arc_coast_rain_car4:161 arc_coast_snow_car5:161 arc_desert_fog_car1:161 arc_desert_sunny_car0:161 arc_jungle_night_car8:161 arc_jungle_sunny_car9:160 arc_mcoast_night_car1:161 arc_mcoast_sunny_car2:161 arc_mdesert_rain_car10:161 arc_mdesert_snow_car11:161 arc_mine_night_car7:161 arc_mine_snow_car6:160 arc_mjungle_fog_car5:160 arc_mjungle_rain_car6:160 arc_mmine_fog_car4:158 arc_mmine_night_car3:158 arc_mmountain_night_car0:161 arc_mmountain_snow_car12:161 arc_mountain_fog_car2:161 arc_mountain_rain_car3:161 arcade_timeup:166 attract:0 champ_finish:468 champ_race:177 champ_round1:173 champ_round1_car8:173 credits_demo:0 credits_demo2:0 ctl_typeb_mountain:161 ctl_typec_coast:161 ctl_typed_jungle:160 ctl_wheel_mdesert:161 loadsave:0 loadsave_pak:0 options:0 paint_pak:0 paint_walk:0 paint_walk2:0 paintshop:0 prac2p_mine_night:0 prac_mcoast_rain:0 practice:0 race_pause:0 rumble_jungle:160 rumble_loadsave:0 ta_desert_car10:0 ta_jungle_car11:0 ta_mmine_car9:0 ta_mmountain_car12:0 timeattack:0 toggles_filter_fbfx:161 views2p_desert:0 views_coast_manual:164,
802288D4,EQUIVALENT,215,0,0,4da553f0423c,2026-10-03,arc2p_coast_rain:4 arc2p_desert_snow:4 arc2p_jungle_snow:4 arc2p_mine_fog:4 arc2p_mjungle_fog:4 arc2p_mmountain_rain:4 arc2p_mountain_night:4 arc_coast_rain_car4:4 arc_coast_snow_car5:4 arc_desert_fog_car1:4 arc_desert_sunny_car0:4 arc_jungle_night_car8:4 arc_jungle_sunny_car9:4 arc_mcoast_night_car1:4 arc_mcoast_sunny_car2:4 arc_mdesert_rain_car10:4 arc_mdesert_snow_car11:4 arc_mine_night_car7:4 arc_mine_snow_car6:4 arc_mjungle_fog_car5:4 arc_mjungle_rain_car6:4 arc_mmine_fog_car4:4 arc_mmine_night_car3:4 arc_mmountain_night_car0:4 arc_mmountain_snow_car12:4 arc_mountain_fog_car2:4 arc_mountain_rain_car3:4 arcade_timeup:2 attract:1 champ_finish:19 champ_race:7 champ_round1:6 champ_round1_car8:6 credits_demo:1 credits_demo2:3 ctl_typeb_mountain:4 ctl_typec_coast:4 ctl_typed_jungle:4 ctl_wheel_mdesert:4 loadsave:1 loadsave_pak:0 options:1 paint_pak:0 paint_walk:0 paint_walk2:0 paintshop:0 prac2p_mine_night:4 prac_mcoast_rain:3 practice:1 race_pause:2 rumble_jungle:4 rumble_loadsave:0 ta_desert_car10:4 ta_jungle_car11:4 ta_mmine_car9:4 ta_mmountain_car12:4 timeattack:2 toggles_filter_fbfx:4 views2p_desert:4 views_coast_manual:4,
80228A3C,EQUIVALENT,9,0,0,790cb142b07e,2026-09-26,arcade_2p:0 attract:1 champ_race:3 loadsave:1 options:1 paintshop:0 practice:1 timeattack:2,
80228E4C,EQUIVALENT,76,0,0,1ca5164c6e68,2026-10-03,arc2p_coast_rain:0 arc2p_desert_snow:0 arc2p_jungle_snow:0 arc2p_mine_fog:0 arc2p_mjungle_fog:0 arc2p_mmountain_rain:0 arc2p_mountain_night:0 arc_coast_rain_car4:0 arc_coast_snow_car5:0 arc_desert_fog_car1:0 arc_desert_sunny_car0:0 arc_jungle_night_car8:0 arc_jungle_sunny_car9:0 arc_mcoast_night_car1:0 arc_mcoast_sunny_car2:0 arc_mdesert_rain_car10:0 arc_mdesert_snow_car11:0 arc_mine_night_car7:0 arc_mine_snow_car6:0 arc_mjungle_fog_car5:0 arc_mjungle_rain_car6:0 arc_mmine_fog_car4:0 arc_mmine_night_car3:0 arc_mmountain_night_car0:0 arc_mmountain_snow_car12:0 arc_mountain_fog_car2:0 arc_mountain_rain_car3:0 arcade_timeup:0 attract:0 champ_finish:19 champ_race:19 champ_round1:19 champ_round1_car8:19 credits_demo:0 credits_demo2:0 ctl_typeb_mountain:0 ctl_typec_coast:0 ctl_typed_jungle:0 ctl_wheel_mdesert:0 loadsave:0 loadsave_pak:0 options:0 paint_pak:0 paint_walk:0 paint_walk2:0 paintshop:0 prac2p_mine_night:0 prac_mcoast_rain:0 practice:0 race_pause:0 rumble_jungle:0 rumble_loadsave:0 ta_desert_car10:0 ta_jungle_car11:0 ta_mmine_car9:0 ta_mmountain_car12:0 timeattack:0 toggles_filter_fbfx:0 views2p_desert:0 views_coast_manual:0,
802290C4,EQUIVALENT,1638,0,0,7975498d1f9e,2026-10-03,arc2p_coast_rain:0 arc2p_desert_snow:0 arc2p_jungle_snow:0 arc2p_mine_fog:0 arc2p_mjungle_fog:0 arc2p_mmountain_rain:0 arc2p_mountain_night:0 arc_coast_rain_car4:0 arc_coast_snow_car5:0 arc_desert_fog_car1:0 arc_desert_sunny_car0:0 arc_jungle_night_car8:0 arc_jungle_sunny_car9:0 arc_mcoast_night_car1:0 arc_mcoast_sunny_car2:0 arc_mdesert_rain_car10:0 arc_mdesert_snow_car11:0 arc_mine_night_car7:0 arc_mine_snow_car6:0 arc_mjungle_fog_car5:0 arc_mjungle_rain_car6:0 arc_mmine_fog_car4:0 arc_mmine_night_car3:0 arc_mmountain_night_car0:0 arc_mmountain_snow_car12:0 arc_mountain_fog_car2:0 arc_mountain_rain_car3:0 arcade_timeup:0 attract:0 champ_finish:600 champ_race:364 champ_round1:337 champ_round1_car8:337 credits_demo:0 credits_demo2:0 ctl_typeb_mountain:0 ctl_typec_coast:0 ctl_typed_jungle:0 ctl_wheel_mdesert:0 loadsave:0 loadsave_pak:0 options:0 paint_pak:0 paint_walk:0 paint_walk2:0 paintshop:0 prac2p_mine_night:0 prac_mcoast_rain:0 practice:0 race_pause:0 rumble_jungle:0 rumble_loadsave:0 ta_desert_car10:0 ta_jungle_car11:0 ta_mmine_car9:0 ta_mmountain_car12:0 timeattack:0 toggles_filter_fbfx:0 views2p_desert:0 views_coast_manual:0,
80229700,EQUIVALENT,800,0,0,1179c8e36a65,2026-09-29,arc2p_coast_rain:0 arc2p_desert_snow:0 arc2p_jungle_snow:0 arc2p_mine_fog:0 arc2p_mjungle_fog:0 arc2p_mmountain_rain:0 arc2p_mountain_night:0 arc_coast_rain_car4:0 arc_coast_snow_car5:0 arc_desert_fog_car1:0 arc_desert_sunny_car0:0 arc_jungle_night_car8:0 arc_jungle_sunny_car9:0 arc_mcoast_night_car1:0 arc_mcoast_sunny_car2:0 arc_mdesert_rain_car10:0 arc_mdesert_snow_car11:0 arc_mine_night_car7:0 arc_mine_snow_car6:0 arc_mjungle_fog_car5:0 arc_mjungle_rain_car6:0 arc_mmine_fog_car4:0 arc_mmine_night_car3:0 arc_mmountain_night_car0:0 arc_mmountain_snow_car12:0 arc_mountain_fog_car2:0 arc_mountain_rain_car3:0 arcade_timeup:0 attract:0 champ_finish:315 champ_race:163 champ_round1:161 champ_round1_car8:161 credits_demo:0 credits_demo2:0 ctl_typeb_mountain:0 ctl_typec_coast:0 ctl_typed_jungle:0 ctl_wheel_mdesert:0 loadsave:0 loadsave_pak:0 options:0 paint_pak:0 paint_walk:0 paint_walk2:0 paintshop:0 prac2p_mine_night:0 prac_mcoast_rain:0 practice:0 race_pause:0 rumble_jungle:0 rumble_loadsave:0 ta_desert_car10:0 ta_jungle_car11:0 ta_mmine_car9:0 ta_mmountain_car12:0 timeattack:0 toggles_filter_fbfx:0 views2p_desert:0 views_coast_manual:0,
8022A0E0,EQUIVALENT,10772,0,0,609229470642,2026-10-03,arc2p_coast_rain:184 arc2p_desert_snow:184 arc2p_jungle_snow:184 arc2p_mine_fog:184 arc2p_mjungle_fog:184 arc2p_mmountain_rain:184 arc2p_mountain_night:184 arc_coast_rain_car4:184 arc_coast_snow_car5:184 arc_desert_fog_car1:184 arc_desert_sunny_car0:184 arc_jungle_night_car8:184 arc_jungle_sunny_car9:182 arc_mcoast_night_car1:184 arc_mcoast_sunny_car2:184 arc_mdesert_rain_car10:184 arc_mdesert_snow_car11:184 arc_mine_night_car7:184 arc_mine_snow_car6:182 arc_mjungle_fog_car5:182 arc_mjungle_rain_car6:182 arc_mmine_fog_car4:179 arc_mmine_night_car3:179 arc_mmountain_night_car0:184 arc_mmountain_snow_car12:184 arc_mountain_fog_car2:184 arc_mountain_rain_car3:184 arcade_timeup:184 attract:159 champ_finish:600 champ_race:406 champ_round1:374 champ_round1_car8:374 credits_demo:162 credits_demo2:194 ctl_typeb_mountain:184 ctl_typec_coast:184 ctl_typed_jungle:182 ctl_wheel_mdesert:184 loadsave:154 loadsave_pak:0 options:151 paint_pak:0 paint_walk:0 paint_walk2:0 paintshop:0 prac2p_mine_night:184 prac_mcoast_rain:172 practice:162 race_pause:158 rumble_jungle:182 rumble_loadsave:0 ta_desert_car10:184 ta_jungle_car11:184 ta_mmine_car9:184 ta_mmountain_car12:184 timeattack:177 toggles_filter_fbfx:179 views2p_desert:190 views_coast_manual:190,
8022B370,EQUIVALENT,24,0,0,c56caff4a0a5,2026-09-26,arcade_2p:0 attract:4 champ_race:4 loadsave:4 options:4 paintshop:0 practice:4 timeattack:4,
8022B534,EQUIVALENT,9109,0,0,cc35243e9c6f,2026-10-03,arc2p_coast_rain:167 arc2p_desert_snow:167 arc2p_jungle_snow:167 arc2p_mine_fog:167 arc2p_mjungle_fog:167 arc2p_mmountain_rain:167 arc2p_mountain_night:167 arc_coast_rain_car4:167 arc_coast_snow_car5:167 arc_desert_fog_car1:167 arc_desert_sunny_car0:167 arc_jungle_night_car8:167 arc_jungle_sunny_car9:166 arc_mcoast_night_car1:167 arc_mcoast_sunny_car2:167 arc_mdesert_rain_car10:167 arc_mdesert_snow_car11:167 arc_mine_night_car7:167 arc_mine_snow_car6:166 arc_mjungle_fog_car5:166 arc_mjungle_rain_car6:166 arc_mmine_fog_car4:164 arc_mmine_night_car3:164 arc_mmountain_night_car0:167 arc_mmountain_snow_car12:167 arc_mountain_fog_car2:167 arc_mountain_rain_car3:167 arcade_timeup:166 attract:159 champ_finish:315 champ_race:163 champ_round1:161 champ_round1_car8:161 credits_demo:162 credits_demo2:194 ctl_typeb_mountain:167 ctl_typec_coast:167 ctl_typed_jungle:166 ctl_wheel_mdesert:167 loadsave:154 loadsave_pak:0 options:151 paint_pak:0 paint_walk:0 paint_walk2:0 paintshop:0 prac2p_mine_night:167 prac_mcoast_rain:167 practice:162 race_pause:160 rumble_jungle:166 rumble_loadsave:0 ta_desert_car10:167 ta_jungle_car11:167 ta_mmine_car9:167 ta_mmountain_car12:167 timeattack:163 toggles_filter_fbfx:164 views2p_desert:170 views_coast_manual:170,
8022BAA0,EQUIVALENT,99,0,0,a001bc7dd73b,2026-10-03,arc2p_coast_rain:2 arc2p_desert_snow:2 arc2p_jungle_snow:2 arc2p_mine_fog:2 arc2p_mjungle_fog:2 arc2p_mmountain_rain:2 arc2p_mountain_night:2 arc_coast_rain_car4:2 arc_coast_snow_car5:2 arc_desert_fog_car1:2 arc_desert_sunny_car0:2 arc_jungle_night_car8:2 arc_jungle_sunny_car9:2 arc_mcoast_night_car1:2 arc_mcoast_sunny_car2:2 arc_mdesert_rain_car10:2 arc_mdesert_snow_car11:2 arc_mine_night_car7:2 arc_mine_snow_car6:2 arc_mjungle_fog_car5:2 arc_mjungle_rain_car6:2 arc_mmine_fog_car4:2 arc_mmine_night_car3:2 arc_mmountain_night_car0:2 arc_mmountain_snow_car12:2 arc_mountain_fog_car2:2 arc_mountain_rain_car3:2 arcade_timeup:1 attract:1 champ_finish:3 champ_race:1 champ_round1:1 champ_round1_car8:1 credits_demo:1 credits_demo2:2 ctl_typeb_mountain:2 ctl_typec_coast:2 ctl_typed_jungle:2 ctl_wheel_mdesert:2 loadsave:1 loadsave_pak:0 options:1 paint_pak:0 paint_walk:0 paint_walk2:0 paintshop:0 prac2p_mine_night:2 prac_mcoast_rain:2 practice:1 race_pause:2 rumble_jungle:2 rumble_loadsave:0 ta_desert_car10:2 ta_jungle_car11:2 ta_mmine_car9:2 ta_mmountain_car12:2 timeattack:1 toggles_filter_fbfx:2 views2p_desert:2 views_coast_manual:2,
8022BCB4,EQUIVALENT,10227,0,0,876e6820b674,2026-10-03,arc2p_coast_rain:185 arc2p_desert_snow:185 arc2p_jungle_snow:185 arc2p_mine_fog:185 arc2p_mjungle_fog:185 arc2p_mmountain_rain:185 arc2p_mountain_night:185 arc_coast_rain_car4:185 arc_coast_snow_car5:185 arc_desert_fog_car1:185 arc_desert_sunny_car0:185 arc_jungle_night_car8:185 arc_jungle_sunny_car9:183 arc_mcoast_night_car1:185 arc_mcoast_sunny_car2:185 arc_mdesert_rain_car10:185 arc_mdesert_snow_car11:185 arc_mine_night_car7:185 arc_mine_snow_car6:183 arc_mjungle_fog_car5:183 arc_mjungle_rain_car6:183 arc_mmine_fog_car4:180 arc_mmine_night_car3:180 arc_mmountain_night_car0:185 arc_mmountain_snow_car12:185 arc_mountain_fog_car2:185 arc_mountain_rain_car3:185 arcade_timeup:184 attract:159 champ_finish:600 champ_race:191 champ_round1:186 champ_round1_car8:186 credits_demo:162 credits_demo2:195 ctl_typeb_mountain:185 ctl_typec_coast:185 ctl_typed_jungle:183 ctl_wheel_mdesert:185 loadsave:154 loadsave_pak:0 options:151 paint_pak:0 paint_walk:0 paint_walk2:0 paintshop:0 prac2p_mine_night:185 prac_mcoast_rain:173 practice:162 race_pause:160 rumble_jungle:183 rumble_loadsave:0 ta_desert_car10:185 ta_jungle_car11:185 ta_mmine_car9:185 ta_mmountain_car12:185 timeattack:177 toggles_filter_fbfx:180 views2p_desert:192 views_coast_manual:192,
8022C9FC,EQUIVALENT,10890,0,0,4ef9f59fb8e4,2026-09-29,arc2p_coast_rain:185 arc2p_desert_snow:185 arc2p_jungle_snow:185 arc2p_mine_fog:185 arc2p_mjungle_fog:185 arc2p_mmountain_rain:185 arc2p_mountain_night:185 arc_coast_rain_car4:185 arc_coast_snow_car5:185 arc_desert_fog_car1:185 arc_desert_sunny_car0:185 arc_jungle_night_car8:185 arc_jungle_sunny_car9:183 arc_mcoast_night_car1:185 arc_mcoast_sunny_car2:185 arc_mdesert_rain_car10:185 arc_mdesert_snow_car11:185 arc_mine_night_car7:185 arc_mine_snow_car6:183 arc_mjungle_fog_car5:183 arc_mjungle_rain_car6:183 arc_mmine_fog_car4:180 arc_mmine_night_car3:180 arc_mmountain_night_car0:185 arc_mmountain_snow_car12:185 arc_mountain_fog_car2:185 arc_mountain_rain_car3:185 arcade_timeup:184 attract:159 champ_finish:600 champ_race:430 champ_round1:398 champ_round1_car8:398 credits_demo:162 credits_demo2:195 ctl_typeb_mountain:185 ctl_typec_coast:185 ctl_typed_jungle:183 ctl_wheel_mdesert:185 loadsave:154 loadsave_pak:0 options:151 paint_pak:0 paint_walk:0 paint_walk2:0 paintshop:0 prac2p_mine_night:185 prac_mcoast_rain:173 practice:162 race_pause:160 rumble_jungle:183 rumble_loadsave:0 ta_desert_car10:185 ta_jungle_car11:185 ta_mmine_car9:185 ta_mmountain_car12:185 timeattack:177 toggles_filter_fbfx:180 views2p_desert:192 views_coast_manual:192,
8022D43C,EQUIVALENT,1800,0,0,136a73e99d77,2026-09-26,arcade_2p:0 attract:0 champ_race:600 loadsave:0 options:0 paintshop:0 practice:600 timeattack:600,
8022D7E0,EQUIVALENT,4387,0,0,cb5506f65946,2026-09-26,arcade_2p:445 attract:600 champ_race:600 loadsave:600 options:512 paintshop:430 practice:600 timeattack:600,
8022D97C,UNCOVERED,0,0,0,d65e5bfc27ec,2026-10-03,arc2p_coast_rain:0 arc2p_desert_snow:0 arc2p_jungle_snow:0 arc2p_mine_fog:0 arc2p_mjungle_fog:0 arc2p_mmountain_rain:0 arc2p_mountain_night:0 arc_coast_rain_car4:0 arc_coast_snow_car5:0 arc_desert_fog_car1:0 arc_desert_sunny_car0:0 arc_jungle_night_car8:0 arc_jungle_sunny_car9:0 arc_mcoast_night_car1:0 arc_mcoast_sunny_car2:0 arc_mdesert_rain_car10:0 arc_mdesert_snow_car11:0 arc_mine_night_car7:0 arc_mine_snow_car6:0 arc_mjungle_fog_car5:0 arc_mjungle_rain_car6:0 arc_mmine_fog_car4:0 arc_mmine_night_car3:0 arc_mmountain_night_car0:0 arc_mmountain_snow_car12:0 arc_mountain_fog_car2:0 arc_mountain_rain_car3:0 arcade_timeup:0 attract:0 champ_finish:0 champ_race:0 champ_round1:0 champ_round1_car8:0 credits_demo:0 credits_demo2:0 ctl_typeb_mountain:0 ctl_typec_coast:0 ctl_typed_jungle:0 ctl_wheel_mdesert:0 loadsave:0 loadsave_pak:0 options:0 paint_pak:0 paint_walk:0 paint_walk2:0 paintshop:0 prac2p_mine_night:0 prac_mcoast_rain:0 practice:0 race_pause:0 rumble_jungle:0 rumble_loadsave:0 ta_desert_car10:0 ta_jungle_car11:0 ta_mmine_car9:0 ta_mmountain_car12:0 timeattack:0 toggles_filter_fbfx:0 views2p_desert:0 views_coast_manual:0,
8022E4E0,EQUIVALENT,20811,0,0,bc87f1abce38,2026-09-29,arc2p_coast_rain:416 arc2p_desert_snow:418 arc2p_jungle_snow:405 arc2p_mine_fog:413 arc2p_mjungle_fog:419 arc2p_mmountain_rain:418 arc2p_mountain_night:402 arc_coast_rain_car4:357 arc_coast_snow_car5:360 arc_desert_fog_car1:352 arc_desert_sunny_car0:371 arc_jungle_night_car8:364 arc_jungle_sunny_car9:365 arc_mcoast_night_car1:355 arc_mcoast_sunny_car2:357 arc_mdesert_rain_car10:368 arc_mdesert_snow_car11:369 arc_mine_night_car7:361 arc_mine_snow_car6:357 arc_mjungle_fog_car5:363 arc_mjungle_rain_car6:356 arc_mmine_fog_car4:365 arc_mmine_night_car3:365 arc_mmountain_night_car0:369 arc_mmountain_snow_car12:371 arc_mountain_fog_car2:354 arc_mountain_rain_car3:353 arcade_timeup:427 attract:165 champ_finish:600 champ_race:295 champ_round1:282 champ_round1_car8:287 credits_demo:285 credits_demo2:533 ctl_typeb_mountain:367 ctl_typec_coast:370 ctl_typed_jungle:372 ctl_wheel_mdesert:374 loadsave:190 loadsave_pak:294 options:193 paint_pak:179 paint_walk:305 paint_walk2:374 paintshop:175 prac2p_mine_night:323 prac_mcoast_rain:325 practice:246 race_pause:268 rumble_jungle:363 rumble_loadsave:225 ta_desert_car10:360 ta_jungle_car11:367 ta_mmine_car9:364 ta_mmountain_car12:368 timeattack:292 toggles_filter_fbfx:328 views2p_desert:437 views_coast_manual:355,
8022F5DC,EQUIVALENT,1799,0,0,2f392c9f83ca,2026-09-26,arcade_2p:243 attract:165 champ_race:295 loadsave:190 options:193 paintshop:175 practice:246 timeattack:292,
8022F694,UNCOVERED,0,0,0,2fadbc95ef82,2026-10-03,arc2p_coast_rain:0 arc2p_desert_snow:0 arc2p_jungle_snow:0 arc2p_mine_fog:0 arc2p_mjungle_fog:0 arc2p_mmountain_rain:0 arc2p_mountain_night:0 arc_coast_rain_car4:0 arc_coast_snow_car5:0 arc_desert_fog_car1:0 arc_desert_sunny_car0:0 arc_jungle_night_car8:0 arc_jungle_sunny_car9:0 arc_mcoast_night_car1:0 arc_mcoast_sunny_car2:0 arc_mdesert_rain_car10:0 arc_mdesert_snow_car11:0 arc_mine_night_car7:0 arc_mine_snow_car6:0 arc_mjungle_fog_car5:0 arc_mjungle_rain_car6:0 arc_mmine_fog_car4:0 arc_mmine_night_car3:0 arc_mmountain_night_car0:0 arc_mmountain_snow_car12:0 arc_mountain_fog_car2:0 arc_mountain_rain_car3:0 arcade_timeup:0 attract:0 champ_finish:0 champ_race:0 champ_round1:0 champ_round1_car8:0 credits_demo:0 credits_demo2:0 ctl_typeb_mountain:0 ctl_typec_coast:0 ctl_typed_jungle:0 ctl_wheel_mdesert:0 loadsave:0 loadsave_pak:0 options:0 paint_pak:0 paint_walk:0 paint_walk2:0 paintshop:0 prac2p_mine_night:0 prac_mcoast_rain:0 practice:0 race_pause:0 rumble_jungle:0 rumble_loadsave:0 ta_desert_car10:0 ta_jungle_car11:0 ta_mmine_car9:0 ta_mmountain_car12:0 timeattack:0 toggles_filter_fbfx:0 views2p_desert:0 views_coast_manual:0,
8022F720,EQUIVALENT,17250,0,0,dcf89771a280,2026-09-29,arc2p_coast_rain:330 arc2p_desert_snow:330 arc2p_jungle_snow:320 arc2p_mine_fog:327 arc2p_mjungle_fog:330 arc2p_mmountain_rain:331 arc2p_mountain_night:318 arc_coast_rain_car4:288 arc_coast_snow_car5:290 arc_desert_fog_car1:284 arc_desert_sunny_car0:298 arc_jungle_night_car8:293 arc_jungle_sunny_car9:292 arc_mcoast_night_car1:286 arc_mcoast_sunny_car2:287 arc_mdesert_rain_car10:296 arc_mdesert_snow_car11:297 arc_mine_night_car7:291 arc_mine_snow_car6:287 arc_mjungle_fog_car5:291 arc_mjungle_rain_car6:286 arc_mmine_fog_car4:288 arc_mmine_night_car3:288 arc_mmountain_night_car0:297 arc_mmountain_snow_car12:298 arc_mountain_fog_car2:286 arc_mountain_rain_car3:285 arcade_timeup:317 attract:164 champ_finish:600 champ_race:246 champ_round1:239 champ_round1_car8:242 credits_demo:235 credits_demo2:522 ctl_typeb_mountain:292 ctl_typec_coast:294 ctl_typed_jungle:294 ctl_wheel_mdesert:296 loadsave:181 loadsave_pak:254 options:180 paint_pak:171 paint_walk:274 paint_walk2:340 paintshop:171 prac2p_mine_night:290 prac_mcoast_rain:279 practice:226 race_pause:243 rumble_jungle:290 rumble_loadsave:197 ta_desert_car10:292 ta_jungle_car11:295 ta_mmine_car9:294 ta_mmountain_car12:296 timeattack:245 toggles_filter_fbfx:268 views2p_desert:342 views_coast_manual:287,
8022F900,EQUIVALENT,952,0,0,ebf16d449867,2026-09-26,arcade_2p:0 attract:159 champ_race:163 loadsave:154 options:151 paintshop:0 practice:162 timeattack:163,
8022F968,EQUIVALENT,9226,0,0,17096c3b4444,2026-10-03,arc2p_coast_rain:179 arc2p_desert_snow:179 arc2p_jungle_snow:179 arc2p_mine_fog:179 arc2p_mjungle_fog:179 arc2p_mmountain_rain:179 arc2p_mountain_night:179 arc_coast_rain_car4:167 arc_coast_snow_car5:167 arc_desert_fog_car1:167 arc_desert_sunny_car0:167 arc_jungle_night_car8:167 arc_jungle_sunny_car9:166 arc_mcoast_night_car1:167 arc_mcoast_sunny_car2:167 arc_mdesert_rain_car10:167 arc_mdesert_snow_car11:167 arc_mine_night_car7:167 arc_mine_snow_car6:166 arc_mjungle_fog_car5:166 arc_mjungle_rain_car6:166 arc_mmine_fog_car4:164 arc_mmine_night_car3:164 arc_mmountain_night_car0:167 arc_mmountain_snow_car12:167 arc_mountain_fog_car2:167 arc_mountain_rain_car3:167 arcade_timeup:166 attract:159 champ_finish:315 champ_race:163 champ_round1:161 champ_round1_car8:161 credits_demo:162 credits_demo2:194 ctl_typeb_mountain:167 ctl_typec_coast:167 ctl_typed_jungle:166 ctl_wheel_mdesert:167 loadsave:154 loadsave_pak:0 options:151 paint_pak:0 paint_walk:0 paint_walk2:0 paintshop:0 prac2p_mine_night:179 prac_mcoast_rain:167 practice:162 race_pause:160 rumble_jungle:166 rumble_loadsave:0 ta_desert_car10:167 ta_jungle_car11:167 ta_mmine_car9:167 ta_mmountain_car12:167 timeattack:163 toggles_filter_fbfx:164 views2p_desert:186 views_coast_manual:175,
8022FFB4,EQUIVALENT,9971,0,0,65094fec6d4e,2026-10-03,arc2p_coast_rain:176 arc2p_desert_snow:181 arc2p_jungle_snow:175 arc2p_mine_fog:175 arc2p_mjungle_fog:185 arc2p_mmountain_rain:177 arc2p_mountain_night:179 arc_coast_rain_car4:166 arc_coast_snow_car5:163 arc_desert_fog_car1:165 arc_desert_sunny_car0:168 arc_jungle_night_car8:169 arc_jungle_sunny_car9:174 arc_mcoast_night_car1:169 arc_mcoast_sunny_car2:167 arc_mdesert_rain_car10:170 arc_mdesert_snow_car11:165 arc_mine_night_car7:166 arc_mine_snow_car6:165 arc_mjungle_fog_car5:172 arc_mjungle_rain_car6:169 arc_mmine_fog_car4:167 arc_mmine_night_car3:167 arc_mmountain_night_car0:173 arc_mmountain_snow_car12:165 arc_mountain_fog_car2:166 arc_mountain_rain_car3:166 arcade_timeup:162 attract:157 champ_finish:269 champ_race:159 champ_round1:165 champ_round1_car8:166 credits_demo:160 credits_demo2:187 ctl_typeb_mountain:166 ctl_typec_coast:163 ctl_typed_jungle:168 ctl_wheel_mdesert:171 loadsave:152 loadsave_pak:153 options:55 paint_pak:164 paint_walk:247 paint_walk2:299 paintshop:164 prac2p_mine_night:170 prac_mcoast_rain:161 practice:28 race_pause:28 rumble_jungle:172 rumble_loadsave:152 ta_desert_car10:164 ta_jungle_car11:165 ta_mmine_car9:164 ta_mmountain_car12:165 timeattack:150 toggles_filter_fbfx:166 views2p_desert:186 views_coast_manual:173,
80230554,EQUIVALENT,12180,0,0,626ef25037ae,2026-10-03,arc2p_coast_rain:218 arc2p_desert_snow:219 arc2p_jungle_snow:214 arc2p_mine_fog:218 arc2p_mjungle_fog:219 arc2p_mmountain_rain:218 arc2p_mountain_night:214 arc_coast_rain_car4:188 arc_coast_snow_car5:188 arc_desert_fog_car1:187 arc_desert_sunny_car0:191 arc_jungle_night_car8:189 arc_jungle_sunny_car9:188 arc_mcoast_night_car1:187 arc_mcoast_sunny_car2:187 arc_mdesert_rain_car10:190 arc_mdesert_snow_car11:190 arc_mine_night_car7:189 arc_mine_snow_car6:186 arc_mjungle_fog_car5:187 arc_mjungle_rain_car6:186 arc_mmine_fog_car4:185 arc_mmine_night_car3:185 arc_mmountain_night_car0:191 arc_mmountain_snow_car12:190 arc_mountain_fog_car2:187 arc_mountain_rain_car3:187 arcade_timeup:193 attract:159 champ_finish:600 champ_race:192 champ_round1:187 champ_round1_car8:187 credits_demo:162 credits_demo2:196 ctl_typeb_mountain:187 ctl_typec_coast:187 ctl_typed_jungle:186 ctl_wheel_mdesert:188 loadsave:154 loadsave_pak:153 options:151 paint_pak:164 paint_popups:160 paint_shapes:188 paint_walk:247 paint_walk2:299 paintshop:164 pak_manager:0 prac2p_mine_night:213 prac_mcoast_rain:176 practice:162 race_pause:161 rumble_jungle:187 rumble_loadsave:152 ta_desert_car10:190 ta_jungle_car11:190 ta_mmine_car9:189 ta_mmountain_car12:190 timeattack:178 toggles_filter_fbfx:181 views2p_desert:226 views_coast_manual:203,
80233880,EQUIVALENT,236,0,0,95d9bcc738af,2026-10-03,arc2p_coast_rain:3 arc2p_desert_snow:16 arc2p_jungle_snow:0 arc2p_mine_fog:11 arc2p_mjungle_fog:4 arc2p_mmountain_rain:1 arc2p_mountain_night:2 arc_coast_rain_car4:3 arc_coast_snow_car5:3 arc_desert_fog_car1:4 arc_desert_sunny_car0:4 arc_jungle_night_car8:0 arc_jungle_sunny_car9:0 arc_mcoast_night_car1:3 arc_mcoast_sunny_car2:2 arc_mdesert_rain_car10:5 arc_mdesert_snow_car11:6 arc_mine_night_car7:8 arc_mine_snow_car6:3 arc_mjungle_fog_car5:0 arc_mjungle_rain_car6:2 arc_mmine_fog_car4:10 arc_mmine_night_car3:4 arc_mmountain_night_car0:3 arc_mmountain_snow_car12:0 arc_mountain_fog_car2:2 arc_mountain_rain_car3:3 arcade_timeup:0 attract:0 champ_finish:36 champ_race:8 champ_round1:3 champ_round1_car8:0 credits_demo:0 credits_demo2:4 ctl_typeb_mountain:6 ctl_typec_coast:3 ctl_typed_jungle:2 ctl_wheel_mdesert:0 loadsave:0 loadsave_pak:0 options:0 paint_pak:0 paint_popups:0 paint_shapes:0 paint_walk:0 paint_walk2:0 paintshop:0 pak_manager:0 prac2p_mine_night:15 prac_mcoast_rain:1 practice:8 race_pause:5 rumble_jungle:0 rumble_loadsave:0 ta_desert_car10:1 ta_jungle_car11:0 ta_mmine_car9:9 ta_mmountain_car12:5 timeattack:4 toggles_filter_fbfx:2 views2p_desert:20 views_coast_manual:2,
80233E10,EQUIVALENT,10467,0,0,0921797a78b0,2026-10-03,arc2p_coast_rain:210 arc2p_desert_snow:210 arc2p_jungle_snow:210 arc2p_mine_fog:210 arc2p_mjungle_fog:210 arc2p_mmountain_rain:210 arc2p_mountain_night:210 arc_coast_rain_car4:185 arc_coast_snow_car5:185 arc_desert_fog_car1:185 arc_desert_sunny_car0:185 arc_jungle_night_car8:185 arc_jungle_sunny_car9:183 arc_mcoast_night_car1:185 arc_mcoast_sunny_car2:185 arc_mdesert_rain_car10:185 arc_mdesert_snow_car11:185 arc_mine_night_car7:185 arc_mine_snow_car6:183 arc_mjungle_fog_car5:183 arc_mjungle_rain_car6:183 arc_mmine_fog_car4:180 arc_mmine_night_car3:180 arc_mmountain_night_car0:185 arc_mmountain_snow_car12:185 arc_mountain_fog_car2:185 arc_mountain_rain_car3:185 arcade_timeup:184 attract:159 champ_finish:600 champ_race:191 champ_round1:186 champ_round1_car8:186 credits_demo:162 credits_demo2:195 ctl_typeb_mountain:185 ctl_typec_coast:185 ctl_typed_jungle:183 ctl_wheel_mdesert:185 loadsave:154 loadsave_pak:0 options:151 paint_pak:0 paint_popups:0 paint_walk:0 paint_walk2:0 paintshop:0 prac2p_mine_night:210 prac_mcoast_rain:173 practice:162 race_pause:160 rumble_jungle:183 rumble_loadsave:0 ta_desert_car10:185 ta_jungle_car11:185 ta_mmine_car9:185 ta_mmountain_car12:185 timeattack:177 toggles_filter_fbfx:180 views2p_desert:223 views_coast_manual:201,
80233FDC,EQUIVALENT,952,0,0,55d32710c40c,2026-09-26,arcade_2p:0 attract:159 champ_race:163 loadsave:154 options:151 paintshop:0 practice:162 timeattack:163,
80234050,EQUIVALENT,31013,0,0,cf6b0b875b8d,2026-10-03,arc2p_coast_rain:600 arc2p_desert_snow:600 arc2p_jungle_snow:600 arc2p_mine_fog:600 arc2p_mjungle_fog:600 arc2p_mmountain_rain:600 arc2p_mountain_night:600 arc_coast_rain_car4:600 arc_coast_snow_car5:600 arc_desert_fog_car1:590 arc_desert_sunny_car0:599 arc_jungle_night_car8:600 arc_jungle_sunny_car9:600 arc_mcoast_night_car1:600 arc_mcoast_sunny_car2:600 arc_mdesert_rain_car10:578 arc_mdesert_snow_car11:600 arc_mine_night_car7:600 arc_mine_snow_car6:600 arc_mjungle_fog_car5:600 arc_mjungle_rain_car6:600 arc_mmine_fog_car4:600 arc_mmine_night_car3:600 arc_mmountain_night_car0:600 arc_mmountain_snow_car12:600 arc_mountain_fog_car2:600 arc_mountain_rain_car3:600 arcade_timeup:600 attract:320 champ_finish:600 champ_race:593 champ_round1:527 champ_round1_car8:541 credits_demo:534 credits_demo2:600 ctl_typeb_mountain:600 ctl_typec_coast:600 ctl_typed_jungle:600 ctl_wheel_mdesert:600 loadsave:235 loadsave_pak:0 options:196 paint_pak:0 paint_walk:0 paint_walk2:0 paintshop:0 prac2p_mine_night:600 prac_mcoast_rain:600 practice:600 race_pause:600 rumble_jungle:600 rumble_loadsave:0 ta_desert_car10:600 ta_jungle_car11:600 ta_mmine_car9:600 ta_mmountain_car12:600 timeattack:600 toggles_filter_fbfx:500 views2p_desert:600 views_coast_manual:600,
80234FF8,EQUIVALENT,9226,0,0,f616c040b20c,2026-10-03,arc2p_coast_rain:179 arc2p_desert_snow:179 arc2p_jungle_snow:179 arc2p_mine_fog:179 arc2p_mjungle_fog:179 arc2p_mmountain_rain:179 arc2p_mountain_night:179 arc_coast_rain_car4:167 arc_coast_snow_car5:167 arc_desert_fog_car1:167 arc_desert_sunny_car0:167 arc_jungle_night_car8:167 arc_jungle_sunny_car9:166 arc_mcoast_night_car1:167 arc_mcoast_sunny_car2:167 arc_mdesert_rain_car10:167 arc_mdesert_snow_car11:167 arc_mine_night_car7:167 arc_mine_snow_car6:166 arc_mjungle_fog_car5:166 arc_mjungle_rain_car6:166 arc_mmine_fog_car4:164 arc_mmine_night_car3:164 arc_mmountain_night_car0:167 arc_mmountain_snow_car12:167 arc_mountain_fog_car2:167 arc_mountain_rain_car3:167 arcade_timeup:166 attract:159 champ_finish:315 champ_race:163 champ_round1:161 champ_round1_car8:161 credits_demo:162 credits_demo2:194 ctl_typeb_mountain:167 ctl_typec_coast:167 ctl_typed_jungle:166 ctl_wheel_mdesert:167 loadsave:154 loadsave_pak:0 options:151 paint_pak:0 paint_walk:0 paint_walk2:0 paintshop:0 prac2p_mine_night:179 prac_mcoast_rain:167 practice:162 race_pause:160 rumble_jungle:166 rumble_loadsave:0 ta_desert_car10:167 ta_jungle_car11:167 ta_mmine_car9:167 ta_mmountain_car12:167 timeattack:163 toggles_filter_fbfx:164 views2p_desert:186 views_coast_manual:175,
80235BAC,EQUIVALENT,16961,0,0,462708a1df6a,2026-09-28,arcade_2p:0 arcade_timeup:3005 attract:2044 champ_race:2730 loadsave:1030 loadsave_pak:0 options:470 paintshop:0 practice:2570 race_pause:2322 timeattack:2790,
80237980,EQUIVALENT,8499,0,0,e2a604d7a5d2,2026-10-03,arc2p_coast_rain:179 arc2p_desert_snow:179 arc2p_jungle_snow:179 arc2p_mine_fog:179 arc2p_mjungle_fog:179 arc2p_mmountain_rain:179 arc2p_mountain_night:179 arc_coast_rain_car4:167 arc_coast_snow_car5:167 arc_desert_fog_car1:167 arc_desert_sunny_car0:167 arc_jungle_night_car8:167 arc_jungle_sunny_car9:166 arc_mcoast_night_car1:167 arc_mcoast_sunny_car2:167 arc_mdesert_rain_car10:167 arc_mdesert_snow_car11:167 arc_mine_night_car7:167 arc_mine_snow_car6:166 arc_mjungle_fog_car5:166 arc_mjungle_rain_car6:166 arc_mmine_fog_car4:164 arc_mmine_night_car3:164 arc_mmountain_night_car0:167 arc_mmountain_snow_car12:167 arc_mountain_fog_car2:167 arc_mountain_rain_car3:167 arcade_timeup:166 attract:0 champ_finish:296 champ_race:163 champ_round1:161 champ_round1_car8:161 credits_demo:0 credits_demo2:122 ctl_typeb_mountain:167 ctl_typec_coast:167 ctl_typed_jungle:166 ctl_wheel_mdesert:167 loadsave:0 loadsave_pak:0 options:0 paint_pak:0 paint_popups:0 paint_shapes:0 paint_walk:0 paint_walk2:0 paintshop:0 pak_manager:0 prac2p_mine_night:179 prac_mcoast_rain:167 practice:162 race_pause:160 rumble_jungle:166 rumble_loadsave:0 ta_desert_car10:167 ta_jungle_car11:167 ta_mmine_car9:167 ta_mmountain_car12:167 timeattack:163 toggles_filter_fbfx:164 views2p_desert:186 views_coast_manual:165,
80238714,EQUIVALENT,529,0,0,5fbfd3a42e01,2026-09-26,arcade_2p:0 attract:0 champ_race:177 loadsave:0 options:0 paintshop:0 practice:175 timeattack:177,
8023880C,EQUIVALENT,488,0,0,f46ff6bccde8,2026-09-26,arcade_2p:0 attract:0 champ_race:163 loadsave:0 options:0 paintshop:0 practice:162 timeattack:163,
80238AB8,EQUIVALENT,488,0,0,61869cb4d759,2026-09-26,arcade_2p:0 attract:0 champ_race:163 loadsave:0 options:0 paintshop:0 practice:162 timeattack:163,
80238DD4,EQUIVALENT,488,0,0,85cd3451a6c7,2026-09-26,arcade_2p:0 attract:0 champ_race:163 loadsave:0 options:0 paintshop:0 practice:162 timeattack:163,
8023A1C8,EQUIVALENT,9068,0,0,04e45b377067,2026-10-03,arc2p_coast_rain:166 arc2p_desert_snow:166 arc2p_jungle_snow:166 arc2p_mine_fog:166 arc2p_mjungle_fog:166 arc2p_mmountain_rain:166 arc2p_mountain_night:166 arc_coast_rain_car4:166 arc_coast_snow_car5:166 arc_desert_fog_car1:166 arc_desert_sunny_car0:166 arc_jungle_night_car8:166 arc_jungle_sunny_car9:165 arc_mcoast_night_car1:166 arc_mcoast_sunny_car2:166 arc_mdesert_rain_car10:166 arc_mdesert_snow_car11:166 arc_mine_night_car7:166 arc_mine_snow_car6:165 arc_mjungle_fog_car5:165 arc_mjungle_rain_car6:165 arc_mmine_fog_car4:164 arc_mmine_night_car3:164 arc_mmountain_night_car0:166 arc_mmountain_snow_car12:166 arc_mountain_fog_car2:166 arc_mountain_rain_car3:166 arcade_timeup:166 attract:159 champ_finish:315 champ_race:163 champ_round1:161 champ_round1_car8:161 credits_demo:162 credits_demo2:193 ctl_typeb_mountain:166 ctl_typec_coast:166 ctl_typed_jungle:165 ctl_wheel_mdesert:166 loadsave:154 loadsave_pak:0 options:151 paint_pak:0 paint_popups:0 paint_shapes:0 paint_walk:0 paint_walk2:0 paintshop:0 pak_manager:0 prac2p_mine_night:166 prac_mcoast_rain:166 practice:162 race_pause:158 rumble_jungle:165 rumble_loadsave:0 ta_desert_car10:166 ta_jungle_car11:166 ta_mmine_car9:166 ta_mmountain_car12:166 timeattack:163 toggles_filter_fbfx:164 views2p_desert:169 views_coast_manual:169,
8023A784,EQUIVALENT,9221,0,0,e29abd7d96a2,2026-10-03,arc2p_coast_rain:179 arc2p_desert_snow:179 arc2p_jungle_snow:179 arc2p_mine_fog:179 arc2p_mjungle_fog:179 arc2p_mmountain_rain:179 arc2p_mountain_night:179 arc_coast_rain_car4:167 arc_coast_snow_car5:167 arc_desert_fog_car1:167 arc_desert_sunny_car0:167 arc_jungle_night_car8:167 arc_jungle_sunny_car9:166 arc_mcoast_night_car1:167 arc_mcoast_sunny_car2:167 arc_mdesert_rain_car10:167 arc_mdesert_snow_car11:167 arc_mine_night_car7:167 arc_mine_snow_car6:166 arc_mjungle_fog_car5:166 arc_mjungle_rain_car6:166 arc_mmine_fog_car4:164 arc_mmine_night_car3:164 arc_mmountain_night_car0:167 arc_mmountain_snow_car12:167 arc_mountain_fog_car2:167 arc_mountain_rain_car3:167 arcade_timeup:166 attract:159 champ_finish:315 champ_race:163 champ_round1:161 champ_round1_car8:161 credits_demo:162 credits_demo2:194 ctl_typeb_mountain:167 ctl_typec_coast:167 ctl_typed_jungle:166 ctl_wheel_mdesert:167 loadsave:154 loadsave_pak:0 options:151 paint_pak:0 paint_walk:0 paint_walk2:0 paintshop:0 prac2p_mine_night:179 prac_mcoast_rain:167 practice:162 race_pause:160 rumble_jungle:166 rumble_loadsave:0 ta_desert_car10:167 ta_jungle_car11:167 ta_mmine_car9:167 ta_mmountain_car12:167 timeattack:163 toggles_filter_fbfx:164 views2p_desert:186 views_coast_manual:170,
8023B418,EQUIVALENT,10181,0,0,e84c63323946,2026-10-03,arc2p_coast_rain:184 arc2p_desert_snow:184 arc2p_jungle_snow:184 arc2p_mine_fog:184 arc2p_mjungle_fog:184 arc2p_mmountain_rain:184 arc2p_mountain_night:184 arc_coast_rain_car4:184 arc_coast_snow_car5:184 arc_desert_fog_car1:184 arc_desert_sunny_car0:184 arc_jungle_night_car8:184 arc_jungle_sunny_car9:182 arc_mcoast_night_car1:184 arc_mcoast_sunny_car2:184 arc_mdesert_rain_car10:184 arc_mdesert_snow_car11:184 arc_mine_night_car7:184 arc_mine_snow_car6:182 arc_mjungle_fog_car5:182 arc_mjungle_rain_car6:182 arc_mmine_fog_car4:179 arc_mmine_night_car3:179 arc_mmountain_night_car0:184 arc_mmountain_snow_car12:184 arc_mountain_fog_car2:184 arc_mountain_rain_car3:184 arcade_timeup:184 attract:159 champ_finish:600 champ_race:191 champ_round1:186 champ_round1_car8:186 credits_demo:162 credits_demo2:194 ctl_typeb_mountain:184 ctl_typec_coast:184 ctl_typed_jungle:182 ctl_wheel_mdesert:184 loadsave:154 loadsave_pak:0 options:151 paint_pak:0 paint_popups:0 paint_shapes:0 paint_walk:0 paint_walk2:0 paintshop:0 pak_manager:0 prac2p_mine_night:184 prac_mcoast_rain:172 practice:162 race_pause:158 rumble_jungle:182 rumble_loadsave:0 ta_desert_car10:184 ta_jungle_car11:184 ta_mmine_car9:184 ta_mmountain_car12:184 timeattack:177 toggles_filter_fbfx:179 views2p_desert:190 views_coast_manual:190,
8023BF60,EQUIVALENT,9068,0,0,1588939cbad5,2026-10-03,arc2p_coast_rain:166 arc2p_desert_snow:166 arc2p_jungle_snow:166 arc2p_mine_fog:166 arc2p_mjungle_fog:166 arc2p_mmountain_rain:166 arc2p_mountain_night:166 arc_coast_rain_car4:166 arc_coast_snow_car5:166 arc_desert_fog_car1:166 arc_desert_sunny_car0:166 arc_jungle_night_car8:166 arc_jungle_sunny_car9:165 arc_mcoast_night_car1:166 arc_mcoast_sunny_car2:166 arc_mdesert_rain_car10:166 arc_mdesert_snow_car11:166 arc_mine_night_car7:166 arc_mine_snow_car6:165 arc_mjungle_fog_car5:165 arc_mjungle_rain_car6:165 arc_mmine_fog_car4:164 arc_mmine_night_car3:164 arc_mmountain_night_car0:166 arc_mmountain_snow_car12:166 arc_mountain_fog_car2:166 arc_mountain_rain_car3:166 arcade_timeup:166 attract:159 champ_finish:315 champ_race:163 champ_round1:161 champ_round1_car8:161 credits_demo:162 credits_demo2:193 ctl_typeb_mountain:166 ctl_typec_coast:166 ctl_typed_jungle:165 ctl_wheel_mdesert:166 loadsave:154 loadsave_pak:0 options:151 paint_pak:0 paint_walk:0 paint_walk2:0 paintshop:0 prac2p_mine_night:166 prac_mcoast_rain:166 practice:162 race_pause:158 rumble_jungle:165 rumble_loadsave:0 ta_desert_car10:166 ta_jungle_car11:166 ta_mmine_car9:166 ta_mmountain_car12:166 timeattack:163 toggles_filter_fbfx:164 views2p_desert:169 views_coast_manual:169,
8023CBFC,EQUIVALENT,1290,0,0,edc4cd040676,2026-09-29,arc2p_coast_rain:0 arc2p_desert_snow:161 arc2p_jungle_snow:161 arc2p_mine_fog:0 arc2p_mjungle_fog:0 arc2p_mmountain_rain:0 arc2p_mountain_night:0 arc_coast_rain_car4:0 arc_coast_snow_car5:161 arc_desert_fog_car1:0 arc_desert_sunny_car0:0 arc_jungle_night_car8:0 arc_jungle_sunny_car9:0 arc_mcoast_night_car1:0 arc_mcoast_sunny_car2:0 arc_mdesert_rain_car10:0 arc_mdesert_snow_car11:161 arc_mine_night_car7:0 arc_mine_snow_car6:160 arc_mjungle_fog_car5:0 arc_mjungle_rain_car6:0 arc_mmine_fog_car4:0 arc_mmine_night_car3:0 arc_mmountain_night_car0:0 arc_mmountain_snow_car12:161 arc_mountain_fog_car2:0 arc_mountain_rain_car3:0 arcade_timeup:0 attract:0 champ_finish:0 champ_race:0 champ_round1:0 champ_round1_car8:0 credits_demo:0 credits_demo2:0 ctl_typeb_mountain:0 ctl_typec_coast:161 ctl_typed_jungle:0 ctl_wheel_mdesert:0 loadsave:0 loadsave_pak:0 options:0 paint_pak:0 paint_walk:0 paint_walk2:0 paintshop:0 prac2p_mine_night:0 prac_mcoast_rain:0 practice:0 race_pause:0 rumble_jungle:0 rumble_loadsave:0 ta_desert_car10:0 ta_jungle_car11:0 ta_mmine_car9:0 ta_mmountain_car12:0 timeattack:0 toggles_filter_fbfx:0 views2p_desert:164 views_coast_manual:0,
8023CD60,EQUIVALENT,8771,0,0,c50e158672a5,2026-09-29,arc2p_coast_rain:154 arc2p_desert_snow:154 arc2p_jungle_snow:154 arc2p_mine_fog:166 arc2p_mjungle_fog:166 arc2p_mmountain_rain:154 arc2p_mountain_night:154 arc_coast_rain_car4:154 arc_coast_snow_car5:154 arc_desert_fog_car1:166 arc_desert_sunny_car0:166 arc_jungle_night_car8:154 arc_jungle_sunny_car9:165 arc_mcoast_night_car1:154 arc_mcoast_sunny_car2:166 arc_mdesert_rain_car10:154 arc_mdesert_snow_car11:154 arc_mine_night_car7:154 arc_mine_snow_car6:154 arc_mjungle_fog_car5:165 arc_mjungle_rain_car6:154 arc_mmine_fog_car4:164 arc_mmine_night_car3:154 arc_mmountain_night_car0:154 arc_mmountain_snow_car12:154 arc_mountain_fog_car2:166 arc_mountain_rain_car3:154 arcade_timeup:166 attract:159 champ_finish:315 champ_race:163 champ_round1:161 champ_round1_car8:161 credits_demo:162 credits_demo2:193 ctl_typeb_mountain:166 ctl_typec_coast:154 ctl_typed_jungle:154 ctl_wheel_mdesert:154 loadsave:154 loadsave_pak:0 options:151 paint_pak:0 paint_walk:0 paint_walk2:0 paintshop:0 prac2p_mine_night:154 prac_mcoast_rain:154 practice:162 race_pause:158 rumble_jungle:154 rumble_loadsave:0 ta_desert_car10:166 ta_jungle_car11:166 ta_mmine_car9:166 ta_mmountain_car12:166 timeattack:163 toggles_filter_fbfx:164 views2p_desert:154 views_coast_manual:169,
8023D134,EQUIVALENT,10330,0,0,3bbc2263d164,2026-10-03,arc2p_coast_rain:210 arc2p_desert_snow:235 arc2p_jungle_snow:235 arc2p_mine_fog:210 arc2p_mjungle_fog:210 arc2p_mmountain_rain:210 arc2p_mountain_night:161 arc_coast_rain_car4:185 arc_coast_snow_car5:198 arc_desert_fog_car1:185 arc_desert_sunny_car0:185 arc_jungle_night_car8:161 arc_jungle_sunny_car9:183 arc_mcoast_night_car1:161 arc_mcoast_sunny_car2:185 arc_mdesert_rain_car10:185 arc_mdesert_snow_car11:198 arc_mine_night_car7:161 arc_mine_snow_car6:195 arc_mjungle_fog_car5:183 arc_mjungle_rain_car6:183 arc_mmine_fog_car4:180 arc_mmine_night_car3:161 arc_mmountain_night_car0:161 arc_mmountain_snow_car12:198 arc_mountain_fog_car2:185 arc_mountain_rain_car3:185 arcade_timeup:184 attract:170 champ_finish:481 champ_race:177 champ_round1:173 champ_round1_car8:173 credits_demo:176 credits_demo2:240 ctl_typeb_mountain:185 ctl_typec_coast:198 ctl_typed_jungle:183 ctl_wheel_mdesert:161 loadsave:159 loadsave_pak:0 options:153 paint_pak:0 paint_walk:0 paint_walk2:0 paintshop:0 prac2p_mine_night:161 prac_mcoast_rain:185 practice:175 race_pause:172 rumble_jungle:183 rumble_loadsave:0 ta_desert_car10:185 ta_jungle_car11:185 ta_mmine_car9:185 ta_mmountain_car12:185 timeattack:177 toggles_filter_fbfx:180 views2p_desert:254 views_coast_manual:201,
8023DF9C,EQUIVALENT,12682,0,0,9eae0c4d1041,2026-10-03,arc2p_coast_rain:241 arc2p_desert_snow:245 arc2p_jungle_snow:240 arc2p_mine_fog:240 arc2p_mjungle_fog:247 arc2p_mmountain_rain:244 arc2p_mountain_night:237 arc_coast_rain_car4:211 arc_coast_snow_car5:214 arc_desert_fog_car1:209 arc_desert_sunny_car0:218 arc_jungle_night_car8:215 arc_jungle_sunny_car9:214 arc_mcoast_night_car1:212 arc_mcoast_sunny_car2:213 arc_mdesert_rain_car10:218 arc_mdesert_snow_car11:218 arc_mine_night_car7:213 arc_mine_snow_car6:215 arc_mjungle_fog_car5:217 arc_mjungle_rain_car6:217 arc_mmine_fog_car4:218 arc_mmine_night_car3:219 arc_mmountain_night_car0:217 arc_mmountain_snow_car12:220 arc_mountain_fog_car2:210 arc_mountain_rain_car3:208 arcade_timeup:228 attract:0 champ_finish:472 champ_race:186 champ_round1:183 champ_round1_car8:187 credits_demo:249 credits_demo2:164 ctl_typeb_mountain:223 ctl_typec_coast:225 ctl_typed_jungle:226 ctl_wheel_mdesert:227 loadsave:158 loadsave_pak:164 options:174 paint_pak:156 paint_walk:187 paint_walk2:190 paintshop:155 prac2p_mine_night:235 prac_mcoast_rain:216 practice:188 race_pause:198 rumble_jungle:217 rumble_loadsave:183 ta_desert_car10:210 ta_jungle_car11:216 ta_mmine_car9:215 ta_mmountain_car12:216 timeattack:186 toggles_filter_fbfx:204 views2p_desert:247 views_coast_manual:207,
80242BDC,EQUIVALENT,1196,0,0,58dae9e99fad,2026-10-03,arc2p_coast_rain:0 arc2p_desert_snow:0 arc2p_jungle_snow:0 arc2p_mine_fog:0 arc2p_mjungle_fog:0 arc2p_mmountain_rain:0 arc2p_mountain_night:0 arc_coast_rain_car4:0 arc_coast_snow_car5:0 arc_desert_fog_car1:0 arc_desert_sunny_car0:0 arc_jungle_night_car8:0 arc_jungle_sunny_car9:0 arc_mcoast_night_car1:0 arc_mcoast_sunny_car2:0 arc_mdesert_rain_car10:0 arc_mdesert_snow_car11:0 arc_mine_night_car7:0 arc_mine_snow_car6:0 arc_mjungle_fog_car5:0 arc_mjungle_rain_car6:0 arc_mmine_fog_car4:0 arc_mmine_night_car3:0 arc_mmountain_night_car0:0 arc_mmountain_snow_car12:0 arc_mountain_fog_car2:0 arc_mountain_rain_car3:0 arcade_timeup:0 attract:0 champ_finish:0 champ_race:0 champ_round1:0 champ_round1_car8:0 credits_demo:0 credits_demo2:0 ctl_typeb_mountain:0 ctl_typec_coast:0 ctl_typed_jungle:0 ctl_wheel_mdesert:0 loadsave:0 loadsave_pak:0 options:0 paint_pak:164 paint_popups:158 paint_shapes:169 paint_walk:245 paint_walk2:296 paintshop:164 pak_manager:0 prac2p_mine_night:0 prac_mcoast_rain:0 practice:0 race_pause:0 rumble_jungle:0 rumble_loadsave:0 ta_desert_car10:0 ta_jungle_car11:0 ta_mmine_car9:0 ta_mmountain_car12:0 timeattack:0 toggles_filter_fbfx:0 views2p_desert:0 views_coast_manual:0,
80243260,EQUIVALENT,869,0,0,e7c5026a7f5c,2026-10-03,arc2p_coast_rain:0 arc2p_desert_snow:0 arc2p_jungle_snow:0 arc2p_mine_fog:0 arc2p_mjungle_fog:0 arc2p_mmountain_rain:0 arc2p_mountain_night:0 arc_coast_rain_car4:0 arc_coast_snow_car5:0 arc_desert_fog_car1:0 arc_desert_sunny_car0:0 arc_jungle_night_car8:0 arc_jungle_sunny_car9:0 arc_mcoast_night_car1:0 arc_mcoast_sunny_car2:0 arc_mdesert_rain_car10:0 arc_mdesert_snow_car11:0 arc_mine_night_car7:0 arc_mine_snow_car6:0 arc_mjungle_fog_car5:0 arc_mjungle_rain_car6:0 arc_mmine_fog_car4:0 arc_mmine_night_car3:0 arc_mmountain_night_car0:0 arc_mmountain_snow_car12:0 arc_mountain_fog_car2:0 arc_mountain_rain_car3:0 arcade_timeup:0 attract:0 champ_finish:0 champ_race:0 champ_round1:0 champ_round1_car8:0 credits_demo:0 credits_demo2:0 ctl_typeb_mountain:0 ctl_typec_coast:0 ctl_typed_jungle:0 ctl_wheel_mdesert:0 loadsave:0 loadsave_pak:0 options:0 paint_pak:164 paint_walk:245 paint_walk2:296 paintshop:164 prac2p_mine_night:0 prac_mcoast_rain:0 practice:0 race_pause:0 rumble_jungle:0 rumble_loadsave:0 ta_desert_car10:0 ta_jungle_car11:0 ta_mmine_car9:0 ta_mmountain_car12:0 timeattack:0 toggles_filter_fbfx:0 views2p_desert:0 views_coast_manual:0,
80244D84,EQUIVALENT,190,0,0,bf18523c4f81,2026-10-03,arc2p_coast_rain:0 arc2p_desert_snow:0 arc2p_jungle_snow:0 arc2p_mine_fog:0 arc2p_mjungle_fog:0 arc2p_mmountain_rain:0 arc2p_mountain_night:0 arc_coast_rain_car4:0 arc_coast_snow_car5:0 arc_desert_fog_car1:0 arc_desert_sunny_car0:0 arc_jungle_night_car8:0 arc_jungle_sunny_car9:0 arc_mcoast_night_car1:0 arc_mcoast_sunny_car2:0 arc_mdesert_rain_car10:0 arc_mdesert_snow_car11:0 arc_mine_night_car7:0 arc_mine_snow_car6:0 arc_mjungle_fog_car5:0 arc_mjungle_rain_car6:0 arc_mmine_fog_car4:0 arc_mmine_night_car3:0 arc_mmountain_night_car0:0 arc_mmountain_snow_car12:0 arc_mountain_fog_car2:0 arc_mountain_rain_car3:0 arcade_timeup:0 attract:0 champ_finish:0 champ_race:0 champ_round1:0 champ_round1_car8:0 credits_demo:0 credits_demo2:0 ctl_typeb_mountain:0 ctl_typec_coast:0 ctl_typed_jungle:0 ctl_wheel_mdesert:0 loadsave:0 loadsave_pak:0 options:0 paint_pak:0 paint_walk:136 paint_walk2:54 paintshop:0 prac2p_mine_night:0 prac_mcoast_rain:0 practice:0 race_pause:0 rumble_jungle:0 rumble_loadsave:0 ta_desert_car10:0 ta_jungle_car11:0 ta_mmine_car9:0 ta_mmountain_car12:0 timeattack:0 toggles_filter_fbfx:0 views2p_desert:0 views_coast_manual:0,
80245B00,EQUIVALENT,11912,0,0,de2f03ef0d9a,2026-10-03,arc2p_coast_rain:158 arc2p_desert_snow:158 arc2p_jungle_snow:158 arc2p_mine_fog:158 arc2p_mjungle_fog:158 arc2p_mmountain_rain:158 arc2p_mountain_night:158 arc_coast_rain_car4:158 arc_coast_snow_car5:158 arc_desert_fog_car1:158 arc_desert_sunny_car0:158 arc_jungle_night_car8:158 arc_jungle_sunny_car9:158 arc_mcoast_night_car1:158 arc_mcoast_sunny_car2:158 arc_mdesert_rain_car10:158 arc_mdesert_snow_car11:158 arc_mine_night_car7:158 arc_mine_snow_car6:158 arc_mjungle_fog_car5:158 arc_mjungle_rain_car6:158 arc_mmine_fog_car4:158 arc_mmine_night_car3:158 arc_mmountain_night_car0:158 arc_mmountain_snow_car12:158 arc_mountain_fog_car2:158 arc_mountain_rain_car3:158 arcade_timeup:154 attract:154 champ_finish:600 champ_race:154 champ_round1:158 champ_round1_car8:158 credits_demo:158 credits_demo2:158 ctl_typeb_mountain:158 ctl_typec_coast:158 ctl_typed_jungle:158 ctl_wheel_mdesert:158 loadsave:178 loadsave_pak:354 options:154 paint_pak:600 paint_walk:600 paint_walk2:600 paintshop:600 prac2p_mine_night:158 prac_mcoast_rain:158 practice:154 race_pause:154 rumble_jungle:158 rumble_loadsave:192 ta_desert_car10:158 ta_jungle_car11:158 ta_mmine_car9:158 ta_mmountain_car12:158 timeattack:154 toggles_filter_fbfx:158 views2p_desert:158 views_coast_manual:158,
80247B0C,EQUIVALENT,245,0,0,42acd96c0ce6,2026-10-03,arc2p_coast_rain:0 arc2p_desert_snow:0 arc2p_jungle_snow:0 arc2p_mine_fog:0 arc2p_mjungle_fog:0 arc2p_mmountain_rain:0 arc2p_mountain_night:0 arc_coast_rain_car4:0 arc_coast_snow_car5:0 arc_desert_fog_car1:0 arc_desert_sunny_car0:0 arc_jungle_night_car8:0 arc_jungle_sunny_car9:0 arc_mcoast_night_car1:0 arc_mcoast_sunny_car2:0 arc_mdesert_rain_car10:0 arc_mdesert_snow_car11:0 arc_mine_night_car7:0 arc_mine_snow_car6:0 arc_mjungle_fog_car5:0 arc_mjungle_rain_car6:0 arc_mmine_fog_car4:0 arc_mmine_night_car3:0 arc_mmountain_night_car0:0 arc_mmountain_snow_car12:0 arc_mountain_fog_car2:0 arc_mountain_rain_car3:0 arcade_timeup:0 attract:0 champ_finish:0 champ_race:0 champ_round1:0 champ_round1_car8:0 credits_demo:0 credits_demo2:0 ctl_typeb_mountain:0 ctl_typec_coast:0 ctl_typed_jungle:0 ctl_wheel_mdesert:0 loadsave:0 loadsave_pak:0 options:0 paint_pak:0 paint_walk:150 paint_walk2:95 paintshop:0 prac2p_mine_night:0 prac_mcoast_rain:0 practice:0 race_pause:0 rumble_jungle:0 rumble_loadsave:0 ta_desert_car10:0 ta_jungle_car11:0 ta_mmine_car9:0 ta_mmountain_car12:0 timeattack:0 toggles_filter_fbfx:0 views2p_desert:0 views_coast_manual:0,
80248F88,EQUIVALENT,222,0,0,f2fc0a5f9d4f,2026-09-28,arcade_2p:0 arcade_timeup:0 attract:0 champ_race:0 loadsave:0 loadsave_pak:0 options:0 paint_pak:222 paintshop:0 practice:0 race_pause:0 timeattack:0,
8024AC70,EQUIVALENT,151,0,0,047abbf973ae,2026-10-03,arc2p_coast_rain:0 arc2p_desert_snow:0 arc2p_jungle_snow:0 arc2p_mine_fog:0 arc2p_mjungle_fog:0 arc2p_mmountain_rain:0 arc2p_mountain_night:0 arc_coast_rain_car4:0 arc_coast_snow_car5:0 arc_desert_fog_car1:0 arc_desert_sunny_car0:0 arc_jungle_night_car8:0 arc_jungle_sunny_car9:0 arc_mcoast_night_car1:0 arc_mcoast_sunny_car2:0 arc_mdesert_rain_car10:0 arc_mdesert_snow_car11:0 arc_mine_night_car7:0 arc_mine_snow_car6:0 arc_mjungle_fog_car5:0 arc_mjungle_rain_car6:0 arc_mmine_fog_car4:0 arc_mmine_night_car3:0 arc_mmountain_night_car0:0 arc_mmountain_snow_car12:0 arc_mountain_fog_car2:0 arc_mountain_rain_car3:0 arcade_timeup:0 attract:0 champ_finish:0 champ_race:0 champ_round1:0 champ_round1_car8:0 credits_demo:0 credits_demo2:0 ctl_typeb_mountain:0 ctl_typec_coast:0 ctl_typed_jungle:0 ctl_wheel_mdesert:0 loadsave:0 loadsave_pak:0 options:0 paint_pak:0 paint_popups:0 paint_shapes:151 paint_walk:0 paint_walk2:0 paintshop:0 prac2p_mine_night:0 prac_mcoast_rain:0 practice:0 race_pause:0 rumble_jungle:0 rumble_loadsave:0 ta_desert_car10:0 ta_jungle_car11:0 ta_mmine_car9:0 ta_mmountain_car12:0 timeattack:0 toggles_filter_fbfx:0 views2p_desert:0 views_coast_manual:0,
8024B144,EQUIVALENT,152,0,0,f22d73e624e6,2026-10-03,arc2p_coast_rain:0 arc2p_desert_snow:0 arc2p_jungle_snow:0 arc2p_mine_fog:0 arc2p_mjungle_fog:0 arc2p_mmountain_rain:0 arc2p_mountain_night:0 arc_coast_rain_car4:0 arc_coast_snow_car5:0 arc_desert_fog_car1:0 arc_desert_sunny_car0:0 arc_jungle_night_car8:0 arc_jungle_sunny_car9:0 arc_mcoast_night_car1:0 arc_mcoast_sunny_car2:0 arc_mdesert_rain_car10:0 arc_mdesert_snow_car11:0 arc_mine_night_car7:0 arc_mine_snow_car6:0 arc_mjungle_fog_car5:0 arc_mjungle_rain_car6:0 arc_mmine_fog_car4:0 arc_mmine_night_car3:0 arc_mmountain_night_car0:0 arc_mmountain_snow_car12:0 arc_mountain_fog_car2:0 arc_mountain_rain_car3:0 arcade_timeup:0 attract:0 champ_finish:0 champ_race:0 champ_round1:0 champ_round1_car8:0 credits_demo:0 credits_demo2:0 ctl_typeb_mountain:0 ctl_typec_coast:0 ctl_typed_jungle:0 ctl_wheel_mdesert:0 loadsave:0 loadsave_pak:0 options:0 paint_pak:0 paint_popups:152 paint_walk:0 paint_walk2:0 paintshop:0 prac2p_mine_night:0 prac_mcoast_rain:0 practice:0 race_pause:0 rumble_jungle:0 rumble_loadsave:0 ta_desert_car10:0 ta_jungle_car11:0 ta_mmine_car9:0 ta_mmountain_car12:0 timeattack:0 toggles_filter_fbfx:0 views2p_desert:0 views_coast_manual:0,
8024BE78,EQUIVALENT,857,0,0,8b7721ef16a7,2026-09-29,arc2p_coast_rain:0 arc2p_desert_snow:0 arc2p_jungle_snow:0 arc2p_mine_fog:0 arc2p_mjungle_fog:0 arc2p_mmountain_rain:0 arc2p_mountain_night:0 arc_coast_rain_car4:0 arc_coast_snow_car5:0 arc_desert_fog_car1:0 arc_desert_sunny_car0:0 arc_jungle_night_car8:0 arc_jungle_sunny_car9:0 arc_mcoast_night_car1:0 arc_mcoast_sunny_car2:0 arc_mdesert_rain_car10:0 arc_mdesert_snow_car11:0 arc_mine_night_car7:0 arc_mine_snow_car6:0 arc_mjungle_fog_car5:0 arc_mjungle_rain_car6:0 arc_mmine_fog_car4:0 arc_mmine_night_car3:0 arc_mmountain_night_car0:0 arc_mmountain_snow_car12:0 arc_mountain_fog_car2:0 arc_mountain_rain_car3:0 arcade_timeup:0 attract:0 champ_finish:0 champ_race:0 champ_round1:0 champ_round1_car8:0 credits_demo:0 credits_demo2:0 ctl_typeb_mountain:0 ctl_typec_coast:0 ctl_typed_jungle:0 ctl_wheel_mdesert:0 loadsave:0 loadsave_pak:0 options:0 paint_pak:162 paint_walk:240 paint_walk2:291 paintshop:164 prac2p_mine_night:0 prac_mcoast_rain:0 practice:0 race_pause:0 rumble_jungle:0 rumble_loadsave:0 ta_desert_car10:0 ta_jungle_car11:0 ta_mmine_car9:0 ta_mmountain_car12:0 timeattack:0 toggles_filter_fbfx:0 views2p_desert:0 views_coast_manual:0,
8024C184,EQUIVALENT,857,0,0,e3a86aaa59e3,2026-10-03,arc2p_coast_rain:0 arc2p_desert_snow:0 arc2p_jungle_snow:0 arc2p_mine_fog:0 arc2p_mjungle_fog:0 arc2p_mmountain_rain:0 arc2p_mountain_night:0 arc_coast_rain_car4:0 arc_coast_snow_car5:0 arc_desert_fog_car1:0 arc_desert_sunny_car0:0 arc_jungle_night_car8:0 arc_jungle_sunny_car9:0 arc_mcoast_night_car1:0 arc_mcoast_sunny_car2:0 arc_mdesert_rain_car10:0 arc_mdesert_snow_car11:0 arc_mine_night_car7:0 arc_mine_snow_car6:0 arc_mjungle_fog_car5:0 arc_mjungle_rain_car6:0 arc_mmine_fog_car4:0 arc_mmine_night_car3:0 arc_mmountain_night_car0:0 arc_mmountain_snow_car12:0 arc_mountain_fog_car2:0 arc_mountain_rain_car3:0 arcade_timeup:0 attract:0 champ_finish:0 champ_race:0 champ_round1:0 champ_round1_car8:0 credits_demo:0 credits_demo2:0 ctl_typeb_mountain:0 ctl_typec_coast:0 ctl_typed_jungle:0 ctl_wheel_mdesert:0 loadsave:0 loadsave_pak:0 options:0 paint_pak:162 paint_walk:240 paint_walk2:291 paintshop:164 prac2p_mine_night:0 prac_mcoast_rain:0 practice:0 race_pause:0 rumble_jungle:0 rumble_loadsave:0 ta_desert_car10:0 ta_jungle_car11:0 ta_mmine_car9:0 ta_mmountain_car12:0 timeattack:0 toggles_filter_fbfx:0 views2p_desert:0 views_coast_manual:0,
8024DCA0,EQUIVALENT,63,0,0,6033de62a474,2026-10-03,arc2p_coast_rain:0 arc2p_desert_snow:0 arc2p_jungle_snow:0 arc2p_mine_fog:0 arc2p_mjungle_fog:0 arc2p_mmountain_rain:0 arc2p_mountain_night:0 arc_coast_rain_car4:0 arc_coast_snow_car5:0 arc_desert_fog_car1:0 arc_desert_sunny_car0:0 arc_jungle_night_car8:0 arc_jungle_sunny_car9:0 arc_mcoast_night_car1:0 arc_mcoast_sunny_car2:0 arc_mdesert_rain_car10:0 arc_mdesert_snow_car11:0 arc_mine_night_car7:0 arc_mine_snow_car6:0 arc_mjungle_fog_car5:0 arc_mjungle_rain_car6:0 arc_mmine_fog_car4:0 arc_mmine_night_car3:0 arc_mmountain_night_car0:0 arc_mmountain_snow_car12:0 arc_mountain_fog_car2:0 arc_mountain_rain_car3:0 arcade_timeup:0 attract:0 champ_finish:0 champ_race:0 champ_round1:0 champ_round1_car8:0 credits_demo:0 credits_demo2:0 ctl_typeb_mountain:0 ctl_typec_coast:0 ctl_typed_jungle:0 ctl_wheel_mdesert:0 loadsave:0 loadsave_pak:0 options:0 paint_pak:0 paint_popups:0 paint_walk:27 paint_walk2:36 paintshop:0 prac2p_mine_night:0 prac_mcoast_rain:0 practice:0 race_pause:0 rumble_jungle:0 rumble_loadsave:0 ta_desert_car10:0 ta_jungle_car11:0 ta_mmine_car9:0 ta_mmountain_car12:0 timeattack:0 toggles_filter_fbfx:0 views2p_desert:0 views_coast_manual:0,
8024E128,EQUIVALENT,150,0,0,8d1ee6f64feb,2026-10-03,arc2p_coast_rain:0 arc2p_desert_snow:0 arc2p_jungle_snow:0 arc2p_mine_fog:0 arc2p_mjungle_fog:0 arc2p_mmountain_rain:0 arc2p_mountain_night:0 arc_coast_rain_car4:0 arc_coast_snow_car5:0 arc_desert_fog_car1:0 arc_desert_sunny_car0:0 arc_jungle_night_car8:0 arc_jungle_sunny_car9:0 arc_mcoast_night_car1:0 arc_mcoast_sunny_car2:0 arc_mdesert_rain_car10:0 arc_mdesert_snow_car11:0 arc_mine_night_car7:0 arc_mine_snow_car6:0 arc_mjungle_fog_car5:0 arc_mjungle_rain_car6:0 arc_mmine_fog_car4:0 arc_mmine_night_car3:0 arc_mmountain_night_car0:0 arc_mmountain_snow_car12:0 arc_mountain_fog_car2:0 arc_mountain_rain_car3:0 arcade_timeup:0 attract:0 champ_finish:0 champ_race:0 champ_round1:0 champ_round1_car8:0 credits_demo:0 credits_demo2:0 ctl_typeb_mountain:0 ctl_typec_coast:0 ctl_typed_jungle:0 ctl_wheel_mdesert:0 loadsave:0 loadsave_pak:0 options:0 paint_pak:0 paint_popups:150 paint_walk:0 paint_walk2:0 paintshop:0 prac2p_mine_night:0 prac_mcoast_rain:0 practice:0 race_pause:0 rumble_jungle:0 rumble_loadsave:0 ta_desert_car10:0 ta_jungle_car11:0 ta_mmine_car9:0 ta_mmountain_car12:0 timeattack:0 toggles_filter_fbfx:0 views2p_desert:0 views_coast_manual:0,
8024F000,EQUIVALENT,2,0,0,271a9290026e,2026-09-29,arc2p_coast_rain:0 arc2p_desert_snow:0 arc2p_jungle_snow:0 arc2p_mine_fog:0 arc2p_mjungle_fog:0 arc2p_mmountain_rain:0 arc2p_mountain_night:0 arc_coast_rain_car4:0 arc_coast_snow_car5:0 arc_desert_fog_car1:0 arc_desert_sunny_car0:0 arc_jungle_night_car8:0 arc_jungle_sunny_car9:0 arc_mcoast_night_car1:0 arc_mcoast_sunny_car2:0 arc_mdesert_rain_car10:0 arc_mdesert_snow_car11:0 arc_mine_night_car7:0 arc_mine_snow_car6:0 arc_mjungle_fog_car5:0 arc_mjungle_rain_car6:0 arc_mmine_fog_car4:0 arc_mmine_night_car3:0 arc_mmountain_night_car0:0 arc_mmountain_snow_car12:0 arc_mountain_fog_car2:0 arc_mountain_rain_car3:0 arcade_timeup:0 attract:0 champ_finish:0 champ_race:0 champ_round1:0 champ_round1_car8:0 credits_demo:0 credits_demo2:0 ctl_typeb_mountain:0 ctl_typec_coast:0 ctl_typed_jungle:0 ctl_wheel_mdesert:0 loadsave:0 loadsave_pak:0 options:0 paint_pak:0 paint_walk:0 paint_walk2:2 paintshop:0 prac2p_mine_night:0 prac_mcoast_rain:0 practice:0 race_pause:0 rumble_jungle:0 rumble_loadsave:0 ta_desert_car10:0 ta_jungle_car11:0 ta_mmine_car9:0 ta_mmountain_car12:0 timeattack:0 toggles_filter_fbfx:0 views2p_desert:0 views_coast_manual:0,
8024F25C,EQUIVALENT,1352,0,0,bb12fc026674,2026-09-29,arc2p_coast_rain:0 arc2p_desert_snow:0 arc2p_jungle_snow:0 arc2p_mine_fog:0 arc2p_mjungle_fog:0 arc2p_mmountain_rain:0 arc2p_mountain_night:0 arc_coast_rain_car4:0 arc_coast_snow_car5:0 arc_desert_fog_car1:0 arc_desert_sunny_car0:0 arc_jungle_night_car8:0 arc_jungle_sunny_car9:0 arc_mcoast_night_car1:0 arc_mcoast_sunny_car2:0 arc_mdesert_rain_car10:0 arc_mdesert_snow_car11:0 arc_mine_night_car7:0 arc_mine_snow_car6:0 arc_mjungle_fog_car5:0 arc_mjungle_rain_car6:0 arc_mmine_fog_car4:0 arc_mmine_night_car3:0 arc_mmountain_night_car0:0 arc_mmountain_snow_car12:0 arc_mountain_fog_car2:0 arc_mountain_rain_car3:0 arcade_timeup:0 attract:0 champ_finish:0 champ_race:0 champ_round1:0 champ_round1_car8:0 credits_demo:0 credits_demo2:0 ctl_typeb_mountain:0 ctl_typec_coast:0 ctl_typed_jungle:0 ctl_wheel_mdesert:0 loadsave:0 loadsave_pak:0 options:0 paint_pak:0 paint_walk:600 paint_walk2:600 paintshop:152 prac2p_mine_night:0 prac_mcoast_rain:0 practice:0 race_pause:0 rumble_jungle:0 rumble_loadsave:0 ta_desert_car10:0 ta_jungle_car11:0 ta_mmine_car9:0 ta_mmountain_car12:0 timeattack:0 toggles_filter_fbfx:0 views2p_desert:0 views_coast_manual:0,
8024FBC8,EQUIVALENT,3,0,0,986f6322bf6e,2026-10-03,arc2p_coast_rain:0 arc2p_desert_snow:0 arc2p_jungle_snow:0 arc2p_mine_fog:0 arc2p_mjungle_fog:0 arc2p_mmountain_rain:0 arc2p_mountain_night:0 arc_coast_rain_car4:0 arc_coast_snow_car5:0 arc_desert_fog_car1:0 arc_desert_sunny_car0:0 arc_jungle_night_car8:0 arc_jungle_sunny_car9:0 arc_mcoast_night_car1:0 arc_mcoast_sunny_car2:0 arc_mdesert_rain_car10:0 arc_mdesert_snow_car11:0 arc_mine_night_car7:0 arc_mine_snow_car6:0 arc_mjungle_fog_car5:0 arc_mjungle_rain_car6:0 arc_mmine_fog_car4:0 arc_mmine_night_car3:0 arc_mmountain_night_car0:0 arc_mmountain_snow_car12:0 arc_mountain_fog_car2:0 arc_mountain_rain_car3:0 arcade_timeup:0 attract:0 champ_finish:0 champ_race:0 champ_round1:0 champ_round1_car8:0 credits_demo:0 credits_demo2:0 ctl_typeb_mountain:0 ctl_typec_coast:0 ctl_typed_jungle:0 ctl_wheel_mdesert:0 loadsave:0 loadsave_pak:0 options:0 paint_pak:0 paint_popups:0 paint_shapes:3 paint_walk:0 paint_walk2:0 paintshop:0 pak_manager:0 prac2p_mine_night:0 prac_mcoast_rain:0 practice:0 race_pause:0 rumble_jungle:0 rumble_loadsave:0 ta_desert_car10:0 ta_jungle_car11:0 ta_mmine_car9:0 ta_mmountain_car12:0 timeattack:0 toggles_filter_fbfx:0 views2p_desert:0 views_coast_manual:0,
8024FEB8,EQUIVALENT,3,0,0,5867dcb685d4,2026-10-03,arc2p_coast_rain:0 arc2p_desert_snow:0 arc2p_jungle_snow:0 arc2p_mine_fog:0 arc2p_mjungle_fog:0 arc2p_mmountain_rain:0 arc2p_mountain_night:0 arc_coast_rain_car4:0 arc_coast_snow_car5:0 arc_desert_fog_car1:0 arc_desert_sunny_car0:0 arc_jungle_night_car8:0 arc_jungle_sunny_car9:0 arc_mcoast_night_car1:0 arc_mcoast_sunny_car2:0 arc_mdesert_rain_car10:0 arc_mdesert_snow_car11:0 arc_mine_night_car7:0 arc_mine_snow_car6:0 arc_mjungle_fog_car5:0 arc_mjungle_rain_car6:0 arc_mmine_fog_car4:0 arc_mmine_night_car3:0 arc_mmountain_night_car0:0 arc_mmountain_snow_car12:0 arc_mountain_fog_car2:0 arc_mountain_rain_car3:0 arcade_timeup:0 attract:0 champ_finish:0 champ_race:0 champ_round1:0 champ_round1_car8:0 credits_demo:0 credits_demo2:0 ctl_typeb_mountain:0 ctl_typec_coast:0 ctl_typed_jungle:0 ctl_wheel_mdesert:0 loadsave:0 loadsave_pak:0 options:0 paint_pak:0 paint_popups:0 paint_shapes:3 paint_walk:0 paint_walk2:0 paintshop:0 pak_manager:0 prac2p_mine_night:0 prac_mcoast_rain:0 practice:0 race_pause:0 rumble_jungle:0 rumble_loadsave:0 ta_desert_car10:0 ta_jungle_car11:0 ta_mmine_car9:0 ta_mmountain_car12:0 timeattack:0 toggles_filter_fbfx:0 views2p_desert:0 views_coast_manual:0,
80250B58,EQUIVALENT,5,0,0,b827e15c7516,2026-10-03,arc2p_coast_rain:0 arc2p_desert_snow:0 arc2p_jungle_snow:0 arc2p_mine_fog:0 arc2p_mjungle_fog:0 arc2p_mmountain_rain:0 arc2p_mountain_night:0 arc_coast_rain_car4:0 arc_coast_snow_car5:0 arc_desert_fog_car1:0 arc_desert_sunny_car0:0 arc_jungle_night_car8:0 arc_jungle_sunny_car9:0 arc_mcoast_night_car1:0 arc_mcoast_sunny_car2:0 arc_mdesert_rain_car10:0 arc_mdesert_snow_car11:0 arc_mine_night_car7:0 arc_mine_snow_car6:0 arc_mjungle_fog_car5:0 arc_mjungle_rain_car6:0 arc_mmine_fog_car4:0 arc_mmine_night_car3:0 arc_mmountain_night_car0:0 arc_mmountain_snow_car12:0 arc_mountain_fog_car2:0 arc_mountain_rain_car3:0 arcade_timeup:0 attract:0 champ_finish:0 champ_race:0 champ_round1:0 champ_round1_car8:0 credits_demo:0 credits_demo2:0 ctl_typeb_mountain:0 ctl_typec_coast:0 ctl_typed_jungle:0 ctl_wheel_mdesert:0 loadsave:0 loadsave_pak:0 options:0 paint_pak:0 paint_popups:0 paint_shapes:3 paint_walk:1 paint_walk2:1 paintshop:0 pak_manager:0 prac2p_mine_night:0 prac_mcoast_rain:0 practice:0 race_pause:0 rumble_jungle:0 rumble_loadsave:0 ta_desert_car10:0 ta_jungle_car11:0 ta_mmine_car9:0 ta_mmountain_car12:0 timeattack:0 toggles_filter_fbfx:0 views2p_desert:0 views_coast_manual:0,
80250FCC,EQUIVALENT,3,0,0,5be90ea8b53c,2026-10-03,arc2p_coast_rain:0 arc2p_desert_snow:0 arc2p_jungle_snow:0 arc2p_mine_fog:0 arc2p_mjungle_fog:0 arc2p_mmountain_rain:0 arc2p_mountain_night:0 arc_coast_rain_car4:0 arc_coast_snow_car5:0 arc_desert_fog_car1:0 arc_desert_sunny_car0:0 arc_jungle_night_car8:0 arc_jungle_sunny_car9:0 arc_mcoast_night_car1:0 arc_mcoast_sunny_car2:0 arc_mdesert_rain_car10:0 arc_mdesert_snow_car11:0 arc_mine_night_car7:0 arc_mine_snow_car6:0 arc_mjungle_fog_car5:0 arc_mjungle_rain_car6:0 arc_mmine_fog_car4:0 arc_mmine_night_car3:0 arc_mmountain_night_car0:0 arc_mmountain_snow_car12:0 arc_mountain_fog_car2:0 arc_mountain_rain_car3:0 arcade_timeup:0 attract:0 champ_finish:0 champ_race:0 champ_round1:0 champ_round1_car8:0 credits_demo:0 credits_demo2:0 ctl_typeb_mountain:0 ctl_typec_coast:0 ctl_typed_jungle:0 ctl_wheel_mdesert:0 loadsave:0 loadsave_pak:0 options:0 paint_pak:0 paint_popups:0 paint_shapes:3 paint_walk:0 paint_walk2:0 paintshop:0 pak_manager:0 prac2p_mine_night:0 prac_mcoast_rain:0 practice:0 race_pause:0 rumble_jungle:0 rumble_loadsave:0 ta_desert_car10:0 ta_jungle_car11:0 ta_mmine_car9:0 ta_mmountain_car12:0 timeattack:0 toggles_filter_fbfx:0 views2p_desert:0 views_coast_manual:0,
8025159C,EQUIVALENT,321,0,0,0e548da679d2,2026-10-03,arc2p_coast_rain:0 arc2p_desert_snow:0 arc2p_jungle_snow:0 arc2p_mine_fog:0 arc2p_mjungle_fog:0 arc2p_mmountain_rain:0 arc2p_mountain_night:0 arc_coast_rain_car4:0 arc_coast_snow_car5:0 arc_desert_fog_car1:0 arc_desert_sunny_car0:0 arc_jungle_night_car8:0 arc_jungle_sunny_car9:0 arc_mcoast_night_car1:0 arc_mcoast_sunny_car2:0 arc_mdesert_rain_car10:0 arc_mdesert_snow_car11:0 arc_mine_night_car7:0 arc_mine_snow_car6:0 arc_mjungle_fog_car5:0 arc_mjungle_rain_car6:0 arc_mmine_fog_car4:0 arc_mmine_night_car3:0 arc_mmountain_night_car0:0 arc_mmountain_snow_car12:0 arc_mountain_fog_car2:0 arc_mountain_rain_car3:0 arcade_timeup:0 attract:0 champ_finish:0 champ_race:0 champ_round1:0 champ_round1_car8:0 credits_demo:0 credits_demo2:0 ctl_typeb_mountain:0 ctl_typec_coast:0 ctl_typed_jungle:0 ctl_wheel_mdesert:0 loadsave:0 loadsave_pak:0 options:0 paint_pak:0 paint_popups:0 paint_shapes:3 paint_walk:152 paint_walk2:154 paintshop:12 pak_manager:0 prac2p_mine_night:0 prac_mcoast_rain:0 practice:0 race_pause:0 rumble_jungle:0 rumble_loadsave:0 ta_desert_car10:0 ta_jungle_car11:0 ta_mmine_car9:0 ta_mmountain_car12:0 timeattack:0 toggles_filter_fbfx:0 views2p_desert:0 views_coast_manual:0,
80251CD4,EQUIVALENT,277,0,0,64605f9892e4,2026-10-03,arc2p_coast_rain:0 arc2p_desert_snow:0 arc2p_jungle_snow:0 arc2p_mine_fog:0 arc2p_mjungle_fog:0 arc2p_mmountain_rain:0 arc2p_mountain_night:0 arc_coast_rain_car4:0 arc_coast_snow_car5:0 arc_desert_fog_car1:0 arc_desert_sunny_car0:0 arc_jungle_night_car8:0 arc_jungle_sunny_car9:0 arc_mcoast_night_car1:0 arc_mcoast_sunny_car2:0 arc_mdesert_rain_car10:0 arc_mdesert_snow_car11:0 arc_mine_night_car7:0 arc_mine_snow_car6:0 arc_mjungle_fog_car5:0 arc_mjungle_rain_car6:0 arc_mmine_fog_car4:0 arc_mmine_night_car3:0 arc_mmountain_night_car0:0 arc_mmountain_snow_car12:0 arc_mountain_fog_car2:0 arc_mountain_rain_car3:0 arcade_timeup:0 attract:0 champ_finish:0 champ_race:0 champ_round1:0 champ_round1_car8:0 credits_demo:0 credits_demo2:0 ctl_typeb_mountain:0 ctl_typec_coast:0 ctl_typed_jungle:0 ctl_wheel_mdesert:0 loadsave:0 loadsave_pak:0 options:0 paint_pak:0 paint_popups:0 paint_shapes:152 paint_walk:102 paint_walk2:23 paintshop:0 pak_manager:0 prac2p_mine_night:0 prac_mcoast_rain:0 practice:0 race_pause:0 rumble_jungle:0 rumble_loadsave:0 ta_desert_car10:0 ta_jungle_car11:0 ta_mmine_car9:0 ta_mmountain_car12:0 timeattack:0 toggles_filter_fbfx:0 views2p_desert:0 views_coast_manual:0,
80251F68,EQUIVALENT,152,0,0,0922c2957a06,2026-10-03,arc2p_coast_rain:0 arc2p_desert_snow:0 arc2p_jungle_snow:0 arc2p_mine_fog:0 arc2p_mjungle_fog:0 arc2p_mmountain_rain:0 arc2p_mountain_night:0 arc_coast_rain_car4:0 arc_coast_snow_car5:0 arc_desert_fog_car1:0 arc_desert_sunny_car0:0 arc_jungle_night_car8:0 arc_jungle_sunny_car9:0 arc_mcoast_night_car1:0 arc_mcoast_sunny_car2:0 arc_mdesert_rain_car10:0 arc_mdesert_snow_car11:0 arc_mine_night_car7:0 arc_mine_snow_car6:0 arc_mjungle_fog_car5:0 arc_mjungle_rain_car6:0 arc_mmine_fog_car4:0 arc_mmine_night_car3:0 arc_mmountain_night_car0:0 arc_mmountain_snow_car12:0 arc_mountain_fog_car2:0 arc_mountain_rain_car3:0 arcade_timeup:0 attract:0 champ_finish:0 champ_race:0 champ_round1:0 champ_round1_car8:0 credits_demo:0 credits_demo2:0 ctl_typeb_mountain:0 ctl_typec_coast:0 ctl_typed_jungle:0 ctl_wheel_mdesert:0 loadsave:0 loadsave_pak:0 options:0 paint_pak:0 paint_popups:0 paint_shapes:152 paint_walk:0 paint_walk2:0 paintshop:0 pak_manager:0 prac2p_mine_night:0 prac_mcoast_rain:0 practice:0 race_pause:0 rumble_jungle:0 rumble_loadsave:0 ta_desert_car10:0 ta_jungle_car11:0 ta_mmine_car9:0 ta_mmountain_car12:0 timeattack:0 toggles_filter_fbfx:0 views2p_desert:0 views_coast_manual:0,
802523CC,EQUIVALENT,226,0,0,067cb32d98e9,2026-10-03,arc2p_coast_rain:0 arc2p_desert_snow:0 arc2p_jungle_snow:0 arc2p_mine_fog:0 arc2p_mjungle_fog:0 arc2p_mmountain_rain:0 arc2p_mountain_night:0 arc_coast_rain_car4:0 arc_coast_snow_car5:0 arc_desert_fog_car1:0 arc_desert_sunny_car0:0 arc_jungle_night_car8:0 arc_jungle_sunny_car9:0 arc_mcoast_night_car1:0 arc_mcoast_sunny_car2:0 arc_mdesert_rain_car10:0 arc_mdesert_snow_car11:0 arc_mine_night_car7:0 arc_mine_snow_car6:0 arc_mjungle_fog_car5:0 arc_mjungle_rain_car6:0 arc_mmine_fog_car4:0 arc_mmine_night_car3:0 arc_mmountain_night_car0:0 arc_mmountain_snow_car12:0 arc_mountain_fog_car2:0 arc_mountain_rain_car3:0 arcade_timeup:0 attract:0 champ_finish:0 champ_race:0 champ_round1:0 champ_round1_car8:0 credits_demo:0 credits_demo2:0 ctl_typeb_mountain:0 ctl_typec_coast:0 ctl_typed_jungle:0 ctl_wheel_mdesert:0 loadsave:0 loadsave_pak:0 options:0 paint_pak:0 paint_popups:0 paint_shapes:152 paint_walk:23 paint_walk2:51 paintshop:0 pak_manager:0 prac2p_mine_night:0 prac_mcoast_rain:0 practice:0 race_pause:0 rumble_jungle:0 rumble_loadsave:0 ta_desert_car10:0 ta_jungle_car11:0 ta_mmine_car9:0 ta_mmountain_car12:0 timeattack:0 toggles_filter_fbfx:0 views2p_desert:0 views_coast_manual:0,
802528F8,EQUIVALENT,152,0,0,b7418c9f7461,2026-10-03,arc2p_coast_rain:0 arc2p_desert_snow:0 arc2p_jungle_snow:0 arc2p_mine_fog:0 arc2p_mjungle_fog:0 arc2p_mmountain_rain:0 arc2p_mountain_night:0 arc_coast_rain_car4:0 arc_coast_snow_car5:0 arc_desert_fog_car1:0 arc_desert_sunny_car0:0 arc_jungle_night_car8:0 arc_jungle_sunny_car9:0 arc_mcoast_night_car1:0 arc_mcoast_sunny_car2:0 arc_mdesert_rain_car10:0 arc_mdesert_snow_car11:0 arc_mine_night_car7:0 arc_mine_snow_car6:0 arc_mjungle_fog_car5:0 arc_mjungle_rain_car6:0 arc_mmine_fog_car4:0 arc_mmine_night_car3:0 arc_mmountain_night_car0:0 arc_mmountain_snow_car12:0 arc_mountain_fog_car2:0 arc_mountain_rain_car3:0 arcade_timeup:0 attract:0 champ_finish:0 champ_race:0 champ_round1:0 champ_round1_car8:0 credits_demo:0 credits_demo2:0 ctl_typeb_mountain:0 ctl_typec_coast:0 ctl_typed_jungle:0 ctl_wheel_mdesert:0 loadsave:0 loadsave_pak:0 options:0 paint_pak:0 paint_popups:0 paint_shapes:152 paint_walk:0 paint_walk2:0 paintshop:0 pak_manager:0 prac2p_mine_night:0 prac_mcoast_rain:0 practice:0 race_pause:0 rumble_jungle:0 rumble_loadsave:0 ta_desert_car10:0 ta_jungle_car11:0 ta_mmine_car9:0 ta_mmountain_car12:0 timeattack:0 toggles_filter_fbfx:0 views2p_desert:0 views_coast_manual:0,
802534DC,EQUIVALENT,155,0,0,d5de218af242,2026-10-03,arc2p_coast_rain:0 arc2p_desert_snow:0 arc2p_jungle_snow:0 arc2p_mine_fog:0 arc2p_mjungle_fog:0 arc2p_mmountain_rain:0 arc2p_mountain_night:0 arc_coast_rain_car4:0 arc_coast_snow_car5:0 arc_desert_fog_car1:0 arc_desert_sunny_car0:0 arc_jungle_night_car8:0 arc_jungle_sunny_car9:0 arc_mcoast_night_car1:0 arc_mcoast_sunny_car2:0 arc_mdesert_rain_car10:0 arc_mdesert_snow_car11:0 arc_mine_night_car7:0 arc_mine_snow_car6:0 arc_mjungle_fog_car5:0 arc_mjungle_rain_car6:0 arc_mmine_fog_car4:0 arc_mmine_night_car3:0 arc_mmountain_night_car0:0 arc_mmountain_snow_car12:0 arc_mountain_fog_car2:0 arc_mountain_rain_car3:0 arcade_timeup:0 attract:0 champ_finish:0 champ_race:0 champ_round1:0 champ_round1_car8:0 credits_demo:0 credits_demo2:0 ctl_typeb_mountain:0 ctl_typec_coast:0 ctl_typed_jungle:0 ctl_wheel_mdesert:0 loadsave:0 loadsave_pak:0 options:0 paint_pak:0 paint_popups:0 paint_shapes:0 paint_walk:0 paint_walk2:0 paintshop:0 pak_manager:155 prac2p_mine_night:0 prac_mcoast_rain:0 practice:0 race_pause:0 rumble_jungle:0 rumble_loadsave:0 ta_desert_car10:0 ta_jungle_car11:0 ta_mmine_car9:0 ta_mmountain_car12:0 timeattack:0 toggles_filter_fbfx:0 views2p_desert:0 views_coast_manual:0,
80255048,EQUIVALENT,16280,0,0,3e72106bf61d,2026-09-29,arc2p_coast_rain:262 arc2p_desert_snow:266 arc2p_jungle_snow:261 arc2p_mine_fog:261 arc2p_mjungle_fog:268 arc2p_mmountain_rain:265 arc2p_mountain_night:258 arc_coast_rain_car4:257 arc_coast_snow_car5:259 arc_desert_fog_car1:254 arc_desert_sunny_car0:264 arc_jungle_night_car8:261 arc_jungle_sunny_car9:258 arc_mcoast_night_car1:257 arc_mcoast_sunny_car2:259 arc_mdesert_rain_car10:264 arc_mdesert_snow_car11:264 arc_mine_night_car7:259 arc_mine_snow_car6:258 arc_mjungle_fog_car5:261 arc_mjungle_rain_car6:260 arc_mmine_fog_car4:258 arc_mmine_night_car3:259 arc_mmountain_night_car0:263 arc_mmountain_snow_car12:266 arc_mountain_fog_car2:255 arc_mountain_rain_car3:254 arcade_timeup:270 attract:222 champ_finish:600 champ_race:221 champ_round1:217 champ_round1_car8:221 credits_demo:313 credits_demo2:353 ctl_typeb_mountain:268 ctl_typec_coast:270 ctl_typed_jungle:269 ctl_wheel_mdesert:272 loadsave:221 loadsave_pak:210 options:221 paint_pak:222 paint_walk:584 paint_walk2:600 paintshop:222 prac2p_mine_night:256 prac_mcoast_rain:262 practice:221 race_pause:229 rumble_jungle:260 rumble_loadsave:203 ta_desert_car10:256 ta_jungle_car11:261 ta_mmine_car9:261 ta_mmountain_car12:262 timeattack:221 toggles_filter_fbfx:245 views2p_desert:268 views_coast_manual:268,
80255910,EQUIVALENT,143,0,0,f05deccbbcef,2026-09-26,arcade_2p:43 attract:1 champ_race:14 loadsave:15 options:29 paintshop:8 practice:17 timeattack:16,
80255934,EQUIVALENT,1771,0,0,0e8d2152f076,2026-09-26,arcade_2p:222 attract:222 champ_race:221 loadsave:221 options:221 paintshop:222 practice:221 timeattack:221,
80255B54,EQUIVALENT,32,0,0,ed7555579130,2026-09-26,arcade_2p:4 attract:4 champ_race:4 loadsave:4 options:4 paintshop:4 practice:4 timeattack:4,
80255BA0,EQUIVALENT,246,0,0,8eb87fa7acbe,2026-09-26,arcade_2p:0 attract:54 champ_race:28 loadsave:54 options:54 paintshop:0 practice:28 timeattack:28,
80255C50,EQUIVALENT,246,0,0,7f09525232af,2026-09-26,arcade_2p:0 attract:54 champ_race:28 loadsave:54 options:54 paintshop:0 practice:28 timeattack:28,
80255CD0,EQUIVALENT,4633,0,0,c52b206df91b,2026-09-26,arcade_2p:600 attract:600 champ_race:600 loadsave:600 options:600 paintshop:433 practice:600 timeattack:600,
80255D4C,EQUIVALENT,865,0,0,9d2b0f1bf99b,2026-09-26,arcade_2p:0 attract:157 champ_race:159 loadsave:152 options:55 paintshop:164 practice:28 timeattack:150,
80255DD8,EQUIVALENT,1462,0,0,51710904ef52,2026-09-26,arcade_2p:169 attract:196 champ_race:192 loadsave:188 options:185 paintshop:185 practice:172 timeattack:175,
802562E0,EQUIVALENT,3515,0,0,6f14a75e1c10,2026-09-26,arcade_2p:0 attract:600 champ_race:600 loadsave:600 options:515 paintshop:0 practice:600 timeattack:600,
80256720,EQUIVALENT,198,0,0,e19009a22586,2026-10-03,arc2p_coast_rain:4 arc2p_desert_snow:4 arc2p_jungle_snow:4 arc2p_mine_fog:4 arc2p_mjungle_fog:4 arc2p_mmountain_rain:4 arc2p_mountain_night:4 arc_coast_rain_car4:4 arc_coast_snow_car5:4 arc_desert_fog_car1:4 arc_desert_sunny_car0:4 arc_jungle_night_car8:4 arc_jungle_sunny_car9:4 arc_mcoast_night_car1:4 arc_mcoast_sunny_car2:4 arc_mdesert_rain_car10:4 arc_mdesert_snow_car11:4 arc_mine_night_car7:4 arc_mine_snow_car6:5 arc_mjungle_fog_car5:5 arc_mjungle_rain_car6:5 arc_mmine_fog_car4:4 arc_mmine_night_car3:4 arc_mmountain_night_car0:4 arc_mmountain_snow_car12:4 arc_mountain_fog_car2:4 arc_mountain_rain_car3:4 arcade_timeup:2 attract:1 champ_finish:2 champ_race:2 champ_round1:2 champ_round1_car8:2 credits_demo:1 credits_demo2:3 ctl_typeb_mountain:4 ctl_typec_coast:4 ctl_typed_jungle:4 ctl_wheel_mdesert:4 loadsave:1 loadsave_pak:1 options:1 paint_pak:1 paint_walk:1 paint_walk2:1 paintshop:1 prac2p_mine_night:4 prac_mcoast_rain:4 practice:2 race_pause:4 rumble_jungle:4 rumble_loadsave:1 ta_desert_car10:4 ta_jungle_car11:4 ta_mmine_car9:4 ta_mmountain_car12:4 timeattack:2 toggles_filter_fbfx:4 views2p_desert:4 views_coast_manual:4,
80256D3C,EQUIVALENT,15227,0,0,a44caeced556,2026-09-29,arc2p_coast_rain:243 arc2p_desert_snow:247 arc2p_jungle_snow:242 arc2p_mine_fog:243 arc2p_mjungle_fog:249 arc2p_mmountain_rain:246 arc2p_mountain_night:240 arc_coast_rain_car4:240 arc_coast_snow_car5:241 arc_desert_fog_car1:237 arc_desert_sunny_car0:245 arc_jungle_night_car8:243 arc_jungle_sunny_car9:241 arc_mcoast_night_car1:240 arc_mcoast_sunny_car2:241 arc_mdesert_rain_car10:245 arc_mdesert_snow_car11:245 arc_mine_night_car7:241 arc_mine_snow_car6:241 arc_mjungle_fog_car5:243 arc_mjungle_rain_car6:243 arc_mmine_fog_car4:241 arc_mmine_night_car3:242 arc_mmountain_night_car0:244 arc_mmountain_snow_car12:247 arc_mountain_fog_car2:238 arc_mountain_rain_car3:237 arcade_timeup:250 attract:209 champ_finish:600 champ_race:209 champ_round1:205 champ_round1_car8:208 credits_demo:284 credits_demo2:319 ctl_typeb_mountain:249 ctl_typec_coast:251 ctl_typed_jungle:250 ctl_wheel_mdesert:253 loadsave:209 loadsave_pak:200 options:209 paint_pak:210 paint_walk:511 paint_walk2:600 paintshop:209 prac2p_mine_night:239 prac_mcoast_rain:244 practice:209 race_pause:216 rumble_jungle:243 rumble_loadsave:194 ta_desert_car10:238 ta_jungle_car11:243 ta_mmine_car9:242 ta_mmountain_car12:243 timeattack:209 toggles_filter_fbfx:229 views2p_desert:249 views_coast_manual:249,
80256DEC,EQUIVALENT,9504,0,0,4d4954b85b6b,2026-10-03,arc2p_coast_rain:156 arc2p_desert_snow:157 arc2p_jungle_snow:157 arc2p_mine_fog:158 arc2p_mjungle_fog:158 arc2p_mmountain_rain:158 arc2p_mountain_night:158 arc_coast_rain_car4:156 arc_coast_snow_car5:156 arc_desert_fog_car1:156 arc_desert_sunny_car0:157 arc_jungle_night_car8:157 arc_jungle_sunny_car9:157 arc_mcoast_night_car1:156 arc_mcoast_sunny_car2:156 arc_mdesert_rain_car10:157 arc_mdesert_snow_car11:157 arc_mine_night_car7:158 arc_mine_snow_car6:158 arc_mjungle_fog_car5:157 arc_mjungle_rain_car6:157 arc_mmine_fog_car4:158 arc_mmine_night_car3:158 arc_mmountain_night_car0:158 arc_mmountain_snow_car12:158 arc_mountain_fog_car2:157 arc_mountain_rain_car3:157 arcade_timeup:157 attract:154 champ_finish:211 champ_race:154 champ_round1:153 champ_round1_car8:153 credits_demo:160 credits_demo2:163 ctl_typeb_mountain:158 ctl_typec_coast:157 ctl_typed_jungle:158 ctl_wheel_mdesert:157 loadsave:154 loadsave_pak:153 options:154 paint_pak:154 paint_walk:179 paint_walk2:193 paintshop:154 prac2p_mine_night:158 prac_mcoast_rain:156 practice:154 race_pause:154 rumble_jungle:157 rumble_loadsave:152 ta_desert_car10:156 ta_jungle_car11:157 ta_mmine_car9:158 ta_mmountain_car12:158 timeattack:154 toggles_filter_fbfx:157 views2p_desert:157 views_coast_manual:157,
8025721C,EQUIVALENT,12267,0,0,ba7e87754892,2026-10-03,arc2p_coast_rain:196 arc2p_desert_snow:198 arc2p_jungle_snow:195 arc2p_mine_fog:196 arc2p_mjungle_fog:199 arc2p_mmountain_rain:197 arc2p_mountain_night:194 arc_coast_rain_car4:194 arc_coast_snow_car5:195 arc_desert_fog_car1:193 arc_desert_sunny_car0:197 arc_jungle_night_car8:196 arc_jungle_sunny_car9:195 arc_mcoast_night_car1:194 arc_mcoast_sunny_car2:195 arc_mdesert_rain_car10:197 arc_mdesert_snow_car11:197 arc_mine_night_car7:195 arc_mine_snow_car6:195 arc_mjungle_fog_car5:196 arc_mjungle_rain_car6:196 arc_mmine_fog_car4:195 arc_mmine_night_car3:195 arc_mmountain_night_car0:196 arc_mmountain_snow_car12:198 arc_mountain_fog_car2:193 arc_mountain_rain_car3:193 arcade_timeup:199 attract:179 champ_finish:525 champ_race:179 champ_round1:177 champ_round1_car8:178 credits_demo:216 credits_demo2:234 ctl_typeb_mountain:199 ctl_typec_coast:200 ctl_typed_jungle:199 ctl_wheel_mdesert:201 loadsave:179 loadsave_pak:174 options:179 paint_pak:179 paint_walk:330 paint_walk2:417 paintshop:179 prac2p_mine_night:194 prac_mcoast_rain:196 practice:179 race_pause:182 rumble_jungle:196 rumble_loadsave:171 ta_desert_car10:193 ta_jungle_car11:196 ta_mmine_car9:195 ta_mmountain_car12:196 timeattack:179 toggles_filter_fbfx:189 views2p_desert:199 views_coast_manual:199,
802575C4,EQUIVALENT,60,0,0,5eb9b2babd85,2026-09-29,arc2p_coast_rain:1 arc2p_desert_snow:1 arc2p_jungle_snow:1 arc2p_mine_fog:1 arc2p_mjungle_fog:1 arc2p_mmountain_rain:1 arc2p_mountain_night:1 arc_coast_rain_car4:1 arc_coast_snow_car5:1 arc_desert_fog_car1:1 arc_desert_sunny_car0:1 arc_jungle_night_car8:1 arc_jungle_sunny_car9:1 arc_mcoast_night_car1:1 arc_mcoast_sunny_car2:1 arc_mdesert_rain_car10:1 arc_mdesert_snow_car11:1 arc_mine_night_car7:1 arc_mine_snow_car6:1 arc_mjungle_fog_car5:1 arc_mjungle_rain_car6:1 arc_mmine_fog_car4:1 arc_mmine_night_car3:1 arc_mmountain_night_car0:1 arc_mmountain_snow_car12:1 arc_mountain_fog_car2:1 arc_mountain_rain_car3:1 arcade_timeup:1 attract:1 champ_finish:1 champ_race:1 champ_round1:1 champ_round1_car8:1 credits_demo:1 credits_demo2:1 ctl_typeb_mountain:1 ctl_typec_coast:1 ctl_typed_jungle:1 ctl_wheel_mdesert:1 loadsave:1 loadsave_pak:1 options:1 paint_pak:1 paint_walk:1 paint_walk2:1 paintshop:1 prac2p_mine_night:1 prac_mcoast_rain:1 practice:1 race_pause:1 rumble_jungle:1 rumble_loadsave:1 ta_desert_car10:1 ta_jungle_car11:1 ta_mmine_car9:1 ta_mmountain_car12:1 timeattack:1 toggles_filter_fbfx:1 views2p_desert:1 views_coast_manual:1,
80257964,EQUIVALENT,3,0,0,6404bfed6473,2026-09-26,arcade_2p:0 attract:0 champ_race:1 loadsave:0 options:0 paintshop:0 practice:1 timeattack:1,
80257C44,EQUIVALENT,1672,0,0,dae0d9c312bc,2026-09-26,arcade_2p:209 attract:209 champ_race:209 loadsave:209 options:209 paintshop:209 practice:209 timeattack:209,
80257D3C,UNCOVERED,0,0,0,b66ed5410673,2026-10-03,arc2p_coast_rain:0 arc2p_desert_snow:0 arc2p_jungle_snow:0 arc2p_mine_fog:0 arc2p_mjungle_fog:0 arc2p_mmountain_rain:0 arc2p_mountain_night:0 arc_coast_rain_car4:0 arc_coast_snow_car5:0 arc_desert_fog_car1:0 arc_desert_sunny_car0:0 arc_jungle_night_car8:0 arc_jungle_sunny_car9:0 arc_mcoast_night_car1:0 arc_mcoast_sunny_car2:0 arc_mdesert_rain_car10:0 arc_mdesert_snow_car11:0 arc_mine_night_car7:0 arc_mine_snow_car6:0 arc_mjungle_fog_car5:0 arc_mjungle_rain_car6:0 arc_mmine_fog_car4:0 arc_mmine_night_car3:0 arc_mmountain_night_car0:0 arc_mmountain_snow_car12:0 arc_mountain_fog_car2:0 arc_mountain_rain_car3:0 arcade_timeup:0 attract:0 champ_finish:0 champ_race:0 champ_round1:0 champ_round1_car8:0 credits_demo:0 credits_demo2:0 ctl_typeb_mountain:0 ctl_typec_coast:0 ctl_typed_jungle:0 ctl_wheel_mdesert:0 loadsave:0 loadsave_pak:0 options:0 paint_pak:0 paint_popups:0 paint_walk:0 paint_walk2:0 paintshop:0 prac2p_mine_night:0 prac_mcoast_rain:0 practice:0 race_pause:0 rumble_jungle:0 rumble_loadsave:0 ta_desert_car10:0 ta_jungle_car11:0 ta_mmine_car9:0 ta_mmountain_car12:0 timeattack:0 toggles_filter_fbfx:0 views2p_desert:0 views_coast_manual:0,
80258248,EQUIVALENT,1247,0,0,4160b4423367,2026-09-26,arcade_2p:0 attract:180 champ_race:286 loadsave:164 options:156 paintshop:0 practice:198 timeattack:263,
80258324,EQUIVALENT,1096,0,0,5691be69cf24,2026-09-26,arcade_2p:0 attract:170 champ_race:233 loadsave:159 options:153 paintshop:0 practice:175 timeattack:206,
802583DC,EQUIVALENT,2332,0,0,d7ee98bb5a1a,2026-09-26,arcade_2p:10 attract:286 champ_race:600 loadsave:218 options:180 paintshop:152 practice:333 timeattack:553,
802587E8,EQUIVALENT,3600,0,0,1e7356234de2,2026-09-26,arcade_2p:0 attract:600 champ_race:600 loadsave:600 options:600 paintshop:0 practice:600 timeattack:600,
802588B8,EQUIVALENT,1166,0,0,258109fd2bc2,2026-09-26,arcade_2p:0 attract:170 champ_race:247 loadsave:159 options:153 paintshop:0 practice:188 timeattack:249,
802589F4,UNCOVERED,0,0,0,443492a42998,2026-10-03,arc2p_coast_rain:0 arc2p_desert_snow:0 arc2p_jungle_snow:0 arc2p_mine_fog:0 arc2p_mjungle_fog:0 arc2p_mmountain_rain:0 arc2p_mountain_night:0 arc_coast_rain_car4:0 arc_coast_snow_car5:0 arc_desert_fog_car1:0 arc_desert_sunny_car0:0 arc_jungle_night_car8:0 arc_jungle_sunny_car9:0 arc_mcoast_night_car1:0 arc_mcoast_sunny_car2:0 arc_mdesert_rain_car10:0 arc_mdesert_snow_car11:0 arc_mine_night_car7:0 arc_mine_snow_car6:0 arc_mjungle_fog_car5:0 arc_mjungle_rain_car6:0 arc_mmine_fog_car4:0 arc_mmine_night_car3:0 arc_mmountain_night_car0:0 arc_mmountain_snow_car12:0 arc_mountain_fog_car2:0 arc_mountain_rain_car3:0 arcade_timeup:0 attract:0 champ_finish:0 champ_race:0 champ_round1:0 champ_round1_car8:0 credits_demo:0 credits_demo2:0 ctl_typeb_mountain:0 ctl_typec_coast:0 ctl_typed_jungle:0 ctl_wheel_mdesert:0 loadsave:0 loadsave_pak:0 options:0 paint_pak:0 paint_popups:0 paint_walk:0 paint_walk2:0 paintshop:0 prac2p_mine_night:0 prac_mcoast_rain:0 practice:0 race_pause:0 rumble_jungle:0 rumble_loadsave:0 ta_desert_car10:0 ta_jungle_car11:0 ta_mmine_car9:0 ta_mmountain_car12:0 timeattack:0 toggles_filter_fbfx:0 views2p_desert:0 views_coast_manual:0,
80258C24,EQUIVALENT,9478,0,0,e6e523ebab3c,2026-09-29,arc2p_coast_rain:195 arc2p_desert_snow:200 arc2p_jungle_snow:172 arc2p_mine_fog:193 arc2p_mjungle_fog:201 arc2p_mmountain_rain:194 arc2p_mountain_night:171 arc_coast_rain_car4:162 arc_coast_snow_car5:164 arc_desert_fog_car1:155 arc_desert_sunny_car0:182 arc_jungle_night_car8:170 arc_jungle_sunny_car9:177 arc_mcoast_night_car1:155 arc_mcoast_sunny_car2:157 arc_mdesert_rain_car10:175 arc_mdesert_snow_car11:177 arc_mine_night_car7:168 arc_mine_snow_car6:168 arc_mjungle_fog_car5:170 arc_mjungle_rain_car6:167 arc_mmine_fog_car4:174 arc_mmine_night_car3:172 arc_mmountain_night_car0:182 arc_mmountain_snow_car12:180 arc_mountain_fog_car2:157 arc_mountain_rain_car3:160 arcade_timeup:193 attract:10 champ_finish:178 champ_race:153 champ_round1:154 champ_round1_car8:156 credits_demo:10 credits_demo2:152 ctl_typeb_mountain:158 ctl_typec_coast:160 ctl_typed_jungle:166 ctl_wheel_mdesert:164 loadsave:10 loadsave_pak:174 options:10 paint_pak:152 paint_walk:158 paint_walk2:163 paintshop:152 prac2p_mine_night:166 prac_mcoast_rain:168 practice:150 race_pause:150 rumble_jungle:169 rumble_loadsave:164 ta_desert_car10:175 ta_jungle_car11:177 ta_mmine_car9:173 ta_mmountain_car12:180 timeattack:150 toggles_filter_fbfx:155 views2p_desert:170 views_coast_manual:160,
80258E04,EQUIVALENT,496,0,0,4b97ecfaebb4,2026-09-26,arcade_2p:0 attract:2 champ_race:157 loadsave:2 options:2 paintshop:0 practice:156 timeattack:177,
80258F70,EQUIVALENT,471,0,0,31c9ce379741,2026-09-26,arcade_2p:0 attract:0 champ_race:154 loadsave:0 options:0 paintshop:0 practice:154 timeattack:163,
802594BC,EQUIVALENT,11899,0,0,f002285bd897,2026-09-29,arc2p_coast_rain:220 arc2p_desert_snow:220 arc2p_jungle_snow:220 arc2p_mine_fog:220 arc2p_mjungle_fog:220 arc2p_mmountain_rain:220 arc2p_mountain_night:220 arc_coast_rain_car4:220 arc_coast_snow_car5:220 arc_desert_fog_car1:220 arc_desert_sunny_car0:220 arc_jungle_night_car8:220 arc_jungle_sunny_car9:215 arc_mcoast_night_car1:220 arc_mcoast_sunny_car2:220 arc_mdesert_rain_car10:220 arc_mdesert_snow_car11:220 arc_mine_night_car7:220 arc_mine_snow_car6:215 arc_mjungle_fog_car5:215 arc_mjungle_rain_car6:215 arc_mmine_fog_car4:209 arc_mmine_night_car3:209 arc_mmountain_night_car0:220 arc_mmountain_snow_car12:220 arc_mountain_fog_car2:220 arc_mountain_rain_car3:220 arcade_timeup:219 attract:170 champ_finish:600 champ_race:233 champ_round1:223 champ_round1_car8:223 credits_demo:176 credits_demo2:239 ctl_typeb_mountain:220 ctl_typec_coast:220 ctl_typed_jungle:215 ctl_wheel_mdesert:220 loadsave:159 loadsave_pak:0 options:153 paint_pak:0 paint_walk:0 paint_walk2:0 paintshop:0 prac2p_mine_night:220 prac_mcoast_rain:195 practice:175 race_pause:167 rumble_jungle:215 rumble_loadsave:0 ta_desert_car10:220 ta_jungle_car11:220 ta_mmine_car9:220 ta_mmountain_car12:220 timeattack:206 toggles_filter_fbfx:209 views2p_desert:232 views_coast_manual:232,
80259634,EQUIVALENT,22185,0,0,ae6d74f4709d,2026-09-29,arc2p_coast_rain:434 arc2p_desert_snow:434 arc2p_jungle_snow:434 arc2p_mine_fog:434 arc2p_mjungle_fog:434 arc2p_mmountain_rain:434 arc2p_mountain_night:434 arc_coast_rain_car4:434 arc_coast_snow_car5:434 arc_desert_fog_car1:434 arc_desert_sunny_car0:434 arc_jungle_night_car8:434 arc_jungle_sunny_car9:416 arc_mcoast_night_car1:434 arc_mcoast_sunny_car2:434 arc_mdesert_rain_car10:434 arc_mdesert_snow_car11:434 arc_mine_night_car7:434 arc_mine_snow_car6:416 arc_mjungle_fog_car5:416 arc_mjungle_rain_car6:416 arc_mmine_fog_car4:392 arc_mmine_night_car3:392 arc_mmountain_night_car0:434 arc_mmountain_snow_car12:434 arc_mountain_fog_car2:434 arc_mountain_rain_car3:434 arcade_timeup:430 attract:233 champ_finish:600 champ_race:486 champ_round1:448 champ_round1_car8:448 credits_demo:259 credits_demo2:512 ctl_typeb_mountain:434 ctl_typec_coast:434 ctl_typed_jungle:416 ctl_wheel_mdesert:434 loadsave:191 loadsave_pak:0 options:168 paint_pak:0 paint_walk:0 paint_walk2:0 paintshop:0 prac2p_mine_night:434 prac_mcoast_rain:334 practice:254 race_pause:222 rumble_jungle:416 rumble_loadsave:0 ta_desert_car10:434 ta_jungle_car11:434 ta_mmine_car9:434 ta_mmountain_car12:434 timeattack:379 toggles_filter_fbfx:389 views2p_desert:483 views_coast_manual:483,
8025993C,EQUIVALENT,1096,0,0,6a11c9338b6c,2026-09-26,arcade_2p:0 attract:170 champ_race:233 loadsave:159 options:153 paintshop:0 practice:175 timeattack:206,
80259D14,EQUIVALENT,10181,0,0,a4d539c40e7d,2026-10-03,arc2p_coast_rain:184 arc2p_desert_snow:184 arc2p_jungle_snow:184 arc2p_mine_fog:184 arc2p_mjungle_fog:184 arc2p_mmountain_rain:184 arc2p_mountain_night:184 arc_coast_rain_car4:184 arc_coast_snow_car5:184 arc_desert_fog_car1:184 arc_desert_sunny_car0:184 arc_jungle_night_car8:184 arc_jungle_sunny_car9:182 arc_mcoast_night_car1:184 arc_mcoast_sunny_car2:184 arc_mdesert_rain_car10:184 arc_mdesert_snow_car11:184 arc_mine_night_car7:184 arc_mine_snow_car6:182 arc_mjungle_fog_car5:182 arc_mjungle_rain_car6:182 arc_mmine_fog_car4:179 arc_mmine_night_car3:179 arc_mmountain_night_car0:184 arc_mmountain_snow_car12:184 arc_mountain_fog_car2:184 arc_mountain_rain_car3:184 arcade_timeup:184 attract:159 champ_finish:600 champ_race:191 champ_round1:186 champ_round1_car8:186 credits_demo:162 credits_demo2:194 ctl_typeb_mountain:184 ctl_typec_coast:184 ctl_typed_jungle:182 ctl_wheel_mdesert:184 loadsave:154 loadsave_pak:0 options:151 paint_pak:0 paint_walk:0 paint_walk2:0 paintshop:0 prac2p_mine_night:184 prac_mcoast_rain:172 practice:162 race_pause:158 rumble_jungle:182 rumble_loadsave:0 ta_desert_car10:184 ta_jungle_car11:184 ta_mmine_car9:184 ta_mmountain_car12:184 timeattack:177 toggles_filter_fbfx:179 views2p_desert:190 views_coast_manual:190,
8025AC9C,EQUIVALENT,15315,0,0,ea01a5c2f509,2026-10-03,arc2p_coast_rain:291 arc2p_desert_snow:291 arc2p_jungle_snow:291 arc2p_mine_fog:291 arc2p_mjungle_fog:291 arc2p_mmountain_rain:291 arc2p_mountain_night:291 arc_coast_rain_car4:291 arc_coast_snow_car5:291 arc_desert_fog_car1:291 arc_desert_sunny_car0:291 arc_jungle_night_car8:291 arc_jungle_sunny_car9:282 arc_mcoast_night_car1:291 arc_mcoast_sunny_car2:291 arc_mdesert_rain_car10:291 arc_mdesert_snow_car11:291 arc_mine_night_car7:291 arc_mine_snow_car6:282 arc_mjungle_fog_car5:282 arc_mjungle_rain_car6:282 arc_mmine_fog_car4:270 arc_mmine_night_car3:270 arc_mmountain_night_car0:291 arc_mmountain_snow_car12:291 arc_mountain_fog_car2:291 arc_mountain_rain_car3:291 arcade_timeup:289 attract:191 champ_finish:600 champ_race:317 champ_round1:298 champ_round1_car8:298 credits_demo:203 credits_demo2:330 ctl_typeb_mountain:291 ctl_typec_coast:291 ctl_typed_jungle:282 ctl_wheel_mdesert:291 loadsave:170 loadsave_pak:0 options:158 paint_pak:0 paint_popups:0 paint_walk:0 paint_walk2:0 paintshop:0 prac2p_mine_night:291 prac_mcoast_rain:241 practice:201 race_pause:185 rumble_jungle:282 rumble_loadsave:0 ta_desert_car10:291 ta_jungle_car11:291 ta_mmine_car9:291 ta_mmountain_car12:291 timeattack:263 toggles_filter_fbfx:268 views2p_desert:316 views_coast_manual:316,
8025B3B0,EQUIVALENT,31709,0,0,f44545a6a019,2026-09-29,arc2p_coast_rain:600 arc2p_desert_snow:600 arc2p_jungle_snow:600 arc2p_mine_fog:600 arc2p_mjungle_fog:600 arc2p_mmountain_rain:600 arc2p_mountain_night:600 arc_coast_rain_car4:600 arc_coast_snow_car5:600 arc_desert_fog_car1:600 arc_desert_sunny_car0:600 arc_jungle_night_car8:600 arc_jungle_sunny_car9:600 arc_mcoast_night_car1:600 arc_mcoast_sunny_car2:600 arc_mdesert_rain_car10:600 arc_mdesert_snow_car11:600 arc_mine_night_car7:600 arc_mine_snow_car6:600 arc_mjungle_fog_car5:600 arc_mjungle_rain_car6:600 arc_mmine_fog_car4:600 arc_mmine_night_car3:600 arc_mmountain_night_car0:600 arc_mmountain_snow_car12:600 arc_mountain_fog_car2:600 arc_mountain_rain_car3:600 arcade_timeup:600 attract:600 champ_finish:600 champ_race:600 champ_round1:600 champ_round1_car8:600 credits_demo:524 credits_demo2:600 ctl_typeb_mountain:600 ctl_typec_coast:600 ctl_typed_jungle:600 ctl_wheel_mdesert:600 loadsave:540 loadsave_pak:0 options:385 paint_pak:0 paint_walk:0 paint_walk2:0 paintshop:0 prac2p_mine_night:600 prac_mcoast_rain:600 practice:600 race_pause:260 rumble_jungle:600 rumble_loadsave:0 ta_desert_car10:600 ta_jungle_car11:600 ta_mmine_car9:600 ta_mmountain_car12:600 timeattack:600 toggles_filter_fbfx:600 views2p_desert:600 views_coast_manual:600,
8025BBB8,EQUIVALENT,6573,0,0,7be1220b3cca,2026-10-03,arc2p_coast_rain:155 arc2p_desert_snow:172 arc2p_jungle_snow:135 arc2p_mine_fog:151 arc2p_mjungle_fog:155 arc2p_mmountain_rain:97 arc2p_mountain_night:154 arc_coast_rain_car4:153 arc_coast_snow_car5:152 arc_desert_fog_car1:160 arc_desert_sunny_car0:170 arc_jungle_night_car8:151 arc_jungle_sunny_car9:4 arc_mcoast_night_car1:152 arc_mcoast_sunny_car2:115 arc_mdesert_rain_car10:159 arc_mdesert_snow_car11:155 arc_mine_night_car7:155 arc_mine_snow_car6:154 arc_mjungle_fog_car5:0 arc_mjungle_rain_car6:69 arc_mmine_fog_car4:153 arc_mmine_night_car3:36 arc_mmountain_night_car0:159 arc_mmountain_snow_car12:152 arc_mountain_fog_car2:159 arc_mountain_rain_car3:156 arcade_timeup:0 attract:2 champ_finish:213 champ_race:157 champ_round1:154 champ_round1_car8:55 credits_demo:6 credits_demo2:56 ctl_typeb_mountain:156 ctl_typec_coast:152 ctl_typed_jungle:151 ctl_wheel_mdesert:152 loadsave:2 loadsave_pak:0 options:2 paint_pak:0 paint_popups:0 paint_walk:0 paint_walk2:0 paintshop:0 prac2p_mine_night:178 prac_mcoast_rain:152 practice:156 race_pause:75 rumble_jungle:54 rumble_loadsave:0 ta_desert_car10:151 ta_jungle_car11:1 ta_mmine_car9:153 ta_mmountain_car12:152 timeattack:177 toggles_filter_fbfx:157 views2p_desert:174 views_coast_manual:152,
8025C8DC,EQUIVALENT,826,0,0,6b9a69e68ee9,2026-09-26,arcade_2p:0 attract:154 champ_race:182 loadsave:151 options:10 paintshop:0 practice:164 timeattack:165,
8025CBF8,EQUIVALENT,2049,0,0,81f2925fdcbb,2026-09-26,arcade_2p:0 attract:230 champ_race:600 loadsave:189 options:164 paintshop:0 practice:392 timeattack:474,
8025D060,EQUIVALENT,10181,0,0,750b2ac6d60a,2026-09-29,arc2p_coast_rain:184 arc2p_desert_snow:184 arc2p_jungle_snow:184 arc2p_mine_fog:184 arc2p_mjungle_fog:184 arc2p_mmountain_rain:184 arc2p_mountain_night:184 arc_coast_rain_car4:184 arc_coast_snow_car5:184 arc_desert_fog_car1:184 arc_desert_sunny_car0:184 arc_jungle_night_car8:184 arc_jungle_sunny_car9:182 arc_mcoast_night_car1:184 arc_mcoast_sunny_car2:184 arc_mdesert_rain_car10:184 arc_mdesert_snow_car11:184 arc_mine_night_car7:184 arc_mine_snow_car6:182 arc_mjungle_fog_car5:182 arc_mjungle_rain_car6:182 arc_mmine_fog_car4:179 arc_mmine_night_car3:179 arc_mmountain_night_car0:184 arc_mmountain_snow_car12:184 arc_mountain_fog_car2:184 arc_mountain_rain_car3:184 arcade_timeup:184 attract:159 champ_finish:600 champ_race:191 champ_round1:186 champ_round1_car8:186 credits_demo:162 credits_demo2:194 ctl_typeb_mountain:184 ctl_typec_coast:184 ctl_typed_jungle:182 ctl_wheel_mdesert:184 loadsave:154 loadsave_pak:0 options:151 paint_pak:0 paint_walk:0 paint_walk2:0 paintshop:0 prac2p_mine_night:184 prac_mcoast_rain:172 practice:162 race_pause:158 rumble_jungle:182 rumble_loadsave:0 ta_desert_car10:184 ta_jungle_car11:184 ta_mmine_car9:184 ta_mmountain_car12:184 timeattack:177 toggles_filter_fbfx:179 views2p_desert:190 views_coast_manual:190,
8025DCB8,EQUIVALENT,5735,0,0,4ccbdf482de4,2026-09-29,arc2p_coast_rain:155 arc2p_desert_snow:171 arc2p_jungle_snow:111 arc2p_mine_fog:151 arc2p_mjungle_fog:152 arc2p_mmountain_rain:97 arc2p_mountain_night:151 arc_coast_rain_car4:153 arc_coast_snow_car5:152 arc_desert_fog_car1:160 arc_desert_sunny_car0:170 arc_jungle_night_car8:0 arc_jungle_sunny_car9:4 arc_mcoast_night_car1:152 arc_mcoast_sunny_car2:115 arc_mdesert_rain_car10:159 arc_mdesert_snow_car11:155 arc_mine_night_car7:155 arc_mine_snow_car6:154 arc_mjungle_fog_car5:0 arc_mjungle_rain_car6:69 arc_mmine_fog_car4:152 arc_mmine_night_car3:36 arc_mmountain_night_car0:92 arc_mmountain_snow_car12:151 arc_mountain_fog_car2:32 arc_mountain_rain_car3:96 arcade_timeup:0 attract:2 champ_finish:172 champ_race:157 champ_round1:152 champ_round1_car8:7 credits_demo:6 credits_demo2:59 ctl_typeb_mountain:150 ctl_typec_coast:152 ctl_typed_jungle:151 ctl_wheel_mdesert:5 loadsave:2 loadsave_pak:0 options:2 paint_pak:0 paint_walk:0 paint_walk2:0 paintshop:0 prac2p_mine_night:142 prac_mcoast_rain:152 practice:156 race_pause:75 rumble_jungle:12 rumble_loadsave:0 ta_desert_car10:151 ta_jungle_car11:1 ta_mmine_car9:153 ta_mmountain_car12:152 timeattack:177 toggles_filter_fbfx:90 views2p_desert:160 views_coast_manual:152,
8025DFCC,EQUIVALENT,15318,0,0,835e71bc99f0,2026-09-29,arc2p_coast_rain:291 arc2p_desert_snow:291 arc2p_jungle_snow:291 arc2p_mine_fog:291 arc2p_mjungle_fog:291 arc2p_mmountain_rain:291 arc2p_mountain_night:291 arc_coast_rain_car4:291 arc_coast_snow_car5:291 arc_desert_fog_car1:291 arc_desert_sunny_car0:291 arc_jungle_night_car8:291 arc_jungle_sunny_car9:282 arc_mcoast_night_car1:291 arc_mcoast_sunny_car2:291 arc_mdesert_rain_car10:291 arc_mdesert_snow_car11:291 arc_mine_night_car7:291 arc_mine_snow_car6:282 arc_mjungle_fog_car5:282 arc_mjungle_rain_car6:282 arc_mmine_fog_car4:270 arc_mmine_night_car3:270 arc_mmountain_night_car0:291 arc_mmountain_snow_car12:291 arc_mountain_fog_car2:291 arc_mountain_rain_car3:291 arcade_timeup:289 attract:191 champ_finish:600 champ_race:317 champ_round1:298 champ_round1_car8:298 credits_demo:204 credits_demo2:330 ctl_typeb_mountain:291 ctl_typec_coast:291 ctl_typed_jungle:282 ctl_wheel_mdesert:291 loadsave:170 loadsave_pak:0 options:158 paint_pak:0 paint_walk:0 paint_walk2:0 paintshop:0 prac2p_mine_night:291 prac_mcoast_rain:241 practice:201 race_pause:185 rumble_jungle:282 rumble_loadsave:0 ta_desert_car10:291 ta_jungle_car11:291 ta_mmine_car9:291 ta_mmountain_car12:291 timeattack:264 toggles_filter_fbfx:269 views2p_desert:316 views_coast_manual:316,
8025E820,EQUIVALENT,994,0,0,d4e17c9df972,2026-09-26,arcade_2p:0 attract:159 champ_race:191 loadsave:154 options:151 paintshop:0 practice:162 timeattack:177,
8025E96C,EQUIVALENT,15318,0,0,bed94b6145a7,2026-09-29,arc2p_coast_rain:291 arc2p_desert_snow:291 arc2p_jungle_snow:291 arc2p_mine_fog:291 arc2p_mjungle_fog:291 arc2p_mmountain_rain:291 arc2p_mountain_night:291 arc_coast_rain_car4:291 arc_coast_snow_car5:291 arc_desert_fog_car1:291 arc_desert_sunny_car0:291 arc_jungle_night_car8:291 arc_jungle_sunny_car9:282 arc_mcoast_night_car1:291 arc_mcoast_sunny_car2:291 arc_mdesert_rain_car10:291 arc_mdesert_snow_car11:291 arc_mine_night_car7:291 arc_mine_snow_car6:282 arc_mjungle_fog_car5:282 arc_mjungle_rain_car6:282 arc_mmine_fog_car4:270 arc_mmine_night_car3:270 arc_mmountain_night_car0:291 arc_mmountain_snow_car12:291 arc_mountain_fog_car2:291 arc_mountain_rain_car3:291 arcade_timeup:289 attract:191 champ_finish:600 champ_race:317 champ_round1:298 champ_round1_car8:298 credits_demo:204 credits_demo2:330 ctl_typeb_mountain:291 ctl_typec_coast:291 ctl_typed_jungle:282 ctl_wheel_mdesert:291 loadsave:170 loadsave_pak:0 options:158 paint_pak:0 paint_walk:0 paint_walk2:0 paintshop:0 prac2p_mine_night:291 prac_mcoast_rain:241 practice:201 race_pause:185 rumble_jungle:282 rumble_loadsave:0 ta_desert_car10:291 ta_jungle_car11:291 ta_mmine_car9:291 ta_mmountain_car12:291 timeattack:264 toggles_filter_fbfx:269 views2p_desert:316 views_coast_manual:316,
8025EDBC,EQUIVALENT,10181,0,0,529db80fc427,2026-09-29,arc2p_coast_rain:184 arc2p_desert_snow:184 arc2p_jungle_snow:184 arc2p_mine_fog:184 arc2p_mjungle_fog:184 arc2p_mmountain_rain:184 arc2p_mountain_night:184 arc_coast_rain_car4:184 arc_coast_snow_car5:184 arc_desert_fog_car1:184 arc_desert_sunny_car0:184 arc_jungle_night_car8:184 arc_jungle_sunny_car9:182 arc_mcoast_night_car1:184 arc_mcoast_sunny_car2:184 arc_mdesert_rain_car10:184 arc_mdesert_snow_car11:184 arc_mine_night_car7:184 arc_mine_snow_car6:182 arc_mjungle_fog_car5:182 arc_mjungle_rain_car6:182 arc_mmine_fog_car4:179 arc_mmine_night_car3:179 arc_mmountain_night_car0:184 arc_mmountain_snow_car12:184 arc_mountain_fog_car2:184 arc_mountain_rain_car3:184 arcade_timeup:184 attract:159 champ_finish:600 champ_race:191 champ_round1:186 champ_round1_car8:186 credits_demo:162 credits_demo2:194 ctl_typeb_mountain:184 ctl_typec_coast:184 ctl_typed_jungle:182 ctl_wheel_mdesert:184 loadsave:154 loadsave_pak:0 options:151 paint_pak:0 paint_walk:0 paint_walk2:0 paintshop:0 prac2p_mine_night:184 prac_mcoast_rain:172 practice:162 race_pause:158 rumble_jungle:182 rumble_loadsave:0 ta_desert_car10:184 ta_jungle_car11:184 ta_mmine_car9:184 ta_mmountain_car12:184 timeattack:177 toggles_filter_fbfx:179 views2p_desert:190 views_coast_manual:190,
8025F18C,EQUIVALENT,21791,0,0,3e8cc5ab4de3,2026-09-29,arc2p_coast_rain:454 arc2p_desert_snow:454 arc2p_jungle_snow:454 arc2p_mine_fog:454 arc2p_mjungle_fog:454 arc2p_mmountain_rain:454 arc2p_mountain_night:454 arc_coast_rain_car4:416 arc_coast_snow_car5:416 arc_desert_fog_car1:416 arc_desert_sunny_car0:416 arc_jungle_night_car8:416 arc_jungle_sunny_car9:400 arc_mcoast_night_car1:416 arc_mcoast_sunny_car2:416 arc_mdesert_rain_car10:416 arc_mdesert_snow_car11:416 arc_mine_night_car7:416 arc_mine_snow_car6:400 arc_mjungle_fog_car5:400 arc_mjungle_rain_car6:400 arc_mmine_fog_car4:377 arc_mmine_night_car3:377 arc_mmountain_night_car0:416 arc_mmountain_snow_car12:416 arc_mountain_fog_car2:416 arc_mountain_rain_car3:416 arcade_timeup:412 attract:243 champ_finish:600 champ_race:444 champ_round1:411 champ_round1_car8:411 credits_demo:272 credits_demo2:556 ctl_typeb_mountain:416 ctl_typec_coast:416 ctl_typed_jungle:400 ctl_wheel_mdesert:416 loadsave:196 loadsave_pak:0 options:170 paint_pak:0 paint_walk:0 paint_walk2:0 paintshop:0 prac2p_mine_night:454 prac_mcoast_rain:341 practice:268 race_pause:234 rumble_jungle:400 rumble_loadsave:0 ta_desert_car10:416 ta_jungle_car11:416 ta_mmine_car9:416 ta_mmountain_car12:416 timeattack:364 toggles_filter_fbfx:374 views2p_desert:510 views_coast_manual:463,
8025F4F8,EQUIVALENT,6678,0,0,6d9e42e7b5d3,2026-10-03,arc2p_coast_rain:163 arc2p_desert_snow:164 arc2p_jungle_snow:165 arc2p_mine_fog:164 arc2p_mjungle_fog:167 arc2p_mmountain_rain:164 arc2p_mountain_night:173 arc_coast_rain_car4:164 arc_coast_snow_car5:164 arc_desert_fog_car1:169 arc_desert_sunny_car0:166 arc_jungle_night_car8:170 arc_jungle_sunny_car9:168 arc_mcoast_night_car1:170 arc_mcoast_sunny_car2:169 arc_mdesert_rain_car10:172 arc_mdesert_snow_car11:164 arc_mine_night_car7:171 arc_mine_snow_car6:163 arc_mjungle_fog_car5:170 arc_mjungle_rain_car6:165 arc_mmine_fog_car4:165 arc_mmine_night_car3:172 arc_mmountain_night_car0:168 arc_mmountain_snow_car12:163 arc_mountain_fog_car2:170 arc_mountain_rain_car3:166 arcade_timeup:162 attract:0 champ_finish:179 champ_race:0 champ_round1:151 champ_round1_car8:150 credits_demo:0 credits_demo2:0 ctl_typeb_mountain:166 ctl_typec_coast:164 ctl_typed_jungle:165 ctl_wheel_mdesert:170 loadsave:0 loadsave_pak:0 options:0 paint_pak:0 paint_walk:0 paint_walk2:0 paintshop:0 prac2p_mine_night:181 prac_mcoast_rain:0 practice:0 race_pause:0 rumble_jungle:167 rumble_loadsave:0 ta_desert_car10:0 ta_jungle_car11:0 ta_mmine_car9:0 ta_mmountain_car12:0 timeattack:0 toggles_filter_fbfx:168 views2p_desert:173 views_coast_manual:173,
8025FDE4,EQUIVALENT,15318,0,0,cd0fffdabca6,2026-10-03,arc2p_coast_rain:291 arc2p_desert_snow:291 arc2p_jungle_snow:291 arc2p_mine_fog:291 arc2p_mjungle_fog:291 arc2p_mmountain_rain:291 arc2p_mountain_night:291 arc_coast_rain_car4:291 arc_coast_snow_car5:291 arc_desert_fog_car1:291 arc_desert_sunny_car0:291 arc_jungle_night_car8:291 arc_jungle_sunny_car9:282 arc_mcoast_night_car1:291 arc_mcoast_sunny_car2:291 arc_mdesert_rain_car10:291 arc_mdesert_snow_car11:291 arc_mine_night_car7:291 arc_mine_snow_car6:282 arc_mjungle_fog_car5:282 arc_mjungle_rain_car6:282 arc_mmine_fog_car4:270 arc_mmine_night_car3:270 arc_mmountain_night_car0:291 arc_mmountain_snow_car12:291 arc_mountain_fog_car2:291 arc_mountain_rain_car3:291 arcade_timeup:289 attract:191 champ_finish:600 champ_race:317 champ_round1:298 champ_round1_car8:298 credits_demo:204 credits_demo2:330 ctl_typeb_mountain:291 ctl_typec_coast:291 ctl_typed_jungle:282 ctl_wheel_mdesert:291 loadsave:170 loadsave_pak:0 options:158 paint_pak:0 paint_walk:0 paint_walk2:0 paintshop:0 prac2p_mine_night:291 prac_mcoast_rain:241 practice:201 race_pause:185 rumble_jungle:282 rumble_loadsave:0 ta_desert_car10:291 ta_jungle_car11:291 ta_mmine_car9:291 ta_mmountain_car12:291 timeattack:264 toggles_filter_fbfx:269 views2p_desert:316 views_coast_manual:316,
80260490,EQUIVALENT,201,0,1471,bbebb58a817a,2026-09-26,arcade_2p:0 attract:35 champ_race:47 loadsave:19 options:8 paintshop:0 practice:44 timeattack:48,
