# Championship, a fresh season: the first round driven all three laps to the flag; the instant replay restarted with A and left with START, then the results screens and on, A pressed every few seconds.
#
# Written by n64/tools/n64drive.py (plan 'champ_finish'); the driver saw:
#   TOP GEAR RALLY: row 0
#   First Season: row 2
#   P1 car 1
#   race 28636 frames (P1 finished, 3 laps); P1 drove 3.00 laps
frames 43927
0 -
80 A
88 -
294 START
302 -
514 A
522 -
572 A
580 -
682 A
690 -
788 START
812 -
826 A
850 -
864 A
888 -
902 A
926 -
940 A
964 -
978 A
1012 -
1032 A
1400 A -1 0
1414 A -2 0
1416 A -3 0
1428 A -4 0
1432 A -5 0
1440 A -6 0
1446 A -7 0
1460 A -8 0
1466 A -7 0
1468 A -8 0
1476 A -7 0
1480 A -8 0
1486 A -7 0
1492 A -8 0
1496 A -7 0
1512 A -6 0
1516 A -7 0
1522 A -6 0
1528 A -7 0
1530 A -6 0
1536 A -5 0
1538 A -4 0
1540 A -5 0
1544 A -4 0
1546 A -5 0
1552 A -4 0
1554 A -5 0
1558 A -4 0
1560 A -5 0
1564 A -4 0
1568 A -5 0
1570 A -4 0
1574 A -5 0
1578 A -4 0
1580 A -5 0
1584 A -4 0
1586 A -5 0
1590 A -4 0
1594 A -5 0
1596 A -4 0
1600 A -5 0
1602 A -4 0
1606 A -5 0
1608 A -4 0
1646 A -3 0
1660 A -4 0
1662 A -3 0
1714 A -2 0
1716 A -3 0
1724 A -2 0
1726 A -3 0
1728 A -2 0
1732 A -3 0
1734 A -2 0
1736 A -3 0
1738 A -2 0
1742 A -3 0
1744 A -4 0
1746 A -5 0
1748 A -6 0
1750 A -7 0
1752 A -8 0
1758 A -10 0
1762 A -11 0
1766 A -12 0
1770 A -13 0
1774 A -14 0
1782 A -15 0
1794 A -16 0
1796 A -19 0
1800 - -22 0
1802 - -23 0
1804 - -25 0
1806 - -26 0
1808 - -28 0
1810 - -29 0
1812 - -31 0
1814 - -32 0
1816 - -34 0
1818 - -35 0
1820 - -37 0
1822 - -38 0
1824 A -40 0
1826 A -41 0
1828 A -43 0
1830 A -42 0
1832 A -44 0
1834 A -43 0
1836 A -44 0
1838 A -43 0
1840 A -41 0
1848 A -40 0
1852 A -38 0
1854 A -37 0
1856 A -34 0
1858 A -28 0
1860 A -32 0
1862 A -33 0
1864 A -34 0
1866 A -32 0
1868 A -33 0
1870 A -31 0
1872 A -32 0
1874 A -30 0
1878 A -28 0
1882 A -30 0
1886 A -32 0
1890 A -33 0
1894 A -34 0
1900 A -31 0
1902 A -33 0
1904 A -32 0
1906 A -34 0
1908 A -33 0
1910 A -35 0
1912 A -33 0
1914 A -35 0
1916 A -32 0
1918 A -30 0
1920 A -29 0
1922 A -31 0
1924 A -30 0
1926 A -31 0
1928 A -30 0
1930 A -32 0
1932 A -30 0
1934 A -32 0
1936 A -30 0
1938 A -27 0
1940 A -29 0
1942 A -28 0
1944 A -30 0
1946 A -28 0
1948 A -30 0
1950 A -28 0
1952 A -29 0
1954 A -27 0
1956 A -29 0
1958 A -26 0
1960 A -24 0
1962 A -25 0
1964 A -22 0
1966 A -23 0
1968 A -20 0
1972 A -17 0
1974 A -11 0
1976 A -10 0
1978 A -7 0
1982 A -5 0
1984 A -4 0
1986 A -3 0
1988 A -2 0
1990 A -1 0
1992 A
1996 A 2 0
2000 A 3 0
2002 A 4 0
2004 A 5 0
2008 A 7 0
2012 A 8 0
2014 A 9 0
2016 A 10 0
2018 A 9 0
2020 A 10 0
2022 A 9 0
2024 A 10 0
2026 A 9 0
2028 A 10 0
2048 A 11 0
2052 A 12 0
2074 A 11 0
2078 A 10 0
2082 A 9 0
2086 A 8 0
2090 A 7 0
2094 A 6 0
2096 A 5 0
2100 A 4 0
2104 A 3 0
2108 A 2 0
2112 A 1 0
2116 A
2124 A -2 0
2128 A -3 0
2132 A -5 0
2136 A -6 0
2138 A -8 0
2140 A -9 0
2142 A -10 0
2146 A -11 0
2150 A -12 0
2152 A -13 0
2162 A -12 0
2170 A -11 0
2174 A -10 0
2176 B -10 0
2178 B -9 0
2184 B -8 0
2188 B -7 0
2192 - -5 0
2194 - -6 0
2196 - -4 0
2200 - -5 0
2202 - -3 0
2206 - -1 0
2210 -
2214 - 3 0
2218 - 5 0
2222 B 7 0
2224 B 8 0
2226 B 12 0
2228 B 8 0
2230 B 13 0
2234 B 14 0
2236 B 18 0
2238 B 19 0
2240 B 22 0
2242 B 23 0
2244 B 24 0
2246 B 27 0
2250 B 28 0
2252 - 27 0
2256 - 28 0
2260 - 29 0
2262 - 32 0
2264 - 33 0
2268 - 35 0
2270 - 36 0
2272 - 37 0
2276 - 38 0
2278 - 39 0
2280 - 38 0
2284 - 39 0
2286 - 37 0
2290 - 38 0
2296 - 39 0
2300 - 42 0
2302 - 45 0
2306 - 48 0
2308 - 47 0
2310 - 42 0
2312 - 40 0
2316 - 38 0
2320 - 40 0
2322 - 41 0
2324 - 42 0
2326 - 43 0
2328 - 44 0
2332 - 45 0
2334 - 47 0
2336 - 48 0
2338 - 50 0
2340 A 48 0
2342 A 42 0
2344 A 38 0
2346 - 39 0
2348 - 40 0
2350 - 44 0
2352 - 45 0
2354 - 47 0
2356 - 50 0
2358 A 51 0
2360 - 52 0
2362 A 54 0
2364 - 54 0
2366 - 56 0
2368 - 58 0
2370 A 61 0
2372 A 58 0
2374 A 54 0
2376 A 50 0
2378 A 52 0
2380 A 53 0
2382 A 54 0
2384 A 55 0
2386 A 57 0
2388 A 58 0
2394 A 57 0
2396 A 60 0
2398 A 62 0
2400 A 64 0
2404 A 65 0
2406 A 62 0
2408 A 57 0
2410 A 49 0
2414 A 52 0
2416 A 50 0
2418 A 52 0
2420 A 54 0
2422 A 56 0
2424 A 54 0
2426 A 50 0
2428 A 46 0
2430 A 47 0
2432 A 49 0
2434 A 52 0
2436 A 54 0
2438 A 50 0
2440 A 46 0
2442 A 43 0
2444 A 41 0
2446 A 44 0
2448 A 46 0
2450 A 48 0
2452 A 47 0
2454 A 48 0
2458 A 42 0
2462 A 45 0
2464 A 43 0
2466 A 41 0
2468 A 42 0
2470 A 44 0
2472 A 43 0
2474 A 41 0
2476 A 34 0
2478 A 36 0
2480 A 35 0
2482 A 37 0
2484 A 39 0
2486 A 38 0
2488 A 39 0
2490 A 37 0
2494 A 38 0
2496 A 35 0
2498 A 37 0
2500 A 35 0
2502 A 36 0
2506 A 31 0
2508 A 29 0
2510 A 31 0
2512 A 30 0
2514 A 31 0
2516 A 30 0
2518 A 31 0
2520 A 32 0
2522 A 30 0
2524 A 31 0
2526 A 32 0
2528 A 30 0
2530 A 31 0
2532 A 28 0
2534 A 29 0
2536 A 26 0
2538 A 27 0
2542 A 25 0
2544 A 26 0
2548 A 24 0
2552 A 21 0
2556 A 18 0
2562 A 14 0
2566 A 11 0
2568 A 10 0
2572 A 8 0
2576 A 6 0
2582 A 3 0
2584 A 4 0
2586 A 1 0
2590 A
2596 A -2 0
2600 A -5 0
2604 A -6 0
2610 A -7 0
2614 A -8 0
2618 A -9 0
2624 A -10 0
2628 A -11 0
2634 A -10 0
2636 A -8 0
2638 A -9 0
2640 A -7 0
2644 A -6 0
2648 A -5 0
2652 A -4 0
2654 A -5 0
2656 A
2660 A 4 0
2664 A 8 0
2668 - 12 0
2674 - 15 0
2678 - 17 0
2682 - 19 0
2684 - 20 0
2686 - 21 0
2688 - 22 0
2692 - 24 0
2694 - 25 0
2696 - 26 0
2698 - 27 0
2700 - 28 0
2702 B 29 0
2704 B 30 0
2706 B 31 0
2708 A 31 0
2710 A 32 0
2712 B 32 0
2714 B 33 0
2716 B 34 0
2718 B 32 0
2720 A 35 0
2722 - 17 0
2724 - -8 0
2726 - -28 0
2728 B -28 0
2730 B -30 0
2734 - -30 0
2736 - -32 0
2744 - -33 0
2748 - -32 0
2752 - -33 0
2754 - -46 0
2756 - -47 0
2758 - -48 0
2760 B -57 0
2762 - -58 0
2764 - -59 0
2766 - -60 0
2768 - -66 0
2774 A -68 0
2776 A -67 0
2778 A -66 0
2780 A -64 0
2782 A -61 0
2784 A -58 0
2786 A -55 0
2788 A -50 0
2790 A -45 0
2792 A -30 0
2794 A -37 0
2796 A -38 0
2798 A -40 0
2800 A -37 0
2802 A -38 0
2808 A -37 0
2816 A -35 0
2820 A -36 0
2822 A -37 0
2826 A -38 0
2828 A -39 0
2830 - -38 0
2832 A -39 0
2834 - -41 0
2836 - -42 0
2838 A -45 0
2840 - -47 0
2842 A -48 0
2844 A -47 0
2846 - -47 0
2848 - -49 0
2850 - -51 0
2852 A -54 0
2854 A -52 0
2856 A -50 0
2858 A -48 0
2860 A -49 0
2862 - -48 0
2864 - -49 0
2866 - -51 0
2868 - -48 0
2870 A -48 0
2872 - -49 0
2874 - -51 0
2876 - -54 0
2878 A -56 0
2882 A -55 0
2884 - -56 0
2886 - -58 0
2888 A -59 0
2890 A -57 0
2892 A -54 0
2894 A -53 0
2896 A -55 0
2900 A -57 0
2902 A -55 0
2904 - -50 0
2906 A -48 0
2908 - -50 0
2910 - -52 0
2912 - -49 0
2914 - -51 0
2916 - -50 0
2918 - -49 0
2920 - -50 0
2922 - -52 0
2924 - -55 0
2926 - -56 0
2928 A -56 0
2930 A -55 0
2932 A -54 0
2934 A -52 0
2936 A -54 0
2938 A -56 0
2940 A -55 0
2944 A -54 0
2946 A -48 0
2950 A -50 0
2952 A -48 0
2954 A -50 0
2956 A -49 0
2958 A -48 0
2960 A -47 0
2962 A -49 0
2964 A -51 0
2966 A -52 0
2970 A -51 0
2972 A -48 0
2974 A -50 0
2976 A -52 0
2978 A -51 0
2980 A -53 0
2984 A -50 0
2986 A -51 0
2988 A -53 0
2990 A -50 0
2992 A -52 0
2994 A -50 0
2996 A -49 0
2998 A -52 0
3000 A -55 0
3002 A -58 0
3004 A -57 0
3006 A -54 0
3010 A -52 0
3012 A -54 0
3014 A -56 0
3016 A -55 0
3018 A -58 0
3020 A -56 0
3022 A -46 0
3024 A -49 0
3026 A -48 0
3028 A -50 0
3030 A -48 0
3032 A -44 0
3034 A -38 0
3036 A -39 0
3038 A -41 0
3042 A -42 0
3044 A -43 0
3046 A -41 0
3048 A -38 0
3050 A -37 0
3052 A -36 0
3054 A -38 0
3056 A -40 0
3058 A -38 0
3060 A -39 0
3062 A -35 0
3064 A -33 0
3066 A -35 0
3068 A -33 0
3070 A -34 0
3072 A -35 0
3074 A -32 0
3076 A -34 0
3078 A -35 0
3080 A -32 0
3082 A -33 0
3084 A -31 0
3086 A -32 0
3088 A -30 0
3090 A -31 0
3092 A -32 0
3094 A -29 0
3096 A -30 0
3098 A -27 0
3102 A -24 0
3108 A -20 0
3110 A -19 0
3112 A -15 0
3118 A -14 0
3122 A -13 0
3126 A -11 0
3130 A -9 0
3134 A -10 0
3136 A -7 0
3138 A -8 0
3140 A -5 0
3142 A -6 0
3144 A -3 0
3146 A -4 0
3150 A -2 0
3154 A
3158 A -1 0
3162 A -2 0
3164 A -3 0
3168 A -4 0
3172 A -5 0
3176 A -6 0
3182 A -7 0
3186 A -8 0
3192 A -9 0
3194 A -8 0
3196 A -9 0
3214 A -10 0
3216 A -9 0
3220 - -9 0
3224 - -8 0
3228 - -7 0
3230 - -8 0
3236 - -9 0
3238 - -3 0
3242 - 1 0
3246 - 6 0
3250 A 7 0
3252 - 11 0
3254 A 12 0
3256 A 16 0
3258 - 17 0
3260 A 18 0
3262 A 22 0
3264 - 24 0
3266 B 27 0
3268 B 29 0
3270 A 31 0
3272 A 32 0
3274 A 33 0
3276 B 39 0
3282 B 43 0
3286 B 46 0
3288 A 46 0
3292 B 47 0
3294 B 46 0
3296 - 46 0
3298 - 45 0
3300 A 45 0
3302 A 46 0
3304 A 44 0
3306 A 43 0
3310 A 40 0
3312 A 39 0
3318 A 34 0
3320 A 33 0
3324 A 26 0
3330 A 18 0
3336 A 15 0
3340 A 12 0
3346 A 8 0
3352 A 4 0
3356 A 5 0
3358 A
3362 A 1 0
3364 A -3 0
3370 A -2 0
3372 A -7 0
3378 A -12 0
3386 A -17 0
3392 A -14 0
3398 A -12 0
3400 A -11 0
3404 A -9 0
3408 A -7 0
3410 A -6 0
3414 A -4 0
3418 A -3 0
3420 A -2 0
3422 A -1 0
3432 A
3442 A 5 0
3448 B 10 0
3450 A 11 0
3454 A 15 0
3456 B 15 0
3458 A 16 0
3460 B 19 0
3462 B 20 0
3464 - 20 0
3468 - 21 0
3470 - 24 0
3472 - 25 0
3474 - 26 0
3476 - 28 0
3478 - 29 0
3480 - 30 0
3482 - 31 0
3484 - 33 0
3486 - 34 0
3488 - 35 0
3490 - 36 0
3492 - 38 0
3496 - 39 0
3498 - 41 0
3500 - 47 0
3502 - 49 0
3504 - 51 0
3506 A 56 0
3508 A 57 0
3510 A 59 0
3512 A 61 0
3514 A 62 0
3518 - 61 0
3522 - 60 0
3524 - 57 0
3526 - 55 0
3528 - 54 0
3530 - 49 0
3532 - 47 0
3534 A 46 0
3536 A 45 0
3538 A 38 0
3540 A 37 0
3542 A 35 0
3544 A 34 0
3546 A 26 0
3548 A 25 0
3550 A 24 0
3552 A 15 0
3554 A 14 0
3556 A 13 0
3558 A 11 0
3562 A 10 0
3564 A 9 0
3566 A 7 0
3572 A 4 0
3580 A 1 0
3586 A -1 0
3594 A -5 0
3602 A -4 0
3604 A -9 0
3610 A -13 0
3616 A -16 0
3620 A -17 0
3624 A -20 0
3630 A -15 0
3636 A -10 0
3640 A -9 0
3642 A -5 0
3646 A -4 0
3648 A -1 0
3654 A 2 0
3662 A 5 0
3664 A 6 0
3666 A 8 0
3668 A 9 0
3672 A 11 0
3676 A 13 0
3680 A 14 0
3682 A 15 0
3686 A 16 0
3688 A 17 0
3692 A 18 0
3694 A 24 0
3698 A 30 0
3700 A 31 0
3702 A 32 0
3704 A 36 0
3706 A 37 0
3708 A 39 0
3710 A 42 0
3712 A 43 0
3714 A 45 0
3716 A 47 0
3718 A 48 0
3720 A 49 0
3722 A 50 0
3730 A 48 0
3736 A 45 0
3738 A 44 0
3742 A 39 0
3744 A 38 0
3746 A 33 0
3748 A 32 0
3750 A 31 0
3752 A 27 0
3754 A 26 0
3756 A 25 0
3758 A 20 0
3760 A 19 0
3762 A 14 0
3764 A 13 0
3768 A 7 0
3772 A 6 0
3774 A 1 0
3776 A
3778 A -4 0
3780 A -5 0
3784 A -10 0
3786 A -11 0
3790 A -16 0
3792 A -17 0
3796 A -22 0
3800 A -27 0
3806 A -31 0
3810 A -34 0
3816 A -36 0
3820 B -39 0
3822 B -38 0
3824 A -38 0
3826 B -40 0
3828 A -39 0
3830 A -38 0
3832 B -39 0
3834 B -38 0
3836 - -37 0
3838 A -37 0
3840 A -36 0
3842 A -34 0
3844 A -33 0
3846 A -32 0
3848 A -30 0
3850 A -29 0
3852 A -26 0
3854 A -25 0
3856 A -24 0
3858 A -20 0
3860 A -19 0
3862 A -18 0
3864 B -17 0
3866 B -18 0
3868 A -18 0
3870 - -15 0
3876 - -12 0
3880 - -13 0
3882 - -9 0
3886 - -10 0
3888 - -6 0
3894 - -2 0
3898 - -3 0
3900 - 1 0
3904 -
3908 - 5 0
3914 B 9 0
3920 A 9 0
3922 B 14 0
3924 A 14 0
3928 B 8 0
3930 - 14 0
3936 - 7 0
3938 - 6 0
3942 - 5 0
3944 -
3948 - -1 0
3952 - -6 0
3954 - -7 0
3958 - -8 0
3960 - -12 0
3962 - -13 0
3966 - -14 0
3968 - -17 0
3974 - -18 0
3976 - -19 0
3992 - -41 0
3994 - -42 0
3996 - -43 0
3998 - -44 0
4000 - -45 0
4002 - -64 0
4004 - -66 0
4006 - -69 0
4008 - -71 0
4010 - -80 0
4014 B -80 0
4024 A -80 0
4030 B -80 0
4032 A -80 0
4042 B -80 0
4044 A -80 0
4070 A -75 0
4072 A -70 0
4074 A -64 0
4076 A -59 0
4080 A -54 0
4082 A -43 0
4084 A -39 0
4086 A -34 0
4088 A -30 0
4090 A -27 0
4092 A -23 0
4094 A -12 0
4096 A -8 0
4098 A -5 0
4100 A -2 0
4102 A
4104 A 1 0
4106 A 3 0
4108 A 5 0
4110 A 6 0
4112 A 7 0
4114 A 8 0
4116 A 9 0
4118 A 10 0
4120 A 11 0
4126 A 27 0
4128 A 28 0
4130 A 29 0
4134 A 30 0
4138 A 31 0
4140 A 44 0
4142 A 45 0
4144 A 46 0
4148 A 47 0
4154 A 58 0
4156 A 59 0
4160 A 60 0
4162 A 61 0
4166 A 67 0
4168 A 70 0
4170 A 69 0
4172 A 67 0
4174 A 66 0
4176 A 64 0
4178 A 63 0
4180 A 60 0
4182 A 57 0
4184 A 55 0
4186 A 53 0
4188 A 50 0
4190 A 40 0
4192 A 37 0
4194 A 35 0
4196 A 33 0
4198 A 31 0
4200 A 20 0
4202 A 18 0
4204 A 16 0
4206 A 14 0
4208 A 13 0
4210 A 2 0
4212 A
4216 A -1 0
4218 A -2 0
4220 A -12 0
4222 A -13 0
4224 A -14 0
4226 A -15 0
4228 A -24 0
4230 A -25 0
4232 A -26 0
4234 A -27 0
4236 A -34 0
4238 A -35 0
4240 A -36 0
4242 A -37 0
4244 A -42 0
4246 A -43 0
4250 A -44 0
4254 A -48 0
4256 A -49 0
4260 A -50 0
4262 A -52 0
4266 A -51 0
4272 A -50 0
4274 A -49 0
4280 A -46 0
4282 A -45 0
4288 A -41 0
4290 A -38 0
4292 A -37 0
4294 A -36 0
4296 A -32 0
4298 A -31 0
4300 A -30 0
4302 A -25 0
4304 A -24 0
4306 A -23 0
4308 A -22 0
4310 A -16 0
4312 A -15 0
4316 A -14 0
4318 A -8 0
4320 A -7 0
4324 A -1 0
4326 A
4332 A 6 0
4338 A 12 0
4340 A 13 0
4344 A 18 0
4346 A 19 0
4352 A 24 0
4354 A 25 0
4358 A 29 0
4364 A 32 0
4370 A 34 0
4374 A 35 0
4380 A 34 0
4384 A 33 0
4386 A 32 0
4390 A 30 0
4392 A 29 0
4396 A 26 0
4398 A 25 0
4402 A 24 0
4404 A 21 0
4406 A 20 0
4410 A 15 0
4414 A 14 0
4416 A 10 0
4420 A 9 0
4422 A 5 0
4424 A 4 0
4428 A
4434 A -4 0
4438 A -5 0
4440 A -9 0
4444 A -10 0
4446 A -17 0
4448 A -18 0
4452 A -21 0
4456 A -22 0
4458 A -24 0
4464 A -26 0
4468 A -28 0
4474 A -29 0
4476 A -30 0
4480 A -31 0
4484 A -32 0
4488 A -33 0
4492 A -32 0
4494 A -33 0
4498 A -31 0
4500 A -32 0
4504 A -29 0
4506 A -26 0
4510 A -22 0
4514 A -21 0
4516 A -18 0
4518 A -17 0
4520 A -13 0
4522 A -12 0
4526 A -8 0
4530 A -7 0
4532 A -3 0
4536 A
4542 A 4 0
4548 A 8 0
4552 A 12 0
4558 A 15 0
4560 A 16 0
4562 A 18 0
4566 A 19 0
4568 A 21 0
4576 A 20 0
4578 A 22 0
4586 A 21 0
4590 A 20 0
4594 A 19 0
4596 A 18 0
4598 A 17 0
4600 A 16 0
4602 A 15 0
4606 A 13 0
4608 A 12 0
4612 A 10 0
4616 A 7 0
4622 A 5 0
4626 A 2 0
4632 A
4636 A -3 0
4642 A -7 0
4646 A -10 0
4648 A -11 0
4650 A -13 0
4652 A -14 0
4656 A -17 0
4660 A -19 0
4664 A -20 0
4666 A -21 0
4668 A -22 0
4670 A -23 0
4672 A -24 0
4680 A -25 0
4690 B -25 0
4694 A -25 0
4696 A -24 0
4700 A -22 0
4706 A -20 0
4708 A -19 0
4710 A -17 0
4712 A -16 0
4716 A -13 0
4722 A -14 0
4724 A -15 0
4726 A -16 0
4740 A -17 0
4742 A -16 0
4746 A -15 0
4752 A -13 0
4756 A -14 0
4758 A -11 0
4760 A -12 0
4762 A -9 0
4766 A -6 0
4772 A -3 0
4776 A -8 0
4780 A -12 0
4782 A -13 0
4784 A -14 0
4786 A -17 0
4788 A -18 0
4790 A -20 0
4792 A -21 0
4794 A -22 0
4796 A -23 0
4798 A -24 0
4802 A -25 0
4808 A -26 0
4810 A -24 0
4812 A -25 0
4814 A -23 0
4818 A -20 0
4820 A -21 0
4822 A -17 0
4826 A -18 0
4828 A -14 0
4832 A -13 0
4840 A -12 0
4844 A -10 0
4848 A -9 0
4854 A -7 0
4856 A -8 0
4858 A -5 0
4860 A -6 0
4862 A -3 0
4864 A -4 0
4868 A -2 0
4872 A
4876 A 2 0
4880 A 3 0
4884 A 4 0
4888 A 6 0
4892 A 7 0
4898 A 8 0
4900 A 9 0
4902 A 10 0
4906 A 11 0
4910 A 12 0
4914 A 13 0
4916 A 14 0
4920 A 15 0
4924 A 16 0
4928 A 15 0
4932 A 14 0
4934 A 12 0
4938 A 10 0
4940 A 9 0
4942 A 7 0
4946 A 5 0
4948 A 4 0
4950 A 2 0
4954 A
4958 A -1 0
4962 A -3 0
4966 A -5 0
4970 A -7 0
4974 A -9 0
4978 A -11 0
4982 A -14 0
4986 A -17 0
4990 A -20 0
4994 A -22 0
4996 A -23 0
4998 A -24 0
5002 A -23 0
5008 A -22 0
5012 A -21 0
5014 A -20 0
5016 A -19 0
5018 A -18 0
5022 A -17 0
5024 A -16 0
5028 A -15 0
5032 A -13 0
5036 A -11 0
5040 A -9 0
5044 A -7 0
5048 A -4 0
5050 A -5 0
5052 A -2 0
5056 A
5058 A 2 0
5062 A 4 0
5066 A 5 0
5070 A 7 0
5072 A 8 0
5074 A 9 0
5076 A 10 0
5078 A 11 0
5082 A 13 0
5086 A 15 0
5090 A 16 0
5092 A 17 0
5102 A 18 0
5104 A 17 0
5108 A 16 0
5110 A 15 0
5112 A 14 0
5114 A 13 0
5116 A 12 0
5118 A 11 0
5122 A 9 0
5126 A 7 0
5130 A 5 0
5132 A 4 0
5134 A 2 0
5138 A
5140 A -2 0
5144 A -4 0
5148 A -6 0
5150 A -7 0
5152 A -9 0
5156 A -11 0
5160 A -13 0
5162 A -15 0
5166 A -16 0
5168 A -17 0
5170 A -18 0
5172 A -19 0
5174 A -20 0
5176 A -22 0
5182 A -21 0
5188 A -20 0
5190 A -19 0
5194 B -18 0
5196 B -17 0
5198 B -16 0
5200 B -14 0
5202 B -15 0
5204 B -13 0
5208 B -9 0
5212 - -5 0
5216 - -1 0
5222 -
5224 - -1 0
5226 -
5228 - -1 0
5230 -
5232 - -1 0
5234 -
5238 - 1 0
5240 -
5242 - 2 0
5246 - 4 0
5248 - 5 0
5250 - 12 0
5254 - 13 0
5256 - 19 0
5258 - 20 0
5260 - 26 0
5262 - 27 0
5264 - 28 0
5266 - 29 0
5268 - 35 0
5270 - 37 0
5272 - 39 0
5274 - 44 0
5276 - 46 0
5278 - 50 0
5280 - 53 0
5282 - 56 0
5284 A 59 0
5286 A 62 0
5288 - 63 0
5290 A 65 0
5292 - 65 0
5294 A 66 0
5296 A 67 0
5298 A 63 0
5300 A 62 0
5302 A 60 0
5304 A 58 0
5306 A 53 0
5308 A 51 0
5310 A 48 0
5312 A 42 0
5314 B 41 0
5316 A 51 0
5318 B 53 0
5322 A 53 0
5326 B 49 0
5330 B 43 0
5336 A 43 0
5338 B 37 0
5342 B 30 0
5344 - 35 0
5346 - 34 0
5348 - 27 0
5350 - 28 0
5354 - 20 0
5358 - 12 0
5360 - 11 0
5362 B 11 0
5364 B -5 0
5366 B -6 0
5368 B -8 0
5370 B -24 0
5372 B -25 0
5374 B -26 0
5376 B -28 0
5378 B -43 0
5380 B -44 0
5382 - -30 0
5384 - -47 0
5386 - -48 0
5388 - -49 0
5390 - -50 0
5392 - -65 0
5394 - -66 0
5396 - -67 0
5398 - -69 0
5400 - -80 0
5408 B -80 0
5418 A -80 0
5426 A -79 0
5428 A -76 0
5430 A -72 0
5432 A -69 0
5434 A -66 0
5436 A -56 0
5438 A -52 0
5440 A -48 0
5442 A -45 0
5444 A -42 0
5446 A -31 0
5448 A -27 0
5450 A -24 0
5452 A -22 0
5454 A -20 0
5456 A -8 0
5458 A -5 0
5460 A -3 0
5462 A -2 0
5464 A -1 0
5466 A -5 0
5468 A -4 0
5470 A -3 0
5472 A -2 0
5476 A -4 0
5486 A -5 0
5492 A -6 0
5500 A -7 0
5504 A -8 0
5506 A -7 0
5510 A -8 0
5514 A -9 0
5516 A -10 0
5518 A -7 0
5520 A -8 0
5524 A -9 0
5526 A -6 0
5528 A -7 0
5532 A -8 0
5534 A -5 0
5538 A -6 0
5540 A -7 0
5542 A -3 0
5544 A -4 0
5550 A -1 0
5558 A 1 0
5564 A -20 0
5566 A -21 0
5568 A -22 0
5570 A -23 0
5572 A -44 0
5574 A -61 0
5576 A -64 0
5578 A -67 0
5580 A -80 0
5586 B -80 0
5610 A -80 0
5628 A -78 0
5630 A -74 0
5632 A -70 0
5634 A -66 0
5636 A -62 0
5638 A -46 0
5640 A -41 0
5642 A -37 0
5644 A -32 0
5646 A -29 0
5648 A -13 0
5650 A -22 0
5652 A -20 0
5654 A -18 0
5656 A -16 0
5658 A -14 0
5660 A 5 0
5662 A 7 0
5664 A 9 0
5666 A 11 0
5668 A 12 0
5670 A 13 0
5672 A 32 0
5674 A 33 0
5676 A 35 0
5678 A 36 0
5680 A 37 0
5682 A 38 0
5684 A 56 0
5686 A 57 0
5688 A 58 0
5690 A 59 0
5692 A 60 0
5696 A 61 0
5698 A 75 0
5702 A 76 0
5710 A 80 0
5716 A 79 0
5718 A 71 0
5720 A 61 0
5722 A 52 0
5724 A 38 0
5726 A 30 0
5728 A 17 0
5730 A 5 0
5732 A -6 0
5734 A -16 0
5736 A -25 0
5738 A -34 0
5740 A -43 0
5742 A -50 0
5744 A -53 0
5746 A -60 0
5748 A -67 0
5750 A -73 0
5752 A -80 0
5808 A -77 0
5810 A -74 0
5812 A -71 0
5814 A -53 0
5816 A -49 0
5818 A -45 0
5820 A -42 0
5822 A -39 0
5824 A -35 0
5826 A -32 0
5828 A -30 0
5830 A -27 0
5832 A -25 0
5834 A -23 0
5836 A -17 0
5838 A -15 0
5840 A -13 0
5842 A -12 0
5844 A -11 0
5846 A -4 0
5848 A -2 0
5850 A -1 0
5852 A
5858 A 7 0
5860 A 8 0
5862 A 9 0
5866 A 10 0
5876 A 25 0
5880 A 26 0
5882 A 27 0
5886 A 32 0
5888 A 33 0
5894 A 34 0
5898 A 38 0
5902 A 39 0
5906 A 40 0
5908 A 42 0
5914 A 41 0
5918 A 40 0
5920 A 39 0
5924 A 38 0
5926 A 47 0
5930 A 46 0
5936 A 51 0
5942 A 50 0
5944 A 52 0
5946 A 51 0
5952 A 50 0
5954 A 49 0
5956 A 48 0
5958 A 47 0
5962 A 43 0
5964 A 42 0
5966 A 41 0
5968 A 40 0
5972 A 39 0
5974 A 33 0
5976 A 32 0
5978 A 31 0
5982 A 23 0
5984 A 22 0
5986 A 21 0
5988 A 20 0
6000 A 18 0
6010 A 15 0
6018 A 11 0
6026 A 12 0
6028 A 7 0
6036 A 8 0
6038 A 2 0
6040 A 3 0
6046 A -1 0
6054 A 2 0
6060 A 3 0
6062 A 5 0
6064 A 6 0
6068 A 7 0
6070 A 9 0
6074 A 10 0
6076 A 11 0
6080 A 12 0
6084 A 13 0
6090 A 14 0
6096 A 15 0
6100 A 22 0
6102 A 23 0
6106 A 24 0
6108 A 30 0
6110 A 31 0
6112 A 32 0
6114 A 36 0
6116 A 38 0
6118 A 39 0
6120 A 40 0
6122 - 43 0
6124 - 45 0
6126 - 46 0
6128 A 48 0
6130 - 49 0
6132 A 50 0
6134 - 50 0
6136 A 51 0
6138 - 52 0
6140 A 53 0
6142 - 51 0
6144 A 51 0
6146 - 51 0
6148 A 52 0
6150 A 48 0
6156 A 42 0
6160 A 41 0
6162 A 43 0
6164 A 42 0
6168 A 41 0
6170 A 40 0
6176 A 37 0
6178 A 36 0
6182 A 32 0
6184 A 31 0
6188 A 26 0
6190 A 25 0
6192 A 24 0
6194 A 19 0
6196 A 18 0
6198 A 17 0
6204 A 10 0
6210 A 3 0
6212 A 2 0
6220 A 3 0
6224 A 2 0
6226 A 3 0
6230 A 2 0
6232 A 3 0
6238 A 2 0
6242 A 3 0
6244 A 1 0
6248 A 2 0
6250 A
6254 A 1 0
6258 A
6264 A -2 0
6270 A 4 0
6276 A 10 0
6280 A 11 0
6282 - 16 0
6284 - 17 0
6286 - 18 0
6288 - 22 0
6290 - 23 0
6292 - 24 0
6294 - 27 0
6296 - 28 0
6298 - 29 0
6300 - 30 0
6302 - 32 0
6304 - 33 0
6306 - 35 0
6308 - 36 0
6310 - 37 0
6312 - 39 0
6316 - 41 0
6318 - 42 0
6322 - 44 0
6324 - 45 0
6328 - 46 0
6330 - 48 0
6332 - 54 0
6334 - 56 0
6336 - 58 0
6338 - 62 0
6340 - 65 0
6342 - 67 0
6344 - 69 0
6346 - 72 0
6348 - 74 0
6350 - 76 0
6352 A 76 0
6354 - 77 0
6356 - 78 0
6358 A 76 0
6360 - 75 0
6362 A 75 0
6364 - 74 0
6366 A 67 0
6368 - 65 0
6370 A 62 0
6372 A 60 0
6374 A 57 0
6376 A 46 0
6378 A 43 0
6380 A 40 0
6382 A 36 0
6384 A 33 0
6386 A 30 0
6388 A 25 0
6390 A 23 0
6392 A 21 0
6394 A 19 0
6396 A 13 0
6398 A 11 0
6400 A 9 0
6402 A 3 0
6404 A 1 0
6406 A
6410 A -6 0
6412 A -7 0
6414 A -8 0
6416 A -14 0
6418 A -15 0
6422 A -16 0
6428 A -23 0
6434 A -21 0
6442 A -19 0
6448 A -17 0
6452 A -16 0
6456 A -15 0
6458 A -14 0
6462 A -13 0
6464 A -12 0
6468 A -11 0
6470 A -10 0
6474 A -9 0
6476 A -8 0
6482 A -3 0
6486 A -4 0
6490 A
6496 A 2 0
6502 A 5 0
6508 A 8 0
6512 A 9 0
6514 A 10 0
6516 A 11 0
6518 A 12 0
6522 A 13 0
6524 A 14 0
6530 A 10 0
6534 A 11 0
6536 A 7 0
6542 B 4 0
6544 A 4 0
6546 B 2 0
6550 - 5 0
6552 - 2 0
6558 -
6564 - -2 0
6566 - -3 0
6570 - -5 0
6574 - -6 0
6576 - -8 0
6580 - -9 0
6582 - -10 0
6584 - -11 0
6588 - -25 0
6590 - -26 0
6592 - -27 0
6594 - -40 0
6596 - -42 0
6598 - -44 0
6600 - -54 0
6602 - -56 0
6604 - -59 0
6606 B -67 0
6608 B -70 0
6610 - -72 0
6612 - -78 0
6614 - -80 0
6620 B -80 0
6630 A -80 0
6636 B -75 0
6638 - -73 0
6640 A -71 0
6642 A -68 0
6644 A -66 0
6646 A -53 0
6648 A -49 0
6650 A -46 0
6652 A -44 0
6654 A -30 0
6656 A -27 0
6658 A -24 0
6660 A -22 0
6662 A -8 0
6664 A -5 0
6666 A -3 0
6668 A -2 0
6672 A -1 0
6674 A
6680 A 1 0
6682 A 2 0
6688 A 4 0
6694 A 5 0
6698 A 7 0
6710 A 10 0
6722 A 13 0
6724 A 14 0
6730 A 16 0
6732 A 17 0
6738 A 19 0
6742 A 20 0
6746 A 22 0
6750 A 23 0
6754 A 9 0
6758 A 8 0
6762 A -3 0
6768 A -4 0
6770 A -14 0
6774 A -15 0
6776 A -22 0
6778 A -23 0
6780 A -29 0
6782 A -30 0
6784 A -34 0
6786 A -35 0
6788 A -38 0
6790 A -39 0
6792 A -40 0
6794 A -41 0
6796 A -43 0
6798 A -44 0
6800 A -45 0
6802 A -46 0
6804 A -57 0
6806 A -59 0
6808 A -60 0
6810 A -62 0
6812 A -70 0
6814 A -71 0
6818 - -76 0
6820 A -76 0
6822 A -75 0
6824 A -74 0
6828 A -72 0
6830 A -69 0
6832 A -65 0
6834 A -62 0
6836 A -58 0
6838 A -51 0
6840 A -47 0
6842 A -42 0
6844 A -39 0
6846 A -35 0
6848 A -32 0
6850 A -23 0
6852 A -20 0
6854 A -17 0
6856 A -15 0
6858 A -10 0
6860 A -8 0
6862 A -6 0
6864 A -4 0
6866 A -3 0
6868 A -2 0
6874 A 5 0
6882 A 13 0
6892 A 21 0
6900 A 29 0
6910 A 35 0
6918 A 40 0
6924 A 41 0
6926 A 46 0
6928 A 47 0
6934 A 46 0
6938 A 45 0
6940 A 44 0
6942 A 43 0
6944 A 42 0
6946 A 41 0
6948 A 38 0
6950 A 37 0
6954 A 33 0
6956 A 32 0
6958 A 31 0
6960 A 26 0
6962 A 25 0
6964 A 24 0
6966 A 23 0
6968 A 18 0
6970 A 17 0
6972 A 16 0
6974 A 15 0
6976 A 14 0
6980 A 13 0
6982 A 11 0
6988 A 8 0
6996 A 5 0
7002 A 2 0
7008 A 3 0
7010 A
7016 A -3 0
7022 A -7 0
7028 A 1 0
7030 A 2 0
7034 A 11 0
7036 A 12 0
7038 A 13 0
7040 A 20 0
7042 A 21 0
7044 A 22 0
7046 A 28 0
7048 A 29 0
7050 A 30 0
7052 A 34 0
7054 A 35 0
7056 A 36 0
7058 A 39 0
7060 A 40 0
7062 A 41 0
7066 A 42 0
7070 A 41 0
7074 A 42 0
7076 A 39 0
7082 A 44 0
7088 A 46 0
7094 A 45 0
7098 A 43 0
7102 A 42 0
7104 A 38 0
7108 A 37 0
7110 A 32 0
7112 A 31 0
7114 A 30 0
7120 A 22 0
7126 A 14 0
7128 A 13 0
7132 A 4 0
7138 - -5 0
7140 - -6 0
7144 B -15 0
7146 A -16 0
7148 - -16 0
7152 - -25 0
7156 - -26 0
7158 B -33 0
7160 B -34 0
7166 A -41 0
7170 A -40 0
7172 B -40 0
7174 - -40 0
7176 - -39 0
7182 - -44 0
7190 - -48 0
7196 - -47 0
7200 A -48 0
7208 A -56 0
7216 A -60 0
7218 A -62 0
7222 A -61 0
7224 B -60 0
7226 A -59 0
7228 A -58 0
7230 A -57 0
7232 - -54 0
7234 - -52 0
7236 A -51 0
7238 A -50 0
7240 A -44 0
7242 A -43 0
7244 A -42 0
7246 A -41 0
7248 A -40 0
7252 A -31 0
7254 A -30 0
7256 A -29 0
7260 A -18 0
7264 A -17 0
7268 A -6 0
7270 A -5 0
7276 A -10 0
7280 A -11 0
7284 A -14 0
7286 A -15 0
7288 A -16 0
7292 A -17 0
7294 A -18 0
7296 A -19 0
7298 A -20 0
7300 A -19 0
7304 A -20 0
7306 A -21 0
7308 A -18 0
7310 A -19 0
7312 A -20 0
7316 A -21 0
7318 A -23 0
7320 A -18 0
7324 A -19 0
7326 A -14 0
7328 A -9 0
7334 A -15 0
7336 A -16 0
7342 A -21 0
7346 A -22 0
7348 A -24 0
7350 A -25 0
7354 A -26 0
7358 A -27 0
7370 A -26 0
7378 A -29 0
7380 A -30 0
7386 A -32 0
7400 A -31 0
7406 A -28 0
7414 A -24 0
7416 A -23 0
7430 A -21 0
7436 A -18 0
7442 A -14 0
7450 A -10 0
7456 A -5 0
7462 A -6 0
7464 A -1 0
7470 A 3 0
7478 A 8 0
7484 A 13 0
7490 A 17 0
7492 A 18 0
7496 A 22 0
7502 A 23 0
7504 A 26 0
7506 A 27 0
7508 - 33 0
7510 - 34 0
7512 - 35 0
7514 - 38 0
7518 - 39 0
7520 - 41 0
7522 - 42 0
7526 - 43 0
7530 - 44 0
7532 - 43 0
7538 - 42 0
7540 - 41 0
7546 - 37 0
7554 - 39 0
7556 A 39 0
7560 B 39 0
7564 B 38 0
7566 A 38 0
7568 A 37 0
7570 A 36 0
7576 A 33 0
7578 A 32 0
7580 A 31 0
7584 A 27 0
7586 A 26 0
7590 A 25 0
7592 A 20 0
7594 A 19 0
7600 A 18 0
7602 A 12 0
7606 A 11 0
7610 A 5 0
7612 A 4 0
7616 A -1 0
7618 A -2 0
7624 A 3 0
7630 A 7 0
7632 A 8 0
7636 A 9 0
7638 A 11 0
7640 A 12 0
7642 A 13 0
7646 A 15 0
7648 A 16 0
7652 A 17 0
7654 - 17 0
7656 A 18 0
7658 B 29 0
7660 B 30 0
7662 A 31 0
7664 A 32 0
7666 A 33 0
7668 A 42 0
7670 A 43 0
7672 A 44 0
7674 A 45 0
7676 A 51 0
7678 A 52 0
7680 A 53 0
7682 A 57 0
7686 - 57 0
7688 A 58 0
7690 A 59 0
7692 - 58 0
7694 A 58 0
7698 A 55 0
7700 A 54 0
7702 A 53 0
7704 A 52 0
7708 A 56 0
7710 A 55 0
7712 A 54 0
7714 A 53 0
7716 A 54 0
7718 A 53 0
7720 A 52 0
7722 A 50 0
7724 A 48 0
7726 A 47 0
7728 A 46 0
7730 A 42 0
7732 A 40 0
7734 A 39 0
7736 A 33 0
7738 A 32 0
7740 A 30 0
7742 A 29 0
7744 A 22 0
7746 A 21 0
7748 A 27 0
7750 A 26 0
7758 A 15 0
7766 A 3 0
7774 A -1 0
7780 A
7782 A -5 0
7792 A -10 0
7800 A -15 0
7804 A -16 0
7810 A -20 0
7812 A -21 0
7816 A -25 0
7818 A -28 0
7826 A -31 0
7832 A -32 0
7834 A -33 0
7836 A -32 0
7842 A -31 0
7846 A -30 0
7854 A -28 0
7856 A -27 0
7860 A -24 0
7866 A -21 0
7868 A -20 0
7872 A -16 0
7878 A -11 0
7884 A -7 0
7886 A -6 0
7890 A -2 0
7896 A 1 0
7902 A 5 0
7904 A 6 0
7908 A 10 0
7914 A 14 0
7918 A 15 0
7920 A 18 0
7926 A 21 0
7930 A 22 0
7932 A 24 0
7934 A 25 0
7938 A 27 0
7942 A 28 0
7946 A 22 0
7948 A 17 0
7950 A 16 0
7952 A 15 0
7954 A 10 0
7956 A 9 0
7958 A 4 0
7960 A 3 0
7962 A 2 0
7964 B -1 0
7966 B -2 0
7968 - 1 0
7970 - -3 0
7972 - -4 0
7976 - -9 0
7978 - -10 0
7980 - -14 0
7982 - -15 0
7986 - -19 0
7988 - -20 0
7990 - -21 0
7992 - -24 0
7994 - -25 0
7996 - -26 0
7998 - -39 0
8000 - -41 0
8002 - -43 0
8004 - -54 0
8006 - -55 0
8008 - -56 0
8010 - -62 0
8012 - -63 0
8016 - -67 0
8020 - -68 0
8024 A -67 0
8026 A -66 0
8028 A -63 0
8030 A -61 0
8032 A -58 0
8034 A -55 0
8036 A -49 0
8038 A -45 0
8040 A -43 0
8042 A -40 0
8044 A -37 0
8046 A -34 0
8048 A -32 0
8050 A -27 0
8052 A -25 0
8054 A -23 0
8056 A -21 0
8058 A -15 0
8060 A -14 0
8062 A -12 0
8064 A -6 0
8066 A -4 0
8068 A -3 0
8072 A 3 0
8074 A 4 0
8076 A 5 0
8080 A 12 0
8084 A 13 0
8090 A 17 0
8092 A 18 0
8098 A 21 0
8106 A 24 0
8114 A 27 0
8116 A 26 0
8122 A 28 0
8124 A 27 0
8128 A 29 0
8130 A 28 0
8140 A 27 0
8144 A 26 0
8148 A 25 0
8150 A 23 0
8154 A 22 0
8156 A 20 0
8158 A 19 0
8164 A 16 0
8166 A 15 0
8170 A 12 0
8172 A 11 0
8176 A 7 0
8182 A 3 0
8188 A
8194 A -3 0
8198 A -7 0
8204 A -10 0
8206 A -11 0
8210 A -14 0
8212 A -15 0
8216 A -17 0
8218 A -18 0
8220 A -20 0
8222 A -21 0
8224 A -22 0
8226 A -24 0
8228 A -25 0
8230 A -26 0
8240 A -25 0
8242 A -24 0
8246 A -23 0
8248 A -22 0
8252 A -20 0
8256 A -18 0
8258 A -17 0
8262 A -15 0
8264 A -14 0
8266 A -12 0
8268 A -11 0
8272 A -8 0
8276 A -5 0
8278 A -4 0
8282 A -1 0
8286 A 1 0
8290 A 4 0
8292 A 5 0
8296 A 8 0
8300 A 11 0
8304 A 13 0
8306 A 14 0
8310 A 16 0
8316 A 18 0
8320 A 19 0
8324 A 20 0
8326 A 21 0
8330 A 22 0
8334 A 21 0
8342 A 20 0
8346 A 18 0
8350 A 17 0
8352 A 16 0
8356 A 14 0
8360 A 12 0
8364 A 9 0
8368 A 6 0
8370 - 6 0
8372 A 4 0
8378 A 1 0
8380 - 1 0
8382 B
8386 A -3 0
8392 B -5 0
8396 B -7 0
8398 B -8 0
8402 B -10 0
8408 - -10 0
8410 - -11 0
8414 - -13 0
8418 - -14 0
8420 - -16 0
8424 - -17 0
8426 - -19 0
8428 - -20 0
8430 - -23 0
8432 - -24 0
8434 - -25 0
8436 - -27 0
8454 - -26 0
8460 - -24 0
8466 - -22 0
8472 - -28 0
8476 - -29 0
8478 - -34 0
8482 - -35 0
8484 - -37 0
8486 A -38 0
8490 - -39 0
8492 A -40 0
8496 A -41 0
8498 - -39 0
8500 A -40 0
8504 A -50 0
8508 A -51 0
8512 A -52 0
8514 A -59 0
8520 A -62 0
8526 A -61 0
8528 A -60 0
8530 A -58 0
8532 A -54 0
8534 A -52 0
8536 A -50 0
8538 A -48 0
8540 A -42 0
8542 A -40 0
8544 A -38 0
8546 A -36 0
8548 A -35 0
8550 A -33 0
8552 A -28 0
8554 A -26 0
8556 A -25 0
8558 A -31 0
8560 A -33 0
8562 A -40 0
8564 A -47 0
8566 A -45 0
8568 A -46 0
8570 A -44 0
8572 A -41 0
8574 A -33 0
8578 A -34 0
8580 A -29 0
8584 A -30 0
8586 A -31 0
8588 A -25 0
8590 A -26 0
8596 A -19 0
8600 A -20 0
8602 A -13 0
8606 A -12 0
8610 A -6 0
8612 A -5 0
8616 A 1 0
8618 A 2 0
8622 A 9 0
8624 A 10 0
8626 A 11 0
8628 A 12 0
8630 A 18 0
8632 A 19 0
8634 A 25 0
8636 A 26 0
8638 A 28 0
8640 A 32 0
8642 A 34 0
8644 A 36 0
8646 A 39 0
8648 A 41 0
8650 A 43 0
8652 - 45 0
8654 - 47 0
8664 - 45 0
8670 - 42 0
8676 - 38 0
8680 - 37 0
8682 - 32 0
8688 B 26 0
8690 - 25 0
8696 - 18 0
8700 A 18 0
8702 A 11 0
8704 A 10 0
8708 - 3 0
8710 A 3 0
8714 A 6 0
8718 A 7 0
8720 - 7 0
8722 A 9 0
8724 A 10 0
8726 A 11 0
8728 - 12 0
8730 A 13 0
8734 - 14 0
8736 A 14 0
8738 - 15 0
8740 A 15 0
8744 - 16 0
8746 A 17 0
8748 - 15 0
8750 A 16 0
8754 - 17 0
8756 A 27 0
8758 - 28 0
8760 A 29 0
8762 A 37 0
8764 - 38 0
8766 A 39 0
8768 - 40 0
8770 A 45 0
8772 A 46 0
8774 - 47 0
8776 A 50 0
8780 - 51 0
8782 A 51 0
8786 - 52 0
8788 A 52 0
8790 A 60 0
8794 A 61 0
8798 A 64 0
8800 A 63 0
8804 A 62 0
8806 A 60 0
8808 A 58 0
8810 A 55 0
8812 A 51 0
8814 A 48 0
8816 A 46 0
8818 A 43 0
8820 A 41 0
8822 A 38 0
8824 A 36 0
8826 A 32 0
8828 A 30 0
8830 A 28 0
8832 A 26 0
8834 A 24 0
8836 A 28 0
8838 A 27 0
8840 A 21 0
8842 A 20 0
8844 A 19 0
8848 A 10 0
8850 A 9 0
8852 A 7 0
8854 A 6 0
8856 A 5 0
8858 A -5 0
8862 A -3 0
8864 A -2 0
8866 A -10 0
8868 A -9 0
8876 A -8 0
8878 A -17 0
8884 A -25 0
8892 A -32 0
8896 A -37 0
8900 A -40 0
8908 A -42 0
8916 A -41 0
8918 A -40 0
8920 A -39 0
8922 A -38 0
8924 A -36 0
8926 A -35 0
8928 A -34 0
8930 A -31 0
8932 A -30 0
8934 A -29 0
8936 A -28 0
8938 A -24 0
8940 A -23 0
8942 A -22 0
8944 A -21 0
8946 A -17 0
8948 A -16 0
8950 A -15 0
8952 A -10 0
8954 A -9 0
8956 A -13 0
8958 A -17 0
8962 A -22 0
8964 A -26 0
8966 A -23 0
8968 A -25 0
8972 A -21 0
8978 A -20 0
8980 A -16 0
8982 A -15 0
8986 A -9 0
8988 A -8 0
8992 A -3 0
8994 A -2 0
8996 A -1 0
8998 A 3 0
9000 A 5 0
9002 A 6 0
9004 A 10 0
9006 A 12 0
9008 A 13 0
9010 A 17 0
9012 A 20 0
9014 A 22 0
9016 A 25 0
9018 A 26 0
9020 A 27 0
9022 A 29 0
9024 A 31 0
9026 A 32 0
9028 A 34 0
9030 A 35 0
9032 A 36 0
9034 A 37 0
9040 A 36 0
9042 A 35 0
9046 A 33 0
9052 A 29 0
9056 A 28 0
9058 A 24 0
9060 A 23 0
9062 B 19 0
9064 B 18 0
9066 A 18 0
9068 A 13 0
9070 A 12 0
9072 B 12 0
9074 B 7 0
9076 - 6 0
9084 -
9090 - -4 0
9096 - -14 0
9102 - -23 0
9104 - -24 0
9108 - -25 0
9110 - -32 0
9112 - -33 0
9114 - -34 0
9116 - -40 0
9118 - -41 0
9122 - -42 0
9124 - -48 0
9126 - -49 0
9128 - -50 0
9130 - -52 0
9136 - -53 0
9144 - -62 0
9150 A -67 0
9152 - -67 0
9154 A -67 0
9156 A -68 0
9158 A -67 0
9160 A -65 0
9162 A -63 0
9164 A -60 0
9166 A -57 0
9168 A -54 0
9170 A -48 0
9172 A -45 0
9174 A -42 0
9176 A -39 0
9178 A -36 0
9180 A -33 0
9182 A -31 0
9184 A -29 0
9186 A -27 0
9188 A -22 0
9190 A -20 0
9192 A -19 0
9194 A -17 0
9196 A -11 0
9198 A -12 0
9200 A -15 0
9202 A -22 0
9204 A -23 0
9206 A -28 0
9208 A -33 0
9210 A -38 0
9212 A -37 0
9214 A -40 0
9216 A -44 0
9218 A -48 0
9220 A -45 0
9222 A -47 0
9224 A -49 0
9226 A -52 0
9228 A -48 0
9230 A -47 0
9232 A -45 0
9234 A -40 0
9236 A -42 0
9238 A -43 0
9240 A -40 0
9242 A -41 0
9244 A -42 0
9246 A -38 0
9250 A -39 0
9252 A -41 0
9254 A -37 0
9256 A -38 0
9258 A -39 0
9260 A -37 0
9262 A -38 0
9264 A -39 0
9266 A -36 0
9268 A -38 0
9270 A -39 0
9272 A -36 0
9274 A -37 0
9276 A -38 0
9278 A -35 0
9280 A -36 0
9282 A -38 0
9284 A -34 0
9286 A -35 0
9288 A -36 0
9290 A -33 0
9292 A -30 0
9294 A -31 0
9296 A -29 0
9298 A -30 0
9300 A -31 0
9302 A -29 0
9306 A -27 0
9308 A -28 0
9312 A -25 0
9314 A -26 0
9318 A -23 0
9322 A -20 0
9324 A -19 0
9328 A -17 0
9334 A -14 0
9340 A -11 0
9344 A -8 0
9350 A -5 0
9356 A -2 0
9362 A
9366 A 1 0
9372 A 3 0
9376 A 4 0
9378 A 5 0
9380 A 6 0
9386 A 8 0
9390 A 9 0
9392 A 10 0
9394 A 9 0
9396 A 10 0
9400 B 10 0
9402 A 10 0
9410 B 10 0
9414 B 8 0
9416 B 9 0
9420 B 7 0
9426 - 5 0
9430 - 8 0
9432 - 5 0
9436 - 6 0
9438 - 3 0
9440 - 4 0
9444 - 2 0
9452 - -2 0
9454 - -3 0
9458 A -8 0
9462 - -8 0
9464 A -12 0
9466 - -13 0
9468 A -12 0
9470 - -12 0
9472 - -15 0
9474 A -15 0
9476 - -15 0
9478 A -23 0
9480 - -23 0
9484 A -24 0
9486 - -30 0
9488 A -31 0
9490 - -31 0
9492 - -36 0
9494 A -37 0
9496 - -38 0
9498 A -39 0
9500 - -43 0
9502 - -44 0
9504 A -45 0
9506 - -46 0
9508 A -54 0
9510 - -55 0
9512 A -56 0
9514 - -61 0
9516 A -62 0
9518 - -62 0
9520 A -63 0
9522 - -64 0
9524 A -64 0
9526 - -64 0
9528 A -63 0
9530 A -60 0
9532 A -59 0
9534 A -56 0
9536 A -57 0
9538 A -55 0
9540 A -53 0
9542 A -51 0
9544 A -49 0
9546 A -47 0
9548 A -45 0
9550 A -43 0
9552 A -41 0
9554 A -37 0
9556 A -35 0
9558 A -34 0
9560 A -28 0
9564 A -36 0
9566 A -43 0
9568 A -45 0
9570 A -51 0
9572 A -54 0
9574 A -51 0
9576 A -45 0
9578 A -42 0
9580 A -39 0
9582 A -41 0
9584 A -39 0
9586 A -41 0
9588 A -42 0
9590 A -39 0
9594 A -37 0
9596 A -36 0
9598 A -33 0
9600 A -34 0
9602 A -35 0
9604 A -31 0
9606 A -32 0
9608 A -33 0
9610 A -31 0
9616 A -32 0
9618 A -30 0
9620 A -29 0
9624 A -26 0
9628 A -27 0
9630 A -24 0
9636 A -21 0
9642 A -19 0
9648 A -16 0
9654 A -10 0
9660 B -7 0
9662 - -10 0
9664 A -10 0
9666 - -7 0
9670 - -3 0
9676 -
9682 - 3 0
9688 - 7 0
9694 - 11 0
9698 - 12 0
9700 - 15 0
9702 - 16 0
9704 - 17 0
9706 - 23 0
9708 - 25 0
9710 - 26 0
9712 - 32 0
9714 - 34 0
9716 - 35 0
9718 B 40 0
9722 - 41 0
9726 - 42 0
9732 - 49 0
9738 A 50 0
9740 - 54 0
9742 A 54 0
9744 - 54 0
9746 A 56 0
9748 - 55 0
9750 A 55 0
9752 - 54 0
9754 A 53 0
9758 - 52 0
9760 A 51 0
9762 A 56 0
9764 A 55 0
9766 A 54 0
9768 A 55 0
9770 A 54 0
9772 A 53 0
9774 A 51 0
9776 A 50 0
9778 A 48 0
9780 A 47 0
9782 A 45 0
9784 A 44 0
9786 A 40 0
9788 A 38 0
9790 A 37 0
9792 A 36 0
9794 A 35 0
9796 A 34 0
9798 A 32 0
9800 A 31 0
9802 A 29 0
9804 A 28 0
9806 A 29 0
9808 A 31 0
9810 A 34 0
9812 A 40 0
9814 A 43 0
9816 A 48 0
9818 A 52 0
9820 A 57 0
9822 A 56 0
9824 A 58 0
9828 A 51 0
9830 A 47 0
9832 A 43 0
9834 A 46 0
9836 A 44 0
9838 A 46 0
9840 A 44 0
9842 A 42 0
9846 A 39 0
9848 A 41 0
9852 A 35 0
9858 A 31 0
9860 A 32 0
9864 A 28 0
9866 A 30 0
9868 A 32 0
9870 A 30 0
9872 A 31 0
9874 A 32 0
9876 A 29 0
9878 A 30 0
9880 A 31 0
9882 A 24 0
9886 A 25 0
9888 A 23 0
9892 A 24 0
9894 A 21 0
9896 A 22 0
9898 A 23 0
9900 A 20 0
9902 A 21 0
9904 A 22 0
9906 A 19 0
9908 A 20 0
9910 A 17 0
9912 A 18 0
9916 A 16 0
9920 A 13 0
9922 A 14 0
9926 A 12 0
9930 A 10 0
9936 A 8 0
9940 A 6 0
9946 A 4 0
9950 A 3 0
9956 A 2 0
9960 A
9970 A -2 0
9974 A -3 0
9980 A -4 0
9982 A -5 0
9986 A -6 0
9990 - -8 0
9992 A -8 0
9994 - -9 0
9996 A -9 0
9998 - -10 0
10000 A -10 0
10002 A -11 0
10004 - -11 0
10006 A -12 0
10008 - -12 0
10010 A -13 0
10012 - -13 0
10014 B -13 0
10016 B -14 0
10018 A -13 0
10020 A -14 0
10024 B -13 0
10028 B -15 0
10032 B -16 0
10034 B -17 0
10036 A -17 0
10038 B -18 0
10042 B -19 0
10044 - -19 0
10046 - -20 0
10048 - -21 0
10050 - -20 0
10052 - -21 0
10054 - -22 0
10056 - -21 0
10058 - -22 0
10060 - -23 0
10062 - -22 0
10066 - -23 0
10068 - -21 0
10072 - -22 0
10074 - -24 0
10078 - -25 0
10082 - -26 0
10084 - -27 0
10086 - -26 0
10088 - -27 0
10092 - -26 0
10098 - -24 0
10102 - -25 0
10104 - -28 0
10106 - -29 0
10110 A -29 0
10112 - -31 0
10114 A -32 0
10118 A -33 0
10122 A -34 0
10124 A -33 0
10132 A -31 0
10138 A -34 0
10140 A -35 0
10146 A -36 0
10152 A -35 0
10156 A -38 0
10158 A -39 0
10160 A -42 0
10162 A -45 0
10164 A -50 0
10166 A -55 0
10168 A -58 0
10170 A -54 0
10174 A -52 0
10176 A -51 0
10180 A -53 0
10184 A -49 0
10186 A -47 0
10188 A -49 0
10190 A -52 0
10192 A -46 0
10194 A -42 0
10196 A -40 0
10198 A -38 0
10200 A -40 0
10202 A -41 0
10206 A -34 0
10208 A -35 0
10210 A -37 0
10212 A -38 0
10214 A -35 0
10216 A -30 0
10218 A -27 0
10220 A -28 0
10222 A -27 0
10226 A -28 0
10228 A -26 0
10230 A -27 0
10232 A -28 0
10236 A -26 0
10240 A -27 0
10242 A -24 0
10246 A -25 0
10248 A -22 0
10254 A -19 0
10256 A -21 0
10258 A -23 0
10260 A -21 0
10262 A -23 0
10264 A -24 0
10266 A -22 0
10270 A -20 0
10274 A -21 0
10278 A -18 0
10280 A -19 0
10282 A -16 0
10284 A -17 0
10288 A -15 0
10294 A -13 0
10300 A -11 0
10304 A -9 0
10310 A -6 0
10312 A -7 0
10316 A -5 0
10320 A -6 0
10322 A -4 0
10326 A -3 0
10332 A -2 0
10338 A -1 0
10342 A
10348 A 1 0
10354 A 2 0
10358 A 3 0
10362 A 4 0
10370 A 5 0
10378 A 6 0
10388 A 7 0
10396 A 8 0
10408 A 9 0
10434 A 10 0
10436 A 9 0
10438 A 10 0
10440 A 9 0
10442 A 10 0
10444 A 9 0
10446 A 10 0
10448 A 9 0
10450 A 10 0
10452 A 9 0
10454 A 10 0
10456 A 9 0
10458 A 10 0
10462 A 11 0
10464 A 12 0
10466 A 11 0
10468 A 12 0
10474 A 13 0
10476 A 12 0
10478 A 13 0
10480 A 14 0
10482 A 12 0
10484 A 13 0
10486 A 11 0
10490 A 12 0
10492 A 11 0
10494 A 12 0
10496 A 11 0
10498 A 12 0
10500 A 10 0
10502 A 11 0
10504 A 12 0
10506 A 11 0
10510 A 10 0
10512 A 11 0
10514 A 9 0
10516 A 10 0
10518 A 8 0
10522 A 6 0
10524 A 7 0
10526 A 5 0
10530 A 4 0
10534 A 5 0
10536 A 3 0
10538 A 4 0
10540 A 2 0
10542 A 3 0
10544 A 1 0
10550 A
10554 A -2 0
10558 A -3 0
10560 A -4 0
10564 A -5 0
10566 A -7 0
10570 A -8 0
10572 A -9 0
10574 A -10 0
10576 A -11 0
10580 A -12 0
10582 A -13 0
10584 A -14 0
10586 A -15 0
10588 A -16 0
10590 A -17 0
10592 A -18 0
10594 A -19 0
10596 A -20 0
10598 A -21 0
10600 A -22 0
10602 A -23 0
10604 A -25 0
10606 A -26 0
10608 A -27 0
10610 A -28 0
10612 A -29 0
10614 A -31 0
10616 A -32 0
10618 A -33 0
10620 A -34 0
10622 A -35 0
10626 A -36 0
10630 A -37 0
10632 A -36 0
10636 A -34 0
10640 A -23 0
10642 A -27 0
10644 A -28 0
10646 A -31 0
10648 A -28 0
10650 A -27 0
10652 A -26 0
10654 A -27 0
10656 A -26 0
10660 A -27 0
10662 A -26 0
10664 A -27 0
10668 A -29 0
10670 A -28 0
10676 A -24 0
10678 A -26 0
10680 A -25 0
10684 A -26 0
10688 A -27 0
10692 A -28 0
10694 A -27 0
10696 A -28 0
10700 A -29 0
10704 A -25 0
10706 A -27 0
10710 B -26 0
10712 A -28 0
10714 A -27 0
10716 A -29 0
10718 A -28 0
10720 B -27 0
10722 B -30 0
10724 B -29 0
10726 B -30 0
10728 A -30 0
10730 A -29 0
10732 A -27 0
10734 A -29 0
10736 B -29 0
10738 B -28 0
10740 A -30 0
10742 B -29 0
10744 B -32 0
10746 A -30 0
10748 B -30 0
10752 B -32 0
10754 B -31 0
10756 B -32 0
10758 - -31 0
10760 - -32 0
10762 - -29 0
10764 - -30 0
10768 A -31 0
10770 - -30 0
10772 A -31 0
10774 - -30 0
10776 - -32 0
10778 A -32 0
10780 A -29 0
10786 A -31 0
10788 - -30 0
10790 A -31 0
10792 - -30 0
10794 A -32 0
10796 A -33 0
10800 A -32 0
10804 A -34 0
10806 A -35 0
10808 A -36 0
10812 A -38 0
10814 A -37 0
10816 A -33 0
10818 A -35 0
10822 A -37 0
10826 A -39 0
10828 A -40 0
10832 A -39 0
10834 A -31 0
10836 A -27 0
10838 A -26 0
10840 A -29 0
10842 A -30 0
10844 A -32 0
10846 A -33 0
10848 A -34 0
10850 A -35 0
10852 A -36 0
10854 A -35 0
10856 A -33 0
10858 A -32 0
10860 A -34 0
10864 A -36 0
10866 A -35 0
10868 A -37 0
10870 A -38 0
10872 A -37 0
10874 A -36 0
10876 A -27 0
10882 A -28 0
10886 A -29 0
10888 A -28 0
10890 A -29 0
10892 A -28 0
10894 A -29 0
10896 A -27 0
10902 A -29 0
10904 A -27 0
10906 A -29 0
10908 A -28 0
10910 A -29 0
10912 A -28 0
10914 A -27 0
10916 A -25 0
10918 A -26 0
10920 A -23 0
10922 A -25 0
10926 A -27 0
10928 A -26 0
10932 A -27 0
10934 A -26 0
10936 A -27 0
10938 A -26 0
10940 A -27 0
10944 A -28 0
10946 A -27 0
10948 A -28 0
10950 A -27 0
10952 A -28 0
10954 A -26 0
10956 A -27 0
10958 A -22 0
10960 A -23 0
10962 A -22 0
10964 A -21 0
10966 A -22 0
10968 A -20 0
10970 A -21 0
10972 A -20 0
10976 A -19 0
10980 A -18 0
10982 A -16 0
10986 A -14 0
10988 A -15 0
10990 A -13 0
10994 A -11 0
10996 A -9 0
11000 A -7 0
11004 A -5 0
11006 A -3 0
11010 A -1 0
11014 A
11016 A 2 0
11020 A 4 0
11024 A 6 0
11026 A 8 0
11030 A 10 0
11034 A 12 0
11036 A 13 0
11038 A 14 0
11040 A 16 0
11048 A 17 0
11060 A 18 0
11062 A 17 0
11064 A 18 0
11066 A 17 0
11072 A 16 0
11076 A 15 0
11080 A 13 0
11086 A 12 0
11088 A 11 0
11090 A 10 0
11094 A 8 0
11098 A 6 0
11104 A 4 0
11108 A 2 0
11112 A
11116 A -1 0
11122 A -3 0
11126 A -4 0
11128 A -5 0
11130 A -6 0
11134 A -7 0
11136 A -8 0
11138 A -9 0
11140 A -10 0
11142 A -11 0
11144 A -14 0
11146 A -15 0
11148 A -18 0
11150 A -19 0
11152 A -22 0
11154 A -25 0
11158 - -26 0
11162 - -27 0
11164 A -27 0
11166 - -27 0
11170 - -28 0
11176 - -27 0
11178 A -28 0
11180 A -26 0
11184 A -24 0
11190 A -22 0
11194 A -18 0
11198 A -15 0
11206 A -14 0
11210 A -13 0
11212 A -14 0
11214 A -12 0
11218 A -13 0
11220 A -11 0
11224 A -9 0
11228 A -7 0
11232 A -4 0
11234 A -5 0
11236 A -6 0
11238 A -2 0
11240 A -3 0
11242 A
11246 A 2 0
11264 A 3 0
11272 A 4 0
11276 A 5 0
11282 A 6 0
11286 A 5 0
11290 A 4 0
11294 A 3 0
11298 A 4 0
11300 A 3 0
11304 A 2 0
11306 A 3 0
11308 A 2 0
11312 A 1 0
11314 A 2 0
11316 A 1 0
11324 A
11332 A -1 0
11334 A
11336 A -2 0
11342 A -3 0
11346 A -5 0
11350 A -6 0
11354 A -7 0
11358 A -8 0
11362 A -9 0
11370 A -10 0
11380 A -11 0
11382 A -10 0
11394 A -9 0
11398 A -10 0
11400 A -9 0
11404 A -8 0
11406 A -9 0
11410 A -10 0
11420 A -11 0
11438 A -12 0
11442 A -13 0
11450 A -14 0
11452 A -13 0
11454 A -14 0
11456 A -15 0
11458 A -14 0
11460 A -15 0
11462 A -14 0
11464 A -15 0
11466 A -12 0
11468 A -13 0
11470 A -12 0
11474 A -13 0
11476 A -11 0
11480 A -9 0
11482 A -10 0
11484 A -8 0
11488 A -6 0
11492 A -4 0
11496 A -2 0
11500 A
11506 A 1 0
11508 A 2 0
11510 A 4 0
11514 A 6 0
11516 A 4 0
11518 A 6 0
11520 A 5 0
11522 A 6 0
11526 A 7 0
11530 A 8 0
11538 A 9 0
11540 A 8 0
11554 A 7 0
11560 A 6 0
11562 A 7 0
11564 A 6 0
11566 A 7 0
11568 A 6 0
11570 A 5 0
11572 A 6 0
11574 A 5 0
11576 A 6 0
11578 A 5 0
11580 A 6 0
11582 A 5 0
11584 A 6 0
11586 A 5 0
11592 A 4 0
11594 A 5 0
11596 A 4 0
11598 A 5 0
11600 A 4 0
11602 A 3 0
11604 A 4 0
11612 A 3 0
11614 A 4 0
11616 A 3 0
11618 A 4 0
11632 A 5 0
11636 A 6 0
11638 A 5 0
11640 - 6 0
11646 - 7 0
11650 A 7 0
11652 - 7 0
11654 A 7 0
11656 A 8 0
11660 A 9 0
11662 - 9 0
11664 A 11 0
11666 - 11 0
11668 A 12 0
11670 A 14 0
11672 - 14 0
11674 A 14 0
11676 - 14 0
11678 A 15 0
11680 - 15 0
11682 B 15 0
11686 A 15 0
11688 A 17 0
11690 A 18 0
11692 B 19 0
11694 A 20 0
11696 B 21 0
11700 B 22 0
11704 B 23 0
11706 A 23 0
11708 B 23 0
11712 B 25 0
11714 - 24 0
11716 - 25 0
11718 - 26 0
11722 A 27 0
11726 A 28 0
11728 A 29 0
11730 - 28 0
11734 - 29 0
11736 - 27 0
11740 - 25 0
11744 - 26 0
11750 - 29 0
11752 - 32 0
11754 - 38 0
11756 - 44 0
11758 - 47 0
11760 - 49 0
11762 - 48 0
11764 - 42 0
11766 - 39 0
11768 - 40 0
11770 - 37 0
11772 - 39 0
11774 - 40 0
11776 - 42 0
11778 - 43 0
11780 - 45 0
11784 - 47 0
11786 - 48 0
11788 - 49 0
11790 - 51 0
11792 - 49 0
11794 - 45 0
11796 - 38 0
11798 - 40 0
11800 - 42 0
11802 - 46 0
11804 - 48 0
11806 - 50 0
11808 - 53 0
11810 - 54 0
11812 - 56 0
11814 - 57 0
11816 A 57 0
11818 - 57 0
11822 - 59 0
11824 A 58 0
11826 A 54 0
11828 A 51 0
11830 A 53 0
11832 A 55 0
11834 A 56 0
11836 A 58 0
11838 - 60 0
11840 - 61 0
11842 A 62 0
11844 A 61 0
11846 A 58 0
11848 A 56 0
11850 A 58 0
11852 A 60 0
11856 A 61 0
11858 A 63 0
11860 A 60 0
11862 A 52 0
11864 A 48 0
11866 A 51 0
11868 A 53 0
11870 A 51 0
11872 A 53 0
11874 A 55 0
11876 A 56 0
11878 A 52 0
11880 A 48 0
11882 A 46 0
11884 A 49 0
11886 A 51 0
11888 A 53 0
11890 A 54 0
11892 A 48 0
11894 A 44 0
11896 A 42 0
11900 A 44 0
11902 A 46 0
11904 A 45 0
11906 A 47 0
11908 A 48 0
11910 A 44 0
11912 A 43 0
11914 A 44 0
11916 A 46 0
11918 A 44 0
11920 A 46 0
11922 A 48 0
11924 A 44 0
11926 A 43 0
11928 A 41 0
11930 A 35 0
11932 A 37 0
11934 A 36 0
11936 A 38 0
11938 A 39 0
11940 A 38 0
11942 A 39 0
11944 A 37 0
11950 A 36 0
11952 A 37 0
11954 A 35 0
11956 A 37 0
11958 A 36 0
11960 A 31 0
11962 A 29 0
11964 A 31 0
11966 A 29 0
11968 A 31 0
11970 A 32 0
11972 A 30 0
11974 A 32 0
11976 A 30 0
11978 A 31 0
11980 A 32 0
11982 A 30 0
11984 A 31 0
11986 A 29 0
11988 A 30 0
11990 A 31 0
11992 A 28 0
11994 A 29 0
11996 A 27 0
11998 A 28 0
12000 A 29 0
12002 A 26 0
12004 A 27 0
12006 A 25 0
12010 A 26 0
12012 A 23 0
12016 A 20 0
12022 A 16 0
12026 A 14 0
12032 A 11 0
12036 A 9 0
12038 A 8 0
12040 A 6 0
12046 A 3 0
12050 A
12052 A 1 0
12054 A -1 0
12060 A -2 0
12064 A -4 0
12068 A -5 0
12072 A -6 0
12074 A -7 0
12078 A -8 0
12082 A -9 0
12084 A -10 0
12086 A -11 0
12090 A -10 0
12094 A -9 0
12096 A -8 0
12098 A -7 0
12100 A -8 0
12102 A -7 0
12112 A -2 0
12116 A 2 0
12120 A 6 0
12124 - 9 0
12126 - 10 0
12130 - 12 0
12134 - 14 0
12138 - 16 0
12144 - 18 0
12148 - 20 0
12152 - 21 0
12154 - 22 0
12156 - 23 0
12158 B 24 0
12160 B 25 0
12162 B 26 0
12164 A 26 0
12166 A 27 0
12168 B 26 0
12170 B 27 0
12172 B 28 0
12174 B 27 0
12178 B 26 0
12180 - 13 0
12182 A -5 0
12184 - -24 0
12186 B -27 0
12188 - -30 0
12190 - -32 0
12192 - -35 0
12194 - -36 0
12196 - -38 0
12198 B -40 0
12200 B -41 0
12202 A -43 0
12204 A -44 0
12208 A -46 0
12210 A -47 0
12212 A -61 0
12214 - -63 0
12216 A -65 0
12218 - -67 0
12220 - -77 0
12222 A -79 0
12224 - -80 0
12226 B -80 0
12228 A -80 0
12232 B -80 0
12238 A -80 0
12244 A -77 0
12248 A -50 0
12250 A -29 0
12252 A -25 0
12254 A -27 0
12256 A -29 0
12258 A -31 0
12260 A -33 0
12262 A -34 0
12264 A -30 0
12268 A -31 0
12270 A -32 0
12272 A -33 0
12276 A -34 0
12278 A -35 0
12280 A -36 0
12286 A -37 0
12288 A -38 0
12290 A -36 0
12292 A -37 0
12296 A -38 0
12298 A -36 0
12300 A -34 0
12306 A -37 0
12310 A -38 0
12316 A -39 0
12330 A -37 0
12332 A -36 0
12338 - -34 0
12340 - -35 0
12342 - -38 0
12344 - -43 0
12346 - -46 0
12348 - -48 0
12350 - -51 0
12352 - -53 0
12354 - -57 0
12356 A -61 0
12358 A -60 0
12360 A -56 0
12362 A -53 0
12366 A -55 0
12370 A -56 0
12372 A -54 0
12374 - -50 0
12376 A -49 0
12378 A -51 0
12380 - -49 0
12382 - -51 0
12384 - -53 0
12386 - -51 0
12388 - -49 0
12392 - -51 0
12394 - -53 0
12396 - -54 0
12398 A -55 0
12400 A -54 0
12402 A -51 0
12404 A -52 0
12406 A -54 0
12408 A -57 0
12410 A -55 0
12414 A -54 0
12416 A -48 0
12418 A -49 0
12420 A -51 0
12422 A -49 0
12424 A -51 0
12426 A -49 0
12428 A -48 0
12430 A -47 0
12432 A -49 0
12434 A -50 0
12436 A -51 0
12438 A -52 0
12440 A -50 0
12442 A -48 0
12444 A -49 0
12446 A -52 0
12448 A -51 0
12450 A -53 0
12452 A -54 0
12454 A -50 0
12456 A -51 0
12458 A -53 0
12460 A -50 0
12462 A -51 0
12464 A -49 0
12466 A -48 0
12468 A -52 0
12470 A -55 0
12472 A -57 0
12474 A -58 0
12476 A -56 0
12478 A -54 0
12482 A -57 0
12484 A -60 0
12486 A -58 0
12488 A -56 0
12490 A -55 0
12492 A -47 0
12494 A -49 0
12496 A -48 0
12498 A -50 0
12500 A -53 0
12502 A -50 0
12504 A -38 0
12506 A -40 0
12508 A -42 0
12512 A -44 0
12514 A -45 0
12516 A -39 0
12518 A -36 0
12520 A -37 0
12522 A -36 0
12524 A -38 0
12526 A -40 0
12528 A -38 0
12530 A -39 0
12532 A -35 0
12534 A -34 0
12538 A -32 0
12540 A -33 0
12542 A -35 0
12544 A -32 0
12546 A -33 0
12548 A -35 0
12550 A -31 0
12552 A -32 0
12554 A -31 0
12556 A -32 0
12558 A -30 0
12560 A -31 0
12562 A -32 0
12564 A -29 0
12566 A -30 0
12568 A -27 0
12570 A -28 0
12574 A -24 0
12576 A -25 0
12578 A -21 0
12580 A -20 0
12582 A -17 0
12584 A -16 0
12588 A -15 0
12592 A -14 0
12596 A -12 0
12602 A -10 0
12606 A -8 0
12610 A -6 0
12614 A -4 0
12618 A -5 0
12620 A -2 0
12624 A
12628 A -1 0
12630 A -2 0
12634 A -3 0
12638 A -4 0
12640 A -5 0
12644 A -6 0
12652 A -7 0
12654 A -8 0
12656 A -7 0
12658 A -8 0
12670 A -9 0
12686 A -8 0
12688 - -9 0
12690 - -8 0
12694 - -7 0
12696 - -9 0
12698 - -8 0
12702 - -9 0
12704 - -8 0
12708 - -2 0
12712 - 2 0
12716 A 2 0
12718 A 7 0
12720 - 7 0
12722 A 12 0
12724 - 13 0
12726 A 14 0
12728 A 18 0
12730 - 19 0
12732 A 23 0
12734 A 25 0
12736 - 26 0
12738 B 29 0
12740 B 31 0
12742 A 33 0
12746 B 38 0
12750 B 39 0
12752 B 43 0
12758 A 45 0
12764 B 46 0
12766 B 45 0
12768 - 45 0
12770 A 45 0
12772 A 44 0
12774 A 43 0
12776 A 41 0
12778 A 40 0
12780 A 39 0
12782 A 36 0
12784 A 35 0
12786 A 34 0
12788 A 29 0
12790 A 33 0
12794 A 27 0
12796 A 26 0
12800 A 19 0
12806 A 17 0
12808 A 16 0
12812 A 13 0
12816 A 14 0
12818 A 10 0
12824 A 6 0
12830 A 1 0
12832 A 2 0
12836 A -2 0
12842 A -1 0
12844 A -7 0
12848 A -6 0
12850 A -12 0
12856 A -17 0
12862 A -15 0
12866 A -14 0
12868 A -12 0
12874 A -10 0
12878 A -9 0
12880 A -8 0
12882 A -7 0
12886 A -5 0
12888 A -4 0
12892 A -3 0
12896 A -2 0
12902 A -1 0
12906 A -2 0
12908 A -1 0
12914 A 3 0
12918 B 8 0
12920 A 8 0
12924 A 13 0
12926 B 13 0
12928 A 13 0
12930 B 17 0
12934 - 14 0
12936 - 18 0
12940 - 19 0
12942 - 22 0
12944 - 23 0
12948 - 26 0
12950 - 27 0
12952 - 28 0
12954 - 29 0
12956 - 31 0
12960 - 33 0
12962 - 34 0
12966 - 36 0
12968 - 37 0
12970 - 45 0
12972 - 46 0
12974 - 49 0
12976 - 54 0
12978 - 56 0
12980 A 58 0
12982 A 61 0
12984 A 63 0
12986 A 64 0
12988 - 64 0
12990 - 65 0
12994 - 63 0
12996 - 62 0
12998 - 61 0
13000 - 55 0
13002 - 53 0
13004 - 52 0
13006 A 50 0
13008 A 43 0
13010 A 41 0
13012 A 39 0
13014 A 38 0
13016 A 30 0
13018 A 28 0
13020 A 26 0
13022 A 18 0
13024 A 16 0
13026 A 14 0
13028 A 13 0
13030 A 12 0
13032 A 11 0
13034 A 10 0
13036 A 8 0
13040 A 7 0
13044 A 4 0
13050 A
13058 A -2 0
13064 A -6 0
13074 A -10 0
13082 A -14 0
13086 A -15 0
13088 A -18 0
13096 A -21 0
13100 A -22 0
13102 A -16 0
13108 A -11 0
13114 A -6 0
13120 A -2 0
13128 A
13134 A 4 0
13138 A 7 0
13144 A 9 0
13146 A 10 0
13150 A 12 0
13154 A 13 0
13156 A 14 0
13160 A 15 0
13162 A 16 0
13166 A 17 0
13170 A 24 0
13172 A 29 0
13174 A 30 0
13176 A 34 0
13178 A 36 0
13180 A 37 0
13182 A 40 0
13184 A 41 0
13186 A 43 0
13188 A 45 0
13190 A 46 0
13192 A 48 0
13194 A 49 0
13196 A 50 0
13202 A 51 0
13204 A 49 0
13210 A 45 0
13214 A 40 0
13216 A 39 0
13220 A 33 0
13222 A 32 0
13226 A 27 0
13228 A 26 0
13230 A 22 0
13232 A 21 0
13234 A 20 0
13236 A 15 0
13238 A 14 0
13242 A 8 0
13244 A 7 0
13246 A 2 0
13248 A 1 0
13252 A -3 0
13254 A -4 0
13258 A -9 0
13260 A -10 0
13264 A -16 0
13268 A -21 0
13274 A -26 0
13278 A -30 0
13284 A -33 0
13290 A -35 0
13294 B -38 0
13296 A -38 0
13298 B -38 0
13300 A -40 0
13302 A -39 0
13304 B -40 0
13306 B -39 0
13308 - -38 0
13312 A -38 0
13316 A -36 0
13320 A -33 0
13322 A -31 0
13324 A -30 0
13326 A -26 0
13328 A -25 0
13332 A -21 0
13334 A -20 0
13336 A -19 0
13338 B -17 0
13340 A -18 0
13344 - -16 0
13350 - -12 0
13354 - -13 0
13356 - -9 0
13362 - -5 0
13366 - -6 0
13368 - -1 0
13372 - -2 0
13374 B 2 0
13376 - 2 0
13380 - 1 0
13382 - 7 0
13384 - 6 0
13386 A 6 0
13388 - 11 0
13390 A 11 0
13392 - 11 0
13394 B 16 0
13404 - 16 0
13410 - 8 0
13416 - 2 0
13418 - 1 0
13420 -
13424 - -4 0
13426 - -5 0
13430 - -6 0
13432 - -10 0
13434 - -11 0
13438 - -12 0
13442 - -14 0
13446 - -13 0
13448 - -15 0
13450 - -14 0
13466 - -36 0
13470 - -37 0
13472 - -38 0
13474 - -39 0
13476 - -59 0
13478 - -61 0
13480 - -63 0
13482 - -65 0
13484 - -80 0
13492 B -80 0
13500 A -80 0
13504 B -80 0
13506 A -80 0
13514 B -80 0
13516 A -80 0
13548 A -75 0
13550 A -70 0
13552 A -65 0
13554 A -55 0
13558 A -51 0
13560 A -47 0
13562 A -43 0
13564 A -39 0
13566 A -27 0
13568 A -24 0
13570 A -20 0
13572 A -17 0
13574 A -14 0
13576 A -12 0
13578 A -10 0
13580 A -8 0
13582 A -6 0
13584 A -4 0
13586 A -3 0
13588 A -2 0
13590 A -1 0
13594 A
13596 A 15 0
13598 A 16 0
13600 A 17 0
13604 A 18 0
13608 A 19 0
13610 A 34 0
13612 A 35 0
13616 A 36 0
13620 A 37 0
13624 A 50 0
13626 A 51 0
13630 A 52 0
13634 A 53 0
13638 A 63 0
13640 A 64 0
13642 A 65 0
13644 A 70 0
13648 A 69 0
13650 A 71 0
13652 A 70 0
13654 A 69 0
13656 A 68 0
13658 A 66 0
13660 A 65 0
13662 A 55 0
13664 A 53 0
13666 A 51 0
13668 A 48 0
13670 A 47 0
13672 A 45 0
13674 A 34 0
13676 A 32 0
13678 A 30 0
13680 A 29 0
13682 A 27 0
13684 A 16 0
13686 A 14 0
13688 A 13 0
13690 A 12 0
13692 A 1 0
13694 A
13696 A -1 0
13698 A -2 0
13702 A -13 0
13704 A -14 0
13706 A -15 0
13708 A -23 0
13710 A -24 0
13712 A -25 0
13714 A -26 0
13716 A -27 0
13718 A -34 0
13720 A -35 0
13724 A -36 0
13726 A -41 0
13728 A -42 0
13732 A -43 0
13736 A -47 0
13738 A -48 0
13742 A -49 0
13744 A -50 0
13750 A -49 0
13752 A -48 0
13760 A -47 0
13762 A -46 0
13766 A -43 0
13768 A -40 0
13770 A -39 0
13772 A -38 0
13774 A -37 0
13776 A -33 0
13778 A -32 0
13780 A -31 0
13784 A -25 0
13786 A -24 0
13790 A -18 0
13792 A -17 0
13794 A -16 0
13798 A -9 0
13802 A -8 0
13806 A -3 0
13810 A -4 0
13812 A
13816 A -1 0
13818 A 4 0
13820 A 3 0
13824 A 8 0
13832 A 12 0
13834 A 13 0
13838 A 17 0
13844 A 21 0
13848 A 22 0
13850 A 25 0
13854 A 26 0
13856 A 27 0
13860 A 26 0
13868 A 25 0
13870 A 24 0
13876 A 22 0
13882 A 19 0
13888 A 16 0
13894 A 12 0
13900 A 6 0
13902 A 5 0
13906 A 2 0
13910 A 1 0
13912 A -1 0
13918 A -4 0
13922 A -7 0
13924 A -8 0
13928 A -11 0
13934 A -14 0
13940 A -16 0
13942 A -17 0
13944 A -18 0
13946 A -19 0
13950 A -21 0
13952 A -22 0
13956 A -24 0
13962 A -23 0
13968 A -22 0
13970 A -21 0
13976 A -20 0
13978 A -19 0
13980 A -18 0
13982 A -17 0
13986 A -15 0
13990 A -12 0
13994 A -9 0
14000 A -7 0
14004 A -4 0
14008 A -2 0
14014 A
14018 A 2 0
14022 A 4 0
14026 A 7 0
14032 A 9 0
14034 A 10 0
14036 A 12 0
14040 A 14 0
14046 A 15 0
14050 A 16 0
14058 A 17 0
14064 A 16 0
14068 A 15 0
14072 A 14 0
14076 A 12 0
14080 A 9 0
14084 A 6 0
14088 A 3 0
14090 - 3 0
14092 - 1 0
14096 - -1 0
14100 - -3 0
14102 - -4 0
14106 - -6 0
14110 - -8 0
14112 - -9 0
14114 - -11 0
14118 B -15 0
14120 - -12 0
14122 B -16 0
14124 B -17 0
14128 B -21 0
14130 A -22 0
14132 B -25 0
14134 B -26 0
14138 B -28 0
14140 B -29 0
14150 - -29 0
14154 A -28 0
14160 A -27 0
14162 A -26 0
14164 A -24 0
14166 A -27 0
14170 A -26 0
14172 A -28 0
14176 A -27 0
14178 A -28 0
14180 A -27 0
14186 A -26 0
14188 A -25 0
14192 A -24 0
14194 A -22 0
14200 A -19 0
14204 A -18 0
14206 A -15 0
14210 A -14 0
14212 A -11 0
14214 A -10 0
14218 A -6 0
14222 A -2 0
14228 A -5 0
14230 A -6 0
14234 A -9 0
14236 A -10 0
14238 A -12 0
14240 A -13 0
14242 A -14 0
14244 A -15 0
14246 A -16 0
14250 A -17 0
14252 A -18 0
14256 A -19 0
14264 A -20 0
14266 A -18 0
14268 A -19 0
14270 A -17 0
14274 A -18 0
14276 A -15 0
14280 A -12 0
14284 A -9 0
14288 A -10 0
14292 A -11 0
14296 A -12 0
14302 A -13 0
14304 A -12 0
14308 A -11 0
14310 A -12 0
14312 A -13 0
14314 A -11 0
14316 A -12 0
14318 A -10 0
14322 A -11 0
14324 A -8 0
14326 A -9 0
14328 A -7 0
14332 A -5 0
14336 A -2 0
14338 A -3 0
14342 A -1 0
14346 A
14354 A 1 0
14360 A 2 0
14364 A 3 0
14368 A 4 0
14370 A 5 0
14372 A 7 0
14376 A 8 0
14380 A 9 0
14382 A 10 0
14386 A 11 0
14388 A 12 0
14390 A 13 0
14392 A 14 0
14396 A 15 0
14398 A 13 0
14402 A 11 0
14404 A 10 0
14406 A 8 0
14410 A 6 0
14412 A 5 0
14414 A 3 0
14418 A 2 0
14420 A
14424 A -1 0
14428 A -3 0
14432 A -5 0
14436 A -7 0
14440 A -9 0
14442 A -10 0
14444 A -11 0
14446 A -13 0
14448 A -14 0
14450 A -16 0
14452 A -17 0
14454 A -19 0
14458 A -21 0
14460 A -22 0
14462 A -23 0
14464 A -24 0
14470 A -23 0
14474 A -22 0
14478 A -20 0
14482 A -18 0
14486 A -17 0
14490 A -16 0
14494 A -14 0
14498 A -12 0
14502 A -10 0
14506 A -8 0
14510 A -6 0
14514 A -4 0
14518 A -2 0
14522 A
14526 A 2 0
14530 A 3 0
14534 A 5 0
14538 A 7 0
14542 A 9 0
14546 A 11 0
14550 A 12 0
14554 A 14 0
14556 A 15 0
14560 A 16 0
14570 A 17 0
14572 A 16 0
14576 A 14 0
14580 A 13 0
14582 A 12 0
14584 A 11 0
14586 A 9 0
14590 A 8 0
14592 A 7 0
14594 A 6 0
14598 A 2 0
14600 A 1 0
14602 A
14606 A -2 0
14608 A -3 0
14610 A -5 0
14614 A -7 0
14616 A -8 0
14618 A -10 0
14620 A -12 0
14624 A -14 0
14628 A -16 0
14632 A -17 0
14634 A -18 0
14636 A -19 0
14638 A -20 0
14642 A -21 0
14650 A -22 0
14652 A -23 0
14662 A -24 0
14664 A -22 0
14668 A -20 0
14672 A -18 0
14678 A -19 0
14680 A -25 0
14682 A -23 0
14684 A -25 0
14686 A -23 0
14688 A -24 0
14690 A -25 0
14692 - -21 0
14694 - -22 0
14696 - -18 0
14700 - -14 0
14702 - -15 0
14704 - -11 0
14706 A -11 0
14708 - -12 0
14710 A -8 0
14712 - -8 0
14714 A -4 0
14716 A -5 0
14718 - -2 0
14720 A -2 0
14722 - -2 0
14724 A
14726 -
14728 A 2 0
14732 - 5 0
14734 A 5 0
14736 - 5 0
14738 A 14 0
14742 - 21 0
14744 A 22 0
14746 - 29 0
14748 A 30 0
14750 - 32 0
14752 A 37 0
14754 A 39 0
14756 - 44 0
14758 A 46 0
14760 - 49 0
14762 A 52 0
14764 A 54 0
14766 - 56 0
14768 A 58 0
14770 - 58 0
14772 A 59 0
14774 A 60 0
14776 A 58 0
14778 A 57 0
14780 A 54 0
14782 A 53 0
14784 A 51 0
14786 A 50 0
14788 A 49 0
14790 A 45 0
14792 A 44 0
14794 A 40 0
14796 A 38 0
14798 B 38 0
14800 B 51 0
14802 B 54 0
14804 A 52 0
14806 A 54 0
14808 B 50 0
14814 B 46 0
14816 B 47 0
14818 B 49 0
14820 B 44 0
14822 B 45 0
14824 B 40 0
14826 - 46 0
14830 - 39 0
14832 - 40 0
14834 - 42 0
14836 - 36 0
14838 - 38 0
14840 - 39 0
14842 - 32 0
14846 - 33 0
14848 - 16 0
14850 - 15 0
14852 -
14854 - -1 0
14856 - -2 0
14858 - -18 0
14860 - -19 0
14862 B -21 0
14864 B -35 0
14866 B -37 0
14868 B -38 0
14870 B -51 0
14872 B -52 0
14874 B -54 0
14876 B -55 0
14878 B -65 0
14880 - -66 0
14882 - -67 0
14884 - -68 0
14886 - -69 0
14888 A -76 0
14894 A -75 0
14900 A -73 0
14902 A -71 0
14904 B -68 0
14906 - -65 0
14908 - -63 0
14910 - -60 0
14912 - -57 0
14914 - -49 0
14916 - -46 0
14918 A -43 0
14920 A -41 0
14922 A -39 0
14924 A -29 0
14926 A -27 0
14928 A -25 0
14930 A -23 0
14932 - -29 0
14934 - -27 0
14936 - -26 0
14938 A -26 0
14940 A -28 0
14942 A -27 0
14946 A -26 0
14950 A -25 0
14958 A -22 0
14960 A -21 0
14966 A -17 0
14980 A -18 0
14982 A -19 0
14984 A -11 0
14988 A -12 0
14992 A -4 0
14996 A -5 0
15000 A -6 0
15002 A 2 0
15004 A 1 0
15010 A 9 0
15018 A 17 0
15026 A 24 0
15032 A 25 0
15034 A 4 0
15038 A 3 0
15042 A -15 0
15044 A -17 0
15046 A -18 0
15048 A -20 0
15050 A -37 0
15052 A -39 0
15054 A -42 0
15056 A -45 0
15058 A -58 0
15060 A -61 0
15062 A -64 0
15064 A -68 0
15066 A -80 0
15074 B -80 0
15094 A -80 0
15098 A -77 0
15100 A -74 0
15102 A -71 0
15104 A -68 0
15106 A -65 0
15108 A -50 0
15110 A -46 0
15112 A -43 0
15114 A -39 0
15116 A -36 0
15118 A -21 0
15120 A -18 0
15122 A -15 0
15124 A -13 0
15126 A -10 0
15128 A 3 0
15130 A 5 0
15132 A 7 0
15134 A 9 0
15136 A 11 0
15138 A 24 0
15140 A 26 0
15142 A 28 0
15144 A 29 0
15146 A 30 0
15148 A 43 0
15150 A 44 0
15152 A 45 0
15154 A 46 0
15156 A 47 0
15158 A 57 0
15160 A 58 0
15164 A 59 0
15170 A 66 0
15176 A 65 0
15178 A 64 0
15180 A 67 0
15182 A 64 0
15184 A 62 0
15186 A 59 0
15188 A 53 0
15190 A 44 0
15192 A 36 0
15194 A 26 0
15196 A 19 0
15200 A 20 0
15202 A 21 0
15204 A 22 0
15206 A 23 0
15208 A 24 0
15212 A 25 0
15214 A 26 0
15216 A 27 0
15218 A 28 0
15220 A 27 0
15222 A 28 0
15224 A 29 0
15226 A 30 0
15228 A 15 0
15232 A 16 0
15236 A 3 0
15242 A 4 0
15244 A -6 0
15246 A -7 0
15252 A -17 0
15254 A -18 0
15258 A -19 0
15260 A -26 0
15262 A -27 0
15264 A -32 0
15266 A -33 0
15268 A -35 0
15270 A -36 0
15272 A -40 0
15274 A -41 0
15276 A -42 0
15278 A -44 0
15280 A -46 0
15282 A -47 0
15284 A -48 0
15286 A -51 0
15290 A -52 0
15292 A -53 0
15294 A -54 0
15296 A -52 0
15300 A -53 0
15302 A -54 0
15304 A -38 0
15312 A -22 0
15314 A -21 0
15318 A -20 0
15320 A -6 0
15322 A -5 0
15324 A -4 0
15326 A -3 0
15328 A 10 0
15330 A 11 0
15334 A 12 0
15336 A 25 0
15338 A 34 0
15340 A 36 0
15342 A 43 0
15344 A 45 0
15346 A 57 0
15348 A 47 0
15350 A 46 0
15352 A 44 0
15354 A 43 0
15356 A 55 0
15358 A 53 0
15360 A 51 0
15362 A 49 0
15364 A 59 0
15366 A 56 0
15368 A 54 0
15370 A 51 0
15372 A 58 0
15374 A 55 0
15376 A 52 0
15378 A 49 0
15380 A 46 0
15382 A 52 0
15384 A 49 0
15386 A 46 0
15388 A 43 0
15390 A 47 0
15392 A 44 0
15394 A 42 0
15396 A 44 0
15398 A 42 0
15400 A 40 0
15402 A 38 0
15404 A 37 0
15406 A 38 0
15408 A 37 0
15410 A 36 0
15412 A 35 0
15414 A 43 0
15418 A 42 0
15422 A 47 0
15426 A 46 0
15428 A 47 0
15430 A 48 0
15438 A 46 0
15440 A 44 0
15442 A 43 0
15444 A 40 0
15446 A 38 0
15448 A 37 0
15450 A 41 0
15454 A 35 0
15456 A 34 0
15462 A 26 0
15466 A 25 0
15478 A 23 0
15484 A 24 0
15486 A 20 0
15492 A 21 0
15494 A 16 0
15500 A 17 0
15502 A 11 0
15508 A 12 0
15512 A 13 0
15514 A 5 0
15516 A 6 0
15520 A
15528 A -7 0
15532 A -13 0
15534 A -11 0
15542 A -9 0
15548 A -8 0
15554 A -7 0
15556 A -6 0
15562 A -5 0
15570 A -4 0
15576 A -3 0
15578 A -4 0
15582 A -3 0
15584 A -4 0
15588 A 4 0
15594 A 11 0
15598 A 12 0
15600 - 18 0
15604 - 19 0
15606 - 23 0
15608 - 24 0
15610 A 24 0
15612 - 25 0
15614 - 29 0
15616 - 30 0
15618 - 31 0
15620 - 33 0
15622 - 34 0
15624 - 36 0
15626 - 37 0
15628 - 39 0
15630 - 40 0
15632 - 41 0
15634 - 42 0
15636 - 43 0
15638 - 52 0
15640 - 54 0
15642 A 55 0
15644 - 58 0
15646 - 64 0
15648 A 66 0
15650 - 69 0
15652 A 73 0
15654 - 74 0
15656 - 76 0
15658 A 78 0
15660 - 78 0
15662 A 79 0
15664 - 79 0
15666 A 76 0
15668 - 75 0
15670 A 74 0
15672 A 72 0
15674 A 66 0
15676 - 63 0
15678 A 59 0
15680 A 56 0
15682 A 53 0
15684 A 43 0
15686 A 40 0
15688 A 37 0
15690 A 26 0
15692 A 23 0
15694 A 21 0
15696 A 18 0
15698 A 8 0
15700 A 5 0
15702 A 3 0
15704 A -6 0
15706 A -8 0
15708 A -9 0
15710 A -11 0
15712 A -14 0
15714 A -15 0
15716 A -16 0
15718 A -19 0
15720 A -20 0
15722 A -17 0
15726 A -21 0
15728 A -22 0
15730 A -21 0
15734 A -25 0
15738 A -29 0
15742 A -32 0
15746 A -31 0
15750 A -33 0
15754 A -32 0
15758 A -33 0
15762 A -32 0
15766 A -25 0
15770 A -24 0
15772 A -18 0
15774 A -17 0
15776 A -16 0
15778 A -11 0
15780 A -10 0
15782 A -9 0
15784 A -8 0
15786 A -3 0
15788 A -2 0
15790 A -1 0
15792 A 3 0
15794 A 5 0
15796 A 6 0
15798 A 11 0
15800 A 12 0
15802 A 17 0
15804 A 18 0
15806 A 20 0
15808 A 31 0
15810 A 33 0
15812 A 35 0
15814 A 45 0
15816 A 48 0
15818 A 50 0
15820 A 58 0
15822 A 60 0
15824 A 61 0
15826 A 66 0
15832 A 68 0
15834 A 67 0
15838 A 65 0
15840 A 63 0
15842 A 60 0
15844 A 55 0
15846 A 52 0
15848 A 49 0
15850 A 46 0
15852 A 42 0
15854 A 41 0
15856 A 39 0
15858 A 34 0
15860 A 32 0
15862 A 30 0
15864 A 23 0
15866 A 22 0
15868 A 20 0
15870 - 13 0
15872 - 11 0
15874 - 10 0
15876 - 3 0
15878 - 2 0
15880 - 1 0
15882 - -6 0
15886 - -7 0
15888 A -7 0
15890 A -15 0
15892 A -16 0
15898 A -24 0
15900 A -25 0
15904 A -32 0
15906 A -33 0
15912 A -45 0
15920 A -54 0
15924 - -54 0
15926 A -61 0
15928 - -61 0
15930 A -61 0
15932 - -60 0
15934 - -65 0
15936 A -64 0
15938 - -62 0
15940 - -64 0
15942 - -62 0
15944 A -59 0
15946 - -57 0
15948 A -55 0
15950 - -52 0
15952 A -50 0
15954 - -48 0
15956 B -44 0
15958 B -42 0
15960 B -39 0
15962 A -38 0
15964 A -32 0
15966 A -30 0
15968 A -28 0
15970 A -27 0
15972 A -20 0
15974 A -19 0
15976 A -17 0
15978 A -16 0
15980 A -21 0
15982 A -20 0
15986 A -19 0
15996 A -22 0
16000 A -23 0
16002 A -24 0
16008 A -25 0
16010 A -26 0
16012 A -24 0
16016 A -25 0
16018 A -26 0
16020 A -22 0
16022 A -23 0
16026 A -24 0
16028 A -25 0
16030 A -26 0
16032 A -19 0
16034 A -20 0
16036 A -21 0
16038 A -22 0
16040 A -14 0
16042 A -15 0
16046 A -8 0
16050 A -1 0
16054 A 4 0
16062 A -2 0
16064 A -3 0
16068 A -9 0
16070 A -10 0
16074 A -11 0
16076 A -16 0
16078 A -17 0
16080 A -18 0
16082 A -22 0
16086 A -23 0
16088 A -24 0
16090 A -26 0
16092 A -27 0
16094 A -28 0
16096 A -29 0
16100 A -30 0
16102 A -31 0
16104 A -30 0
16106 - -31 0
16108 A -31 0
16110 A -29 0
16112 - -30 0
16114 A -30 0
16116 A -27 0
16118 - -27 0
16120 A -28 0
16124 - -36 0
16126 A -37 0
16130 - -43 0
16132 A -44 0
16136 A -48 0
16142 A -49 0
16144 - -49 0
16146 A -49 0
16150 A -47 0
16156 A -43 0
16160 A -42 0
16164 A -41 0
16166 A -36 0
16168 A -35 0
16170 A -34 0
16174 A -27 0
16176 A -26 0
16178 A -25 0
16180 A -28 0
16184 A -27 0
16194 A -26 0
16196 A -25 0
16202 A -22 0
16208 A -18 0
16212 A -17 0
16216 A -13 0
16218 A -12 0
16228 A -7 0
16236 A -6 0
16242 A -4 0
16244 A -5 0
16250 A -3 0
16254 A -4 0
16258 A -2 0
16264 A
16272 A 2 0
16276 A 1 0
16280 A 4 0
16284 A 5 0
16286 A 8 0
16292 - 11 0
16294 - 12 0
16298 - 15 0
16300 - 16 0
16302 A 17 0
16304 - 19 0
16308 - 20 0
16312 - 19 0
16318 - 18 0
16322 - 17 0
16324 - 16 0
16330 - 14 0
16332 A 14 0
16334 A 13 0
16336 A 16 0
16340 A 15 0
16344 A 17 0
16350 A 18 0
16354 - 18 0
16362 - 19 0
16364 - 18 0
16370 - 17 0
16376 - 18 0
16378 A 16 0
16380 - 16 0
16382 A 16 0
16384 - 14 0
16386 A 14 0
16390 - 14 0
16392 A 25 0
16394 - 26 0
16396 A 27 0
16398 - 35 0
16400 A 36 0
16402 - 37 0
16404 A 42 0
16406 A 43 0
16408 A 44 0
16410 A 48 0
16414 A 49 0
16416 A 50 0
16420 A 51 0
16424 A 50 0
16432 A 46 0
16434 A 45 0
16440 A 39 0
16444 A 38 0
16446 A 31 0
16450 A 30 0
16456 A 29 0
16458 A 28 0
16460 A 27 0
16466 A 23 0
16472 A 19 0
16474 A 18 0
16478 A 13 0
16482 A 12 0
16484 A 7 0
16496 A 1 0
16502 A -4 0
16510 A -10 0
16516 A -17 0
16518 A -18 0
16524 A -25 0
16530 - -30 0
16534 - -31 0
16538 B -35 0
16544 A -38 0
16548 A -37 0
16554 A -36 0
16556 - -35 0
16560 A -34 0
16562 - -34 0
16564 A -33 0
16566 - -31 0
16570 A -30 0
16572 - -29 0
16574 A -34 0
16576 - -34 0
16578 A -33 0
16580 - -33 0
16582 A -36 0
16584 - -36 0
16586 A -35 0
16588 - -36 0
16590 A -36 0
16594 - -36 0
16596 A -35 0
16602 - -33 0
16604 A -32 0
16610 A -28 0
16612 - -28 0
16614 A -27 0
16620 A -22 0
16622 - -22 0
16624 A -22 0
16626 A -16 0
16628 A -15 0
16632 A -23 0
16638 - -24 0
16640 A -29 0
16642 A -30 0
16646 A -34 0
16650 A -35 0
16652 - -36 0
16654 A -36 0
16656 A -37 0
16660 A -36 0
16666 A -34 0
16670 - -34 0
16672 A -34 0
16676 A -35 0
16678 A -30 0
16684 A -24 0
16688 A -23 0
16692 A -27 0
16698 A -29 0
16712 A -27 0
16718 A -24 0
16720 A -23 0
16726 A -19 0
16730 A -18 0
16736 A -20 0
16750 A -19 0
16754 A -20 0
16758 A -17 0
16762 A -18 0
16764 A -15 0
16772 A -11 0
16778 A -12 0
16786 A -13 0
16788 A -12 0
16792 A -13 0
16794 A -11 0
16796 A -12 0
16800 A -13 0
16802 A -10 0
16806 A -11 0
16808 A -8 0
16812 A -9 0
16814 A -6 0
16818 A -7 0
16822 A -4 0
16828 A -1 0
16834 A 1 0
16840 A 4 0
16846 A 5 0
16848 A 8 0
16852 A 9 0
16854 A 12 0
16856 A 13 0
16860 A 16 0
16862 A 17 0
16864 - 24 0
16866 - 25 0
16868 - 26 0
16870 - 30 0
16876 - 33 0
16880 - 34 0
16882 - 35 0
16884 - 36 0
16888 - 37 0
16894 - 36 0
16898 - 37 0
16900 B 35 0
16902 - 34 0
16908 - 38 0
16912 - 39 0
16914 B 40 0
16920 B 41 0
16922 A 40 0
16930 A 38 0
16932 A 37 0
16938 A 33 0
16942 A 32 0
16944 A 28 0
16946 A 27 0
16948 A 26 0
16956 A 19 0
16960 A 18 0
16962 B 12 0
16964 A 11 0
16970 A 4 0
16974 A 3 0
16978 A 8 0
16980 A 9 0
16984 A 13 0
16990 A 14 0
16992 A 16 0
16996 A 17 0
16998 A 18 0
17002 A 19 0
17012 A 30 0
17016 A 31 0
17020 A 32 0
17022 A 40 0
17024 - 41 0
17026 A 42 0
17028 A 43 0
17030 - 48 0
17032 A 49 0
17036 - 50 0
17038 A 53 0
17042 A 54 0
17044 - 54 0
17046 A 54 0
17052 A 52 0
17054 A 51 0
17060 A 50 0
17062 A 55 0
17064 A 54 0
17074 A 53 0
17076 A 51 0
17078 A 50 0
17080 A 49 0
17082 A 48 0
17084 A 44 0
17086 A 43 0
17088 A 41 0
17090 A 36 0
17092 A 34 0
17094 A 33 0
17096 A 32 0
17098 A 25 0
17100 A 24 0
17102 A 22 0
17104 A 21 0
17106 A 20 0
17110 A 19 0
17120 A 8 0
17128 A 3 0
17132 A 4 0
17136 A
17144 A -5 0
17152 A -4 0
17154 A -10 0
17162 A -16 0
17164 A -20 0
17166 A -21 0
17172 A -25 0
17178 A -28 0
17180 A -29 0
17186 A -32 0
17192 A -33 0
17194 A -32 0
17200 A -31 0
17206 A -29 0
17212 A -27 0
17214 A -26 0
17218 A -23 0
17222 A -22 0
17224 A -19 0
17226 A -18 0
17230 A -14 0
17236 A -10 0
17238 A -9 0
17242 A -5 0
17248 A
17254 A 3 0
17260 A 8 0
17266 A 12 0
17270 A 13 0
17272 A 16 0
17274 A 17 0
17278 A 20 0
17282 A 23 0
17286 A 24 0
17288 A 25 0
17290 A 26 0
17292 A 27 0
17294 A 28 0
17296 A 24 0
17300 A 19 0
17302 A 18 0
17304 A 13 0
17306 A 12 0
17308 A 11 0
17310 A 7 0
17312 A 6 0
17314 A 5 0
17316 A
17320 B -4 0
17324 B -5 0
17326 - -6 0
17328 - -7 0
17330 - -11 0
17334 - -12 0
17336 - -16 0
17340 - -17 0
17342 - -20 0
17344 - -21 0
17348 - -34 0
17350 - -36 0
17352 - -37 0
17354 - -49 0
17356 - -50 0
17358 - -52 0
17360 - -59 0
17362 - -60 0
17366 - -65 0
17372 - -67 0
17376 A -66 0
17378 A -64 0
17380 A -62 0
17382 A -60 0
17384 A -57 0
17386 A -52 0
17388 A -49 0
17390 A -46 0
17392 A -44 0
17394 A -41 0
17396 A -39 0
17398 A -37 0
17400 A -33 0
17402 A -31 0
17404 A -29 0
17406 A -27 0
17408 A -21 0
17410 A -20 0
17412 A -18 0
17414 A -12 0
17416 A -11 0
17418 A -9 0
17420 A -8 0
17422 A -2 0
17424 A -1 0
17426 A
17430 A 6 0
17432 A 7 0
17434 A 8 0
17440 A 12 0
17442 A 13 0
17448 A 17 0
17456 A 22 0
17460 A 21 0
17462 A 25 0
17468 A 24 0
17470 A 27 0
17478 A 29 0
17482 A 28 0
17486 A 30 0
17490 A 29 0
17496 A 28 0
17498 A 27 0
17500 A 26 0
17502 A 25 0
17506 A 22 0
17510 A 21 0
17512 A 18 0
17516 A 17 0
17518 A 14 0
17526 A 10 0
17532 A 6 0
17538 A 2 0
17542 A -1 0
17548 A -5 0
17554 A -9 0
17558 A -10 0
17560 A -13 0
17564 A -16 0
17566 A -17 0
17570 A -20 0
17576 A -24 0
17580 A -25 0
17582 A -26 0
17584 A -27 0
17594 A -26 0
17596 A -25 0
17602 A -23 0
17606 A -21 0
17612 A -18 0
17616 A -15 0
17622 A -12 0
17624 A -11 0
17626 A -8 0
17630 A -4 0
17636 A
17640 A 2 0
17646 A 6 0
17650 A 9 0
17654 A 12 0
17660 A 14 0
17662 A 15 0
17666 A 17 0
17670 A 18 0
17674 A 19 0
17676 A 20 0
17678 A 21 0
17682 A 22 0
17688 A 21 0
17692 A 20 0
17696 A 19 0
17700 A 17 0
17706 A 15 0
17710 A 13 0
17714 A 10 0
17718 A 7 0
17724 - 5 0
17726 A 5 0
17728 A 2 0
17732 B
17736 A -2 0
17742 B -4 0
17748 B -7 0
17752 B -9 0
17756 B -10 0
17758 - -10 0
17764 - -12 0
17766 - -13 0
17770 - -15 0
17772 - -16 0
17776 - -18 0
17778 - -19 0
17780 - -23 0
17782 - -24 0
17784 - -25 0
17786 - -28 0
17792 - -29 0
17798 B -29 0
17800 - -29 0
17804 - -28 0
17808 - -29 0
17810 - -27 0
17816 - -25 0
17822 - -31 0
17824 - -32 0
17828 - -33 0
17830 A -37 0
17832 - -38 0
17834 A -38 0
17836 A -41 0
17838 - -41 0
17840 A -41 0
17842 A -42 0
17846 - -42 0
17848 A -41 0
17854 - -42 0
17856 A -51 0
17858 A -52 0
17862 A -53 0
17864 A -59 0
17868 A -60 0
17870 A -62 0
17874 A -61 0
17878 A -59 0
17880 A -57 0
17882 A -56 0
17884 A -52 0
17886 A -50 0
17888 A -48 0
17890 A -43 0
17892 A -40 0
17894 A -39 0
17896 A -37 0
17898 A -35 0
17900 A -34 0
17902 A -33 0
17904 A -27 0
17906 A -26 0
17908 A -30 0
17910 A -39 0
17912 A -41 0
17914 A -48 0
17916 A -52 0
17918 A -44 0
17920 A -45 0
17924 A -43 0
17926 A -34 0
17928 A -33 0
17930 A -34 0
17932 A -29 0
17938 A -30 0
17940 A -24 0
17948 A -17 0
17954 A -10 0
17958 A -9 0
17962 A -2 0
17964 A -1 0
17968 A 5 0
17970 A 6 0
17972 A 7 0
17974 A 13 0
17976 A 14 0
17978 A 15 0
17980 A 16 0
17982 A 22 0
17984 A 23 0
17986 A 28 0
17988 A 29 0
17990 A 31 0
17992 A 34 0
17994 A 36 0
17996 A 38 0
17998 A 41 0
18000 A 42 0
18002 A 43 0
18004 - 44 0
18010 - 43 0
18012 - 44 0
18016 - 42 0
18022 - 39 0
18028 - 35 0
18030 - 34 0
18034 - 29 0
18040 - 23 0
18046 - 22 0
18048 - 16 0
18054 - 9 0
18056 A 9 0
18060 A 2 0
18066 A 5 0
18068 - 6 0
18070 A 6 0
18072 A 9 0
18074 - 9 0
18076 A 10 0
18080 - 12 0
18082 A 13 0
18084 - 13 0
18086 A 14 0
18088 A 15 0
18090 - 15 0
18092 A 15 0
18094 A 16 0
18096 - 17 0
18098 A 17 0
18100 - 16 0
18102 A 17 0
18104 - 17 0
18106 A 18 0
18108 A 28 0
18110 - 29 0
18112 A 30 0
18114 - 38 0
18116 A 39 0
18118 - 40 0
18120 A 46 0
18122 A 47 0
18124 - 48 0
18126 A 49 0
18128 A 51 0
18130 - 52 0
18132 A 52 0
18134 A 53 0
18136 - 53 0
18138 A 53 0
18140 A 62 0
18146 - 62 0
18148 A 62 0
18150 A 65 0
18152 A 64 0
18154 A 63 0
18156 A 61 0
18158 A 59 0
18160 A 57 0
18162 A 54 0
18164 A 50 0
18166 A 47 0
18168 A 44 0
18170 A 42 0
18172 A 40 0
18174 A 37 0
18176 A 35 0
18178 A 31 0
18180 A 29 0
18182 A 27 0
18184 A 25 0
18186 A 28 0
18188 A 27 0
18190 A 26 0
18192 A 20 0
18194 A 19 0
18198 A 18 0
18200 A 17 0
18202 A 8 0
18204 A 7 0
18206 A 5 0
18208 A 4 0
18210 A -6 0
18212 A -8 0
18214 A -7 0
18216 A -6 0
18218 A -5 0
18220 A -14 0
18226 A -15 0
18230 A -24 0
18232 A -25 0
18238 A -33 0
18240 A -34 0
18246 A -41 0
18254 A -46 0
18262 A -50 0
18268 A -49 0
18270 A -47 0
18272 A -46 0
18274 A -45 0
18276 A -44 0
18278 A -41 0
18280 A -40 0
18282 A -39 0
18284 A -38 0
18286 A -34 0
18288 A -33 0
18290 A -32 0
18292 A -30 0
18294 A -26 0
18296 A -24 0
18298 A -23 0
18300 A -22 0
18302 A -20 0
18306 A -21 0
18308 A -16 0
18312 A -17 0
18316 A -12 0
18322 A -8 0
18330 A -4 0
18332 A -3 0
18336 A
18342 A 4 0
18344 A 5 0
18350 A 9 0
18356 A 12 0
18362 A 14 0
18364 A 15 0
18368 A 17 0
18372 A 18 0
18374 A 19 0
18376 A 20 0
18380 A 21 0
18382 A 22 0
18386 A 23 0
18390 A 24 0
18394 A 25 0
18396 A 26 0
18398 A 25 0
18400 A 26 0
18402 A 27 0
18406 A 28 0
18408 A 29 0
18410 A 27 0
18412 A 28 0
18414 A 29 0
18416 A 26 0
18418 A 27 0
18420 A 25 0
18424 A 26 0
18426 A 23 0
18428 A 24 0
18432 A 21 0
18434 A 22 0
18436 B 19 0
18442 B 16 0
18444 B 15 0
18446 - 15 0
18450 - 16 0
18452 - 7 0
18458 -
18462 - -1 0
18466 - -9 0
18470 - -10 0
18472 - -17 0
18474 - -18 0
18476 - -19 0
18478 - -25 0
18480 - -26 0
18482 - -27 0
18484 - -33 0
18486 - -34 0
18488 - -36 0
18490 - -40 0
18492 - -42 0
18494 - -43 0
18496 - -56 0
18498 - -57 0
18502 - -66 0
18504 - -67 0
18508 - -73 0
18514 - -75 0
18516 - -74 0
18518 - -73 0
18520 - -72 0
18522 A -69 0
18524 A -67 0
18526 A -64 0
18528 A -62 0
18530 A -58 0
18532 A -54 0
18534 A -51 0
18536 A -47 0
18538 A -42 0
18540 A -38 0
18542 A -35 0
18544 A -33 0
18546 A -26 0
18548 A -23 0
18550 A -20 0
18552 A -19 0
18554 A -24 0
18556 A -34 0
18558 A -43 0
18560 A -51 0
18562 A -49 0
18564 A -48 0
18566 A -46 0
18568 A -47 0
18570 A -42 0
18572 A -43 0
18574 A -44 0
18576 A -45 0
18578 A -42 0
18580 A -43 0
18582 A -44 0
18584 A -40 0
18586 A -42 0
18588 A -43 0
18590 A -44 0
18592 A -39 0
18594 A -40 0
18596 A -42 0
18598 A -38 0
18600 A -39 0
18602 A -40 0
18604 A -36 0
18608 A -38 0
18610 A -36 0
18612 A -38 0
18614 A -39 0
18616 A -37 0
18620 A -39 0
18622 A -35 0
18624 A -36 0
18626 A -38 0
18628 A -35 0
18630 A -36 0
18632 A -38 0
18634 A -35 0
18636 A -36 0
18638 A -37 0
18640 A -34 0
18642 A -35 0
18644 A -36 0
18646 A -32 0
18648 A -30 0
18650 A -31 0
18652 A -29 0
18656 A -30 0
18658 A -27 0
18662 A -28 0
18664 A -24 0
18668 A -21 0
18674 A -17 0
18678 A -14 0
18684 A -11 0
18690 A -8 0
18696 A -5 0
18702 A -2 0
18708 A
18712 A 2 0
18718 A 4 0
18722 A 5 0
18728 A 7 0
18732 A 8 0
18736 A 9 0
18738 A 10 0
18742 A 11 0
18752 B 11 0
18754 A 11 0
18762 B 11 0
18766 B 8 0
18768 B 9 0
18772 B 6 0
18776 B 4 0
18778 - 4 0
18780 - 7 0
18782 - 4 0
18788 - 5 0
18790 - 2 0
18796 -
18802 - -4 0
18804 - -5 0
18808 - -10 0
18816 - -14 0
18820 - -15 0
18822 - -18 0
18828 - -26 0
18830 - -27 0
18832 - -28 0
18834 - -35 0
18836 - -36 0
18838 - -37 0
18840 - -43 0
18842 - -44 0
18844 - -46 0
18846 - -48 0
18848 - -52 0
18850 - -54 0
18852 - -56 0
18854 - -64 0
18856 - -66 0
18858 - -68 0
18860 - -71 0
18862 - -77 0
18864 - -79 0
18866 - -80 0
18876 B -80 0
18878 A -80 0
18892 A -78 0
18894 A -74 0
18896 A -70 0
18898 A -66 0
18900 A -65 0
18904 A -68 0
18906 A -70 0
18908 A -67 0
18910 A -59 0
18912 A -57 0
18914 A -56 0
18916 A -51 0
18918 A -50 0
18920 A -49 0
18922 A -50 0
18926 A -47 0
18928 A -43 0
18932 A -41 0
18936 A -40 0
18938 A -35 0
18940 A -36 0
18942 A -38 0
18944 A -35 0
18948 A -36 0
18950 A -32 0
18954 A -31 0
18956 A -30 0
18958 A -31 0
18964 A -29 0
18966 A -30 0
18970 A -27 0
18972 A -28 0
18974 A -29 0
18976 A -27 0
18980 A -24 0
18982 A -23 0
18984 A -24 0
18988 A -23 0
18990 A -24 0
18992 A -25 0
18994 A -23 0
18996 A -24 0
19000 A -22 0
19002 A -23 0
19004 A -21 0
19006 A -22 0
19010 B -20 0
19012 A -21 0
19014 A -18 0
19016 B -18 0
19018 A -19 0
19020 B -16 0
19024 - -20 0
19026 - -16 0
19032 - -12 0
19034 - -13 0
19038 - -9 0
19042 - -5 0
19046 - -4 0
19048 - 2 0
19050 - 3 0
19052 - 4 0
19054 - 11 0
19056 - 12 0
19058 - 13 0
19060 - 20 0
19062 - 21 0
19064 - 23 0
19066 - 25 0
19068 - 31 0
19070 B 33 0
19072 B 35 0
19074 B 47 0
19076 B 49 0
19078 B 51 0
19080 B 60 0
19082 B 61 0
19084 A 62 0
19088 A 66 0
19092 A 65 0
19098 A 63 0
19100 A 61 0
19102 A 66 0
19104 A 63 0
19106 A 59 0
19108 A 55 0
19110 A 56 0
19112 A 52 0
19114 A 48 0
19116 A 45 0
19118 A 42 0
19120 A 40 0
19122 A 36 0
19124 A 34 0
19126 A 31 0
19128 A 27 0
19130 A 24 0
19132 A 22 0
19134 A 20 0
19138 A 18 0
19140 A 16 0
19142 A 15 0
19144 A 13 0
19146 A 12 0
19150 A 11 0
19156 A 8 0
19162 A 9 0
19166 A 5 0
19172 A 6 0
19174 A 1 0
19178 A 2 0
19182 A 3 0
19184 A -2 0
19188 A -1 0
19194 A
19196 A -4 0
19204 A -8 0
19210 A -14 0
19216 A -15 0
19218 A -17 0
19222 A -18 0
19226 A -19 0
19230 A -20 0
19232 A -21 0
19236 A -22 0
19242 A -21 0
19248 A -19 0
19254 A -17 0
19258 A -16 0
19262 A -14 0
19264 A -13 0
19268 A -10 0
19274 A -7 0
19276 A -6 0
19280 A -3 0
19286 A
19292 A 2 0
19296 A 3 0
19298 A 5 0
19302 A 8 0
19306 A 9 0
19308 A 11 0
19312 A 12 0
19314 A 14 0
19316 A 15 0
19320 A 17 0
19322 A 18 0
19324 A 19 0
19326 A 20 0
19328 A 22 0
19330 A 23 0
19332 A 24 0
19334 A 25 0
19336 A 26 0
19338 A 27 0
19342 A 28 0
19344 A 29 0
19346 A 28 0
19348 A 29 0
19350 A 30 0
19352 A 29 0
19356 A 30 0
19358 A 31 0
19360 A 30 0
19362 A 31 0
19364 A 32 0
19366 A 30 0
19368 A 31 0
19370 A 32 0
19372 A 30 0
19374 A 31 0
19376 A 32 0
19378 A 29 0
19382 A 30 0
19384 A 27 0
19386 A 28 0
19388 A 29 0
19390 A 26 0
19394 A 27 0
19396 A 24 0
19398 A 25 0
19402 A 22 0
19404 A 23 0
19408 A 20 0
19412 A 21 0
19414 A 14 0
19416 A 15 0
19420 A 10 0
19424 B 5 0
19426 - 5 0
19428 - 11 0
19430 - 6 0
19436 - 1 0
19442 - -2 0
19448 - -6 0
19450 - -7 0
19454 - -10 0
19460 - -12 0
19462 A -12 0
19466 A -18 0
19474 A -23 0
19478 A -22 0
19480 A -26 0
19482 A -25 0
19488 A -27 0
19494 A -28 0
19502 A -34 0
19504 A -35 0
19508 A -39 0
19510 A -40 0
19512 - -40 0
19514 A -40 0
19516 - -43 0
19518 A -43 0
19522 - -44 0
19524 A -44 0
19526 - -44 0
19528 A -44 0
19530 A -43 0
19536 A -47 0
19544 A -48 0
19546 A -47 0
19550 A -46 0
19552 A -45 0
19554 A -50 0
19556 A -56 0
19558 A -61 0
19560 A -57 0
19562 A -56 0
19564 A -58 0
19566 A -60 0
19568 A -59 0
19570 A -57 0
19572 A -53 0
19574 A -52 0
19576 A -50 0
19580 A -52 0
19582 A -54 0
19584 A -53 0
19586 A -48 0
19590 A -50 0
19592 A -49 0
19594 A -45 0
19596 A -41 0
19600 A -39 0
19602 A -41 0
19606 A -40 0
19608 A -36 0
19610 A -37 0
19612 A -38 0
19614 A -34 0
19616 A -35 0
19620 A -31 0
19622 A -33 0
19624 A -35 0
19626 A -33 0
19628 A -31 0
19632 A -29 0
19634 A -30 0
19638 A -27 0
19640 A -26 0
19642 A -27 0
19644 A -28 0
19646 A -26 0
19650 A -27 0
19652 A -25 0
19656 A -26 0
19658 A -24 0
19662 A -25 0
19664 A -22 0
19666 A -23 0
19668 A -24 0
19670 A -21 0
19674 A -22 0
19676 A -19 0
19680 A -20 0
19682 A -17 0
19688 A -15 0
19694 A -13 0
19700 A -11 0
19704 A -8 0
19706 A -9 0
19710 A -6 0
19712 A -7 0
19716 A -4 0
19718 A -5 0
19722 A -3 0
19724 A -4 0
19728 A -2 0
19732 A -1 0
19738 A
19750 A 1 0
19754 A 2 0
19760 A 3 0
19764 A 4 0
19766 A 5 0
19770 A 6 0
19788 A 7 0
19790 A 6 0
19792 A 7 0
19802 A 8 0
19804 A 7 0
19806 A 8 0
19820 A 9 0
19822 A 8 0
19824 A 9 0
19826 A 8 0
19828 A 9 0
19830 A 8 0
19832 A 9 0
19834 A 8 0
19836 A 9 0
19838 A 8 0
19842 A 9 0
19844 A 8 0
19846 A 9 0
19848 A 8 0
19850 A 9 0
19852 A 8 0
19860 A 9 0
19864 A 8 0
19866 A 9 0
19878 A 10 0
19880 A 9 0
19882 A 10 0
19884 A 11 0
19886 A 10 0
19890 A 9 0
19892 A 10 0
19894 A 11 0
19896 A 10 0
19898 A 9 0
19900 A 7 0
19902 A 8 0
19904 A 9 0
19906 A 8 0
19910 A 7 0
19912 A 8 0
19914 A 7 0
19918 A 6 0
19922 A 5 0
19924 A 6 0
19926 A 4 0
19928 A 5 0
19930 A 3 0
19932 A 4 0
19936 A 3 0
19940 A 2 0
19944 A 1 0
19950 A
19954 A -1 0
19958 A -2 0
19960 A -3 0
19964 A -4 0
19968 A -6 0
19972 A -8 0
19976 A -9 0
19980 A -10 0
19982 A -11 0
19984 A -12 0
19986 A -13 0
19988 A -14 0
19992 A -15 0
19994 A -16 0
19996 A -17 0
19998 A -18 0
20000 A -19 0
20002 A -20 0
20004 A -21 0
20006 A -22 0
20008 A -23 0
20010 A -24 0
20012 A -25 0
20014 A -26 0
20016 A -27 0
20018 A -28 0
20020 A -29 0
20022 A -30 0
20024 A -31 0
20026 A -32 0
20028 A -33 0
20032 A -34 0
20036 A -35 0
20042 A -34 0
20046 A -32 0
20048 A -31 0
20050 A -26 0
20052 A -29 0
20054 A -30 0
20056 A -29 0
20058 A -25 0
20062 A -24 0
20064 A -25 0
20066 A -24 0
20068 A -23 0
20070 A -24 0
20072 A -23 0
20076 A -21 0
20078 A -22 0
20080 A -20 0
20082 A -18 0
20084 A -19 0
20086 A -17 0
20088 A -19 0
20090 A -18 0
20094 A -19 0
20096 A -18 0
20098 A -19 0
20100 A -18 0
20104 A -17 0
20106 A -18 0
20108 A -16 0
20110 A -14 0
20112 A -15 0
20114 A -13 0
20118 A -11 0
20120 A -10 0
20124 A -8 0
20128 A -7 0
20130 A -6 0
20134 A -4 0
20142 A -3 0
20144 A -2 0
20148 A -1 0
20150 A -2 0
20154 A -1 0
20156 A -2 0
20158 A -1 0
20166 A -2 0
20174 A -3 0
20178 A -4 0
20182 A -5 0
20186 A -6 0
20188 A -7 0
20192 A -8 0
20194 B -10 0
20196 A -12 0
20198 A -13 0
20200 B -15 0
20202 B -16 0
20204 B -18 0
20206 B -19 0
20208 B -20 0
20210 B -21 0
20212 B -22 0
20214 B -23 0
20216 B -25 0
20218 A -26 0
20220 A -27 0
20222 A -28 0
20224 A -29 0
20226 A -30 0
20234 A -29 0
20244 A -28 0
20246 A -27 0
20250 A -25 0
20252 A -22 0
20254 A -32 0
20256 A -36 0
20260 A -38 0
20262 A -37 0
20264 A -39 0
20266 A -38 0
20268 A -34 0
20270 A -25 0
20276 A -28 0
20280 A -29 0
20282 A -27 0
20284 A -28 0
20286 A -27 0
20288 A -28 0
20290 A -29 0
20292 A -25 0
20296 A -27 0
20298 A -26 0
20300 A -27 0
20304 A -28 0
20306 A -27 0
20308 A -29 0
20310 A -27 0
20312 A -24 0
20314 A -25 0
20318 A -26 0
20322 A -27 0
20324 A -26 0
20326 A -25 0
20328 A -26 0
20330 A -25 0
20332 A -26 0
20334 A -25 0
20336 A -26 0
20340 A -28 0
20344 A -29 0
20346 A -28 0
20350 A -22 0
20356 A -21 0
20358 A -22 0
20360 A -20 0
20362 A -21 0
20364 A -20 0
20366 A -21 0
20368 A -19 0
20370 A -20 0
20372 A -19 0
20374 A -18 0
20378 A -17 0
20380 A -18 0
20382 A -16 0
20384 A -17 0
20386 A -15 0
20388 A -14 0
20390 A -15 0
20392 A -13 0
20394 A -14 0
20396 A -12 0
20398 A -11 0
20402 A -9 0
20404 A -8 0
20408 A -7 0
20412 A -6 0
20414 A -4 0
20416 A -5 0
20418 A -4 0
20420 A -2 0
20422 A -3 0
20424 A -2 0
20428 A -1 0
20430 A
20436 A 1 0
20440 A 2 0
20444 A 3 0
20446 A 4 0
20450 A 5 0
20452 A 6 0
20456 A 7 0
20460 A 8 0
20466 A 9 0
20476 A 10 0
20486 A 11 0
20490 A 10 0
20492 A 11 0
20494 A 10 0
20496 A 11 0
20498 A 9 0
20500 A 7 0
20502 A 8 0
20504 A 6 0
20508 A 4 0
20510 A 3 0
20514 A 2 0
20518 A
20520 B
20524 B -2 0
20526 B -3 0
20530 B -4 0
20532 B -5 0
20534 B -6 0
20536 B -7 0
20540 B -8 0
20544 B -12 0
20546 B -13 0
20548 B -17 0
20552 - -21 0
20556 - -24 0
20558 - -25 0
20560 - -28 0
20562 - -29 0
20564 - -31 0
20566 - -32 0
20568 - -34 0
20570 - -35 0
20572 - -36 0
20574 - -37 0
20576 A -37 0
20578 A -38 0
20580 A -37 0
20582 A -38 0
20584 A -36 0
20592 A -35 0
20594 A -34 0
20596 A -33 0
20598 A -32 0
20602 A -29 0
20604 A -32 0
20610 A -30 0
20612 A -32 0
20614 A -31 0
20616 A -33 0
20618 A -31 0
20620 A -33 0
20622 A -31 0
20626 A -30 0
20630 A -32 0
20634 A -33 0
20638 A -34 0
20644 A -31 0
20646 A -33 0
20650 A -34 0
20652 A -33 0
20654 A -35 0
20656 A -33 0
20658 A -35 0
20660 A -31 0
20662 A -30 0
20664 A -29 0
20666 A -31 0
20668 A -30 0
20670 A -32 0
20672 A -31 0
20674 A -32 0
20676 A -31 0
20678 A -30 0
20682 A -28 0
20684 A -30 0
20686 A -28 0
20688 A -30 0
20690 A -28 0
20692 A -30 0
20694 A -28 0
20696 A -26 0
20698 A -27 0
20700 A -25 0
20702 A -26 0
20704 A -24 0
20706 A -26 0
20708 A -23 0
20710 A -21 0
20712 A -19 0
20714 A -17 0
20718 A -15 0
20722 A -13 0
20726 A -12 0
20730 A -11 0
20732 A -9 0
20734 A -10 0
20736 A -8 0
20740 A -6 0
20744 A -5 0
20748 A -3 0
20750 A -4 0
20752 A -2 0
20754 A -1 0
20758 A
20762 A 1 0
20766 A 2 0
20770 A 3 0
20774 A 5 0
20776 A 6 0
20780 A 7 0
20782 A 8 0
20784 A 10 0
20788 A 12 0
20790 A 13 0
20792 A 14 0
20794 A 16 0
20796 A 17 0
20798 A 18 0
20802 A 19 0
20804 A 18 0
20816 A 17 0
20818 A 16 0
20822 A 15 0
20824 A 14 0
20826 A 13 0
20828 A 11 0
20832 A 9 0
20836 A 11 0
20838 A 15 0
20842 A 14 0
20844 A 15 0
20846 A 13 0
20848 A 14 0
20850 A 12 0
20852 A 11 0
20856 A 9 0
20860 A 8 0
20862 A 6 0
20866 A 4 0
20870 A 3 0
20872 A 2 0
20874 A 1 0
20876 A
20880 A -1 0
20882 A -2 0
20886 A -4 0
20890 A -6 0
20898 A -7 0
20904 B -8 0
20908 A -8 0
20910 B -8 0
20914 B -9 0
20930 B -8 0
20934 - -7 0
20942 B -6 0
20944 - -6 0
20950 B -4 0
20954 B -2 0
20956 B -5 0
20958 B -2 0
20962 B -3 0
20964 B
20968 B 1 0
20974 B 3 0
20980 - 8 0
20982 - 3 0
20984 - 8 0
20986 - 9 0
20990 - 13 0
20996 - 16 0
20998 - 17 0
21000 - 18 0
21002 - 20 0
21004 - 21 0
21006 - 23 0
21008 - 24 0
21010 - 25 0
21012 - 30 0
21014 - 31 0
21016 - 32 0
21018 - 37 0
21020 - 38 0
21022 - 40 0
21024 - 43 0
21026 - 45 0
21028 - 47 0
21030 - 49 0
21032 - 51 0
21034 - 53 0
21036 - 54 0
21038 - 57 0
21040 - 59 0
21042 - 63 0
21044 - 66 0
21046 - 68 0
21048 - 71 0
21050 - 73 0
21052 - 75 0
21054 A 72 0
21056 A 66 0
21058 A 57 0
21060 A 44 0
21062 - 37 0
21064 - 38 0
21066 - 40 0
21068 - 45 0
21070 - 47 0
21072 - 48 0
21074 - 51 0
21076 - 53 0
21078 - 55 0
21080 A 57 0
21082 A 58 0
21084 A 59 0
21086 - 59 0
21088 - 60 0
21090 A 60 0
21092 A 56 0
21094 A 51 0
21096 A 49 0
21098 A 53 0
21100 A 55 0
21102 A 56 0
21104 - 59 0
21106 - 60 0
21108 A 61 0
21110 A 62 0
21112 A 60 0
21114 A 56 0
21116 A 59 0
21118 A 61 0
21120 A 63 0
21124 A 64 0
21126 A 62 0
21128 A 54 0
21130 A 48 0
21132 A 49 0
21134 A 51 0
21136 A 50 0
21138 A 52 0
21140 A 54 0
21142 A 56 0
21144 A 54 0
21146 A 51 0
21148 A 47 0
21152 A 49 0
21154 A 51 0
21156 A 54 0
21158 A 51 0
21160 A 47 0
21162 A 43 0
21164 A 42 0
21168 A 44 0
21170 A 47 0
21172 A 45 0
21174 A 47 0
21176 A 49 0
21178 A 45 0
21180 A 44 0
21184 A 46 0
21186 A 44 0
21188 A 46 0
21190 A 48 0
21192 A 44 0
21194 A 43 0
21196 A 41 0
21198 A 37 0
21200 A 40 0
21202 A 39 0
21204 A 38 0
21206 A 39 0
21208 A 38 0
21210 A 39 0
21212 A 36 0
21216 A 37 0
21218 A 35 0
21220 A 37 0
21222 A 35 0
21224 A 36 0
21228 A 35 0
21230 A 30 0
21232 A 31 0
21234 A 30 0
21236 A 31 0
21238 A 32 0
21240 A 31 0
21242 A 32 0
21244 A 30 0
21246 A 31 0
21248 A 32 0
21250 A 29 0
21252 A 30 0
21254 A 28 0
21258 A 29 0
21260 A 26 0
21262 A 27 0
21266 A 25 0
21268 A 26 0
21270 A 23 0
21274 A 24 0
21276 A 20 0
21280 A 17 0
21284 A 14 0
21286 A 13 0
21290 A 10 0
21292 A 9 0
21294 A 7 0
21300 A 5 0
21304 A 3 0
21310 A
21312 A 1 0
21314 A -1 0
21318 A
21320 A -3 0
21324 A -5 0
21328 A -6 0
21334 A -7 0
21338 A -8 0
21342 A -9 0
21346 A -10 0
21352 A -11 0
21356 A -12 0
21360 A -10 0
21362 A -11 0
21364 A -9 0
21368 A -6 0
21372 A -5 0
21376 A -4 0
21378 A -5 0
21380 A
21384 A 4 0
21388 A 8 0
21394 - 12 0
21398 - 15 0
21402 - 17 0
21404 - 18 0
21408 - 20 0
21412 - 22 0
21414 - 23 0
21416 - 24 0
21418 - 25 0
21420 - 26 0
21422 - 27 0
21424 - 28 0
21426 - 30 0
21428 B 31 0
21430 B 32 0
21432 A 32 0
21434 B 33 0
21436 A 34 0
21438 B 34 0
21440 B 35 0
21442 B 33 0
21444 B 34 0
21446 A 23 0
21448 - -1 0
21450 - -22 0
21452 - -33 0
21454 B -36 0
21456 B -37 0
21458 B -38 0
21460 B -40 0
21462 - -40 0
21466 - -41 0
21468 B -41 0
21470 A -42 0
21472 - -42 0
21474 A -42 0
21476 - -42 0
21478 A -42 0
21480 - -43 0
21482 A -56 0
21484 - -57 0
21486 A -58 0
21488 - -67 0
21490 A -68 0
21492 - -68 0
21494 A -73 0
21498 - -72 0
21500 A -72 0
21504 A -70 0
21506 A -68 0
21508 A -64 0
21510 A -61 0
21512 A -57 0
21514 A -53 0
21516 A -46 0
21518 A -23 0
21520 A -24 0
21522 A -27 0
21524 A -26 0
21526 A -29 0
21528 A -32 0
21530 A -35 0
21532 A -36 0
21534 A -37 0
21536 A -38 0
21538 A -39 0
21542 A -40 0
21546 A -41 0
21548 A -42 0
21550 A -43 0
21552 A -42 0
21554 A -43 0
21556 A -44 0
21560 - -41 0
21562 - -43 0
21564 - -45 0
21566 - -48 0
21568 A -50 0
21570 A -48 0
21572 A -47 0
21574 - -46 0
21576 - -48 0
21578 - -50 0
21580 - -52 0
21582 A -51 0
21584 A -50 0
21586 A -49 0
21588 A -50 0
21590 - -49 0
21592 - -51 0
21594 - -53 0
21596 A -49 0
21598 - -49 0
21602 - -51 0
21604 - -54 0
21606 A -56 0
21608 A -55 0
21612 - -56 0
21614 - -58 0
21616 A -60 0
21618 A -58 0
21620 A -55 0
21622 A -53 0
21624 A -55 0
21626 A -54 0
21628 A -56 0
21630 A -55 0
21632 - -50 0
21634 A -49 0
21636 - -51 0
21638 - -54 0
21640 - -52 0
21642 - -53 0
21644 - -51 0
21646 - -50 0
21648 - -49 0
21650 - -51 0
21652 - -53 0
21654 - -55 0
21656 A -56 0
21658 A -55 0
21660 A -54 0
21662 A -52 0
21664 A -54 0
21666 A -56 0
21668 A -55 0
21670 A -56 0
21672 A -54 0
21674 A -49 0
21678 A -51 0
21680 A -49 0
21682 A -51 0
21684 A -50 0
21686 A -48 0
21690 A -49 0
21692 A -52 0
21694 A -53 0
21698 A -52 0
21700 A -48 0
21702 A -49 0
21704 A -51 0
21708 A -53 0
21712 A -49 0
21714 A -51 0
21716 A -52 0
21718 A -49 0
21720 A -51 0
21722 A -50 0
21724 A -48 0
21726 A -51 0
21728 A -54 0
21730 A -57 0
21732 A -56 0
21734 A -54 0
21736 A -52 0
21738 A -51 0
21740 A -53 0
21742 A -54 0
21744 A -52 0
21746 A -53 0
21748 A -52 0
21750 A -47 0
21752 A -50 0
21754 A -52 0
21756 A -50 0
21758 A -53 0
21760 A -49 0
21762 A -42 0
21764 A -39 0
21766 A -41 0
21768 A -40 0
21770 A -42 0
21772 A -43 0
21774 A -42 0
21776 A -41 0
21778 A -38 0
21780 A -36 0
21782 A -38 0
21784 A -40 0
21786 A -38 0
21788 A -40 0
21790 A -38 0
21792 A -32 0
21794 A -34 0
21796 A -32 0
21798 A -33 0
21800 A -34 0
21802 A -32 0
21804 A -33 0
21806 A -34 0
21808 A -31 0
21810 A -32 0
21812 A -31 0
21816 A -33 0
21818 A -31 0
21822 A -29 0
21824 A -30 0
21826 A -27 0
21828 A -28 0
21832 A -25 0
21836 A -21 0
21840 A -17 0
21846 A -16 0
21850 A -14 0
21856 A -13 0
21860 A -11 0
21864 A -9 0
21868 A -7 0
21874 A -5 0
21878 A -2 0
21880 A -3 0
21882 A
21886 A -1 0
21888 A -2 0
21892 A -3 0
21894 A -4 0
21898 A -5 0
21902 A -6 0
21908 A -7 0
21912 A -8 0
21914 A -7 0
21916 A -8 0
21918 A -7 0
21920 A -8 0
21922 A -7 0
21924 A -8 0
21930 A -7 0
21932 A -8 0
21942 - -8 0
21948 - -7 0
21950 - -9 0
21952 - -8 0
21956 - -9 0
21958 - -8 0
21962 - -7 0
21966 - -2 0
21968 A -2 0
21970 - -2 0
21972 A 2 0
21974 A 3 0
21976 - 8 0
21978 A 8 0
21980 A 9 0
21982 - 14 0
21984 A 14 0
21986 - 19 0
21988 A 20 0
21990 A 24 0
21992 - 25 0
21994 A 27 0
21996 B 30 0
21998 B 31 0
22000 A 32 0
22004 B 32 0
22006 B 37 0
22010 B 41 0
22016 A 44 0
22018 A 43 0
22022 B 44 0
22026 - 43 0
22028 A 42 0
22032 A 41 0
22034 A 39 0
22036 A 38 0
22040 A 34 0
22042 A 33 0
22044 A 32 0
22048 A 27 0
22050 A 31 0
22052 A 25 0
22058 A 18 0
22064 A 16 0
22070 A 13 0
22076 A 10 0
22082 A 6 0
22084 A 7 0
22088 A 2 0
22090 A 3 0
22094 A -1 0
22096 A
22102 A -5 0
22106 A -4 0
22108 A -10 0
22112 A -9 0
22114 A -14 0
22116 A -15 0
22120 A -12 0
22126 A -10 0
22132 A -8 0
22136 A -7 0
22138 A -6 0
22140 A -5 0
22142 A -4 0
22144 A -3 0
22148 A -2 0
22154 A -1 0
22166 A
22170 A 4 0
22176 B 9 0
22178 A 9 0
22180 B 9 0
22182 A 13 0
22184 A 14 0
22188 B 18 0
22192 - 21 0
22194 - 19 0
22196 - 20 0
22198 - 23 0
22202 - 24 0
22204 - 26 0
22206 - 27 0
22208 - 29 0
22210 - 30 0
22212 - 31 0
22214 - 33 0
22218 - 35 0
22220 - 37 0
22224 - 38 0
22226 - 40 0
22228 - 47 0
22230 - 49 0
22232 - 51 0
22234 - 57 0
22236 - 59 0
22238 A 61 0
22240 A 64 0
22242 A 66 0
22244 A 67 0
22246 - 67 0
22248 - 68 0
22250 - 65 0
22254 - 64 0
22256 - 59 0
22258 - 56 0
22260 - 54 0
22262 - 53 0
22264 A 51 0
22266 A 43 0
22268 A 41 0
22270 A 39 0
22272 A 31 0
22274 A 29 0
22276 A 27 0
22278 A 26 0
22280 A 17 0
22282 A 15 0
22284 A 13 0
22286 A 12 0
22288 A 11 0
22290 A 10 0
22292 A 9 0
22294 A 6 0
22298 A 5 0
22300 A 2 0
22308 A -1 0
22314 A -5 0
22322 A -9 0
22332 A -13 0
22338 A -17 0
22346 A -21 0
22352 A -23 0
22354 A -24 0
22360 A -18 0
22366 A -12 0
22372 A -7 0
22378 A -2 0
22384 A
22392 A 4 0
22396 A 7 0
22402 A 10 0
22406 A 11 0
22408 A 12 0
22410 A 13 0
22412 A 14 0
22416 A 15 0
22418 A 16 0
22422 A 17 0
22426 A 18 0
22430 A 30 0
22432 A 31 0
22434 A 35 0
22436 A 37 0
22438 A 38 0
22440 A 41 0
22442 A 43 0
22444 A 44 0
22446 A 46 0
22448 A 48 0
22450 A 49 0
22452 A 50 0
22454 A 51 0
22456 A 50 0
22458 A 51 0
22462 A 49 0
22468 A 46 0
22470 A 45 0
22472 A 41 0
22474 A 40 0
22476 A 39 0
22478 A 34 0
22480 A 32 0
22484 A 27 0
22486 A 26 0
22488 A 22 0
22490 A 21 0
22492 A 20 0
22494 A 14 0
22498 A 13 0
22500 A 7 0
22504 A 1 0
22508 A
22510 A -4 0
22512 A -5 0
22516 A -10 0
22518 A -11 0
22522 A -17 0
22526 A -22 0
22532 A -27 0
22538 A -31 0
22542 A -34 0
22548 A -36 0
22552 B -39 0
22554 A -39 0
22558 B -40 0
22560 A -40 0
22562 A -39 0
22564 B -39 0
22568 - -38 0
22570 A -38 0
22574 A -36 0
22576 A -35 0
22578 A -33 0
22580 A -30 0
22582 A -29 0
22584 A -26 0
22586 A -25 0
22588 A -24 0
22590 A -20 0
22592 A -19 0
22594 A -18 0
22596 B -16 0
22598 A -17 0
22602 - -14 0
22606 A -14 0
22608 - -11 0
22612 - -12 0
22614 - -8 0
22620 - -4 0
22624 - -5 0
22626 -
22630 - -1 0
22632 B 3 0
22634 - 3 0
22638 - 2 0
22640 - 7 0
22646 A 12 0
22648 - 12 0
22650 A 12 0
22652 B 16 0
22658 B 17 0
22660 A 10 0
22662 B 10 0
22664 - 17 0
22668 - 9 0
22670 - 8 0
22674 - 2 0
22676 - 1 0
22680 -
22682 - -4 0
22684 - -5 0
22688 - -6 0
22690 - -10 0
22692 - -11 0
22698 - -13 0
22706 - -14 0
22714 - -15 0
22716 - -14 0
22722 - -36 0
22724 - -37 0
22728 - -38 0
22730 - -40 0
22732 - -59 0
22734 - -61 0
22736 - -63 0
22738 - -66 0
22740 - -80 0
22746 B -80 0
22756 A -80 0
22762 B -80 0
22764 A -80 0
22772 B -80 0
22774 A -80 0
22802 A -76 0
22804 A -72 0
22806 A -67 0
22808 A -61 0
22810 A -56 0
22812 A -52 0
22814 A -47 0
22816 A -43 0
22818 A -39 0
22820 A -35 0
22822 A -24 0
22824 A -20 0
22826 A -17 0
22828 A -13 0
22830 A -11 0
22832 A -8 0
22834 A -6 0
22836 A -4 0
22838 A -2 0
22840 A -1 0
22842 A
22846 A 1 0
22848 A 2 0
22854 A 19 0
22856 A 20 0
22860 A 21 0
22864 A 22 0
22868 A 37 0
22870 A 38 0
22874 A 39 0
22878 A 40 0
22882 A 52 0
22884 A 53 0
22888 A 54 0
22890 A 55 0
22892 A 56 0
22894 A 57 0
22896 A 66 0
22900 A 70 0
22904 A 69 0
22912 A 67 0
22914 A 66 0
22916 A 65 0
22918 A 63 0
22920 A 52 0
22922 A 50 0
22924 A 47 0
22926 A 45 0
22928 A 43 0
22930 A 32 0
22932 A 29 0
22934 A 27 0
22936 A 25 0
22938 A 24 0
22940 A 12 0
22942 A 10 0
22944 A 9 0
22946 A 7 0
22948 A 6 0
22950 A -4 0
22952 A -6 0
22954 A -7 0
22956 A -8 0
22958 A -18 0
22960 A -19 0
22962 A -20 0
22964 A -29 0
22966 A -30 0
22968 A -31 0
22970 A -32 0
22972 A -33 0
22974 A -40 0
22976 A -41 0
22978 A -42 0
22982 A -43 0
22984 A -48 0
22986 A -49 0
22992 A -53 0
22996 A -54 0
23000 A -55 0
23002 A -54 0
23006 A -53 0
23010 A -51 0
23012 A -50 0
23016 A -49 0
23018 A -47 0
23020 A -46 0
23024 A -42 0
23026 A -38 0
23028 A -37 0
23030 A -36 0
23032 A -35 0
23034 A -30 0
23036 A -29 0
23038 A -28 0
23040 A -22 0
23042 A -21 0
23044 A -20 0
23046 A -19 0
23048 A -13 0
23050 A -12 0
23052 A -11 0
23056 A -6 0
23058 A -9 0
23060 A -12 0
23062 A -8 0
23064 A -10 0
23066 A -13 0
23068 A -9 0
23070 A -10 0
23072 A -12 0
23074 A -14 0
23076 A -9 0
23078 A -10 0
23080 A -12 0
23082 A -7 0
23084 A -8 0
23086 A -9 0
23088 A -5 0
23090 A -6 0
23092 A -7 0
23094 A -3 0
23098 A -4 0
23100 A
23106 A 2 0
23112 A 5 0
23118 A 7 0
23124 A 9 0
23130 A 10 0
23132 A 11 0
23138 A 12 0
23146 A 13 0
23166 A 12 0
23168 A 13 0
23172 A 12 0
23176 A 11 0
23178 A 12 0
23182 A 11 0
23188 A 10 0
23192 A 9 0
23194 A 10 0
23198 A 8 0
23200 A 9 0
23202 A 7 0
23206 A 8 0
23208 A 6 0
23210 A 7 0
23212 A 6 0
23218 A 5 0
23222 A 4 0
23226 A 5 0
23228 A 3 0
23230 A 4 0
23232 A 3 0
23236 A 2 0
23246 A 1 0
23250 A
23258 A -1 0
23262 A -2 0
23264 A -3 0
23268 A -4 0
23272 A -5 0
23276 A -6 0
23284 A -7 0
23290 A -8 0
23294 A -9 0
23296 A -10 0
23302 A -11 0
23308 A -12 0
23314 - -13 0
23316 A -13 0
23318 - -13 0
23322 - -14 0
23324 - -13 0
23326 - -14 0
23328 - -15 0
23332 - -16 0
23336 - -17 0
23338 - -18 0
23344 - -19 0
23348 A -19 0
23350 A -20 0
23358 A -21 0
23362 - -21 0
23364 - -22 0
23366 B -23 0
23368 B -24 0
23372 - -25 0
23374 - -26 0
23378 - -27 0
23382 - -28 0
23386 - -29 0
23390 A -30 0
23392 - -31 0
23394 A -29 0
23396 - -30 0
23398 A -28 0
23400 - -28 0
23402 A -29 0
23404 - -26 0
23406 A -26 0
23408 - -28 0
23410 A -28 0
23412 - -28 0
23414 A -29 0
23418 - -29 0
23420 A -29 0
23424 - -28 0
23426 A -28 0
23428 A -26 0
23432 A -23 0
23434 - -23 0
23436 A -23 0
23438 A -19 0
23444 A -15 0
23448 A -11 0
23450 A -10 0
23454 A -6 0
23458 A -1 0
23462 A -4 0
23464 A -5 0
23468 A -8 0
23470 A -9 0
23472 A -11 0
23476 A -13 0
23478 A -14 0
23480 A -15 0
23484 A -16 0
23488 A -17 0
23490 A -16 0
23492 A -17 0
23494 A -18 0
23496 A -17 0
23500 A -18 0
23502 A -16 0
23504 A -17 0
23506 A -14 0
23508 A -15 0
23510 A -12 0
23514 A -9 0
23516 A -10 0
23520 A -11 0
23522 A -12 0
23526 A -13 0
23528 A -11 0
23530 A -12 0
23532 A -11 0
23534 A -12 0
23536 A -11 0
23540 A -10 0
23544 A -11 0
23546 A -9 0
23550 A -8 0
23554 A -6 0
23558 A -4 0
23560 A -5 0
23562 A -2 0
23564 A -3 0
23568 A -2 0
23570 A -3 0
23572 A -2 0
23576 A -1 0
23578 A -2 0
23580 A
23582 A -1 0
23584 A
23592 A 1 0
23596 A 2 0
23600 A 4 0
23604 A 5 0
23608 A 6 0
23610 A 7 0
23612 A 8 0
23616 A 9 0
23618 A 10 0
23628 A 9 0
23630 A 8 0
23632 A 7 0
23640 A 6 0
23644 A 5 0
23648 A 4 0
23652 A 3 0
23656 A 2 0
23660 A 1 0
23664 A
23668 A -1 0
23672 A -3 0
23674 A -5 0
23678 A -6 0
23680 A -7 0
23682 A -8 0
23686 A -9 0
23688 A -10 0
23692 A -11 0
23696 A -12 0
23700 A -13 0
23704 A -15 0
23708 A -17 0
23712 A -18 0
23714 A -19 0
23716 A -20 0
23718 A -21 0
23720 A -22 0
23722 A -23 0
23724 A -24 0
23726 A -25 0
23730 A -26 0
23734 A -27 0
23738 A -28 0
23744 A -29 0
23748 A -30 0
23752 A -31 0
23754 A -30 0
23758 A -29 0
23760 A -27 0
23764 A -25 0
23766 A -24 0
23768 A -21 0
23770 A -22 0
23772 A -21 0
23774 A -22 0
23778 A -21 0
23780 A -22 0
23782 A -20 0
23784 A -21 0
23786 A -19 0
23790 A -17 0
23792 A -15 0
23794 A -16 0
23796 A -14 0
23800 A -11 0
23804 A -9 0
23806 A -7 0
23810 A -6 0
23812 A -5 0
23814 A -4 0
23818 A -3 0
23820 A -4 0
23822 A -3 0
23824 A -2 0
23828 A -1 0
23832 A
23840 A 1 0
23842 A 2 0
23846 A 3 0
23848 A 4 0
23852 A 5 0
23856 A 6 0
23860 A 7 0
23864 B 8 0
23866 A 8 0
23868 B 9 0
23872 B 10 0
23876 B 11 0
23880 B 12 0
23890 - 12 0
23892 - 13 0
23896 - 14 0
23904 - 15 0
23916 - 14 0
23920 - 13 0
23924 - 14 0
23926 - 12 0
23930 - 16 0
23932 A 17 0
23934 A 20 0
23936 A 21 0
23938 A 23 0
23940 A 24 0
23942 A 25 0
23944 A 26 0
23948 A 27 0
23960 A 25 0
23966 A 23 0
23970 A 20 0
23978 A 19 0
23982 - 17 0
23988 B 15 0
23990 - 18 0
23992 B 16 0
23996 B 13 0
23998 B 14 0
24000 B 10 0
24002 B 11 0
24006 B 7 0
24008 B 8 0
24010 - 8 0
24012 - 9 0
24014 - 10 0
24016 - 11 0
24018 - 5 0
24020 - 6 0
24022 B 7 0
24024 B 2 0
24028 B 3 0
24030 B -2 0
24034 B -1 0
24036 B -7 0
24040 A -7 0
24042 A -6 0
24044 B -21 0
24046 - -5 0
24050 - -4 0
24052 - -23 0
24054 - -24 0
24058 - -41 0
24060 - -42 0
24062 - -43 0
24064 - -45 0
24066 - -59 0
24068 - -61 0
24070 - -63 0
24072 - -65 0
24074 - -75 0
24076 - -76 0
24080 A -77 0
24082 A -80 0
24094 A -79 0
24096 A -78 0
24098 A -76 0
24100 A -69 0
24102 A -66 0
24104 A -64 0
24106 A -60 0
24108 A -50 0
24110 A -46 0
24112 A -42 0
24114 A -39 0
24116 A -27 0
24118 A -24 0
24120 A -21 0
24122 A -19 0
24124 A -7 0
24126 A -4 0
24128 A -2 0
24130 A -1 0
24132 A 10 0
24134 A 12 0
24136 A 14 0
24138 A 15 0
24140 A 16 0
24142 A 12 0
24146 A 13 0
24150 A 11 0
24160 A 10 0
24162 A 9 0
24170 A 8 0
24174 A 7 0
24178 A 8 0
24180 A 7 0
24186 A 6 0
24188 A 8 0
24190 A 7 0
24196 A 8 0
24204 A 10 0
24206 A 9 0
24212 A 11 0
24220 A 13 0
24224 A 14 0
24226 A 15 0
24228 A -5 0
24230 A -6 0
24232 A -7 0
24234 A -27 0
24236 A -28 0
24238 A -30 0
24240 A -48 0
24242 A -50 0
24244 A -53 0
24246 A -55 0
24248 A -71 0
24250 A -74 0
24252 A -77 0
24254 A -80 0
24256 B -80 0
24282 A -80 0
24296 A -77 0
24298 A -74 0
24300 A -59 0
24302 A -54 0
24304 A -50 0
24306 A -46 0
24308 A -42 0
24310 A -27 0
24312 A -23 0
24314 A -20 0
24316 A -32 0
24318 A -30 0
24320 A -28 0
24322 A -9 0
24324 A -6 0
24326 A -5 0
24328 A -3 0
24330 A -2 0
24332 A 16 0
24334 A 17 0
24336 A 19 0
24338 A 20 0
24340 A 21 0
24342 A 22 0
24344 A 39 0
24346 A 41 0
24348 A 42 0
24350 A 43 0
24354 A 44 0
24356 A 45 0
24358 A 60 0
24360 A 61 0
24362 A 62 0
24364 A 63 0
24366 A 64 0
24370 A 76 0
24374 A 80 0
24382 A 75 0
24384 A 73 0
24386 A 63 0
24388 A 50 0
24390 A 37 0
24392 A 23 0
24394 A 11 0
24396 A
24398 A -11 0
24400 A -21 0
24402 A -25 0
24404 A -34 0
24406 A -42 0
24408 A -49 0
24410 A -57 0
24412 A -64 0
24414 A -71 0
24416 A -77 0
24418 A -80 0
24474 A -77 0
24476 A -74 0
24478 A -56 0
24480 A -52 0
24482 A -48 0
24484 A -45 0
24486 A -42 0
24488 A -40 0
24490 A -36 0
24492 A -33 0
24494 A -31 0
24496 A -29 0
24498 A -27 0
24500 A -21 0
24502 A -19 0
24504 A -17 0
24506 A -15 0
24508 A -14 0
24510 A -13 0
24512 A -6 0
24514 A -5 0
24516 A -3 0
24520 A -2 0
24522 A -1 0
24524 A 5 0
24526 A 6 0
24528 A 7 0
24532 A 8 0
24542 A 17 0
24544 A 18 0
24546 A 24 0
24548 A 25 0
24550 A 26 0
24552 A 31 0
24556 A 32 0
24562 A 33 0
24564 A 37 0
24568 A 38 0
24572 A 39 0
24574 A 41 0
24576 A 42 0
24582 A 41 0
24586 A 40 0
24590 A 39 0
24594 A 48 0
24602 A 53 0
24604 A 52 0
24612 A 53 0
24618 A 52 0
24620 A 51 0
24622 A 50 0
24624 A 49 0
24628 A 45 0
24630 A 44 0
24632 A 43 0
24634 A 42 0
24638 A 41 0
24640 A 35 0
24642 A 34 0
24644 A 33 0
24646 A 32 0
24650 A 24 0
24652 A 23 0
24654 A 22 0
24656 A 21 0
24664 A 20 0
24668 A 18 0
24678 A 15 0
24686 A 11 0
24696 A 6 0
24702 A 7 0
24706 A 2 0
24714 A 3 0
24716 A -2 0
24724 A 1 0
24730 A 4 0
24736 A 5 0
24738 A 7 0
24744 A 8 0
24746 A 9 0
24748 A 10 0
24754 A 11 0
24760 A 12 0
24762 A 11 0
24764 A 12 0
24768 A 19 0
24770 A 20 0
24774 A 21 0
24776 A 27 0
24778 A 28 0
24780 A 29 0
24782 A 33 0
24784 A 34 0
24786 A 35 0
24788 A 37 0
24790 - 40 0
24792 - 41 0
24794 A 43 0
24796 - 45 0
24798 A 46 0
24800 - 48 0
24802 A 49 0
24804 - 50 0
24806 A 51 0
24808 - 53 0
24810 A 54 0
24812 - 53 0
24814 A 54 0
24816 - 55 0
24818 A 52 0
24820 - 52 0
24822 A 53 0
24824 A 48 0
24830 A 50 0
24838 A 49 0
24842 A 48 0
24844 A 46 0
24846 A 45 0
24850 - 41 0
24852 A 40 0
24854 A 39 0
24856 A 34 0
24858 A 33 0
24860 A 32 0
24862 A 26 0
24864 A 25 0
24866 A 24 0
24870 A 23 0
24872 A 16 0
24874 A 15 0
24880 A 6 0
24886 A 5 0
24892 A 4 0
24900 A 2 0
24904 A 3 0
24906 A
24910 A 1 0
24914 A -1 0
24916 A
24920 A -3 0
24928 A -6 0
24936 A -9 0
24942 A -3 0
24948 A 1 0
24952 A 2 0
24954 - 6 0
24956 - 7 0
24960 - 11 0
24962 - 12 0
24966 - 16 0
24970 - 17 0
24972 - 18 0
24974 - 20 0
24976 - 21 0
24980 - 23 0
24982 A 23 0
24984 A 24 0
24986 A 25 0
24988 A 26 0
24992 - 27 0
24994 - 28 0
24996 - 29 0
24998 - 28 0
25000 - 29 0
25002 - 30 0
25004 - 37 0
25006 - 38 0
25008 - 40 0
25010 - 45 0
25012 - 47 0
25014 - 48 0
25016 - 52 0
25018 - 54 0
25020 - 57 0
25022 - 59 0
25024 - 61 0
25026 - 64 0
25028 - 66 0
25030 - 67 0
25032 - 69 0
25034 - 71 0
25036 A 71 0
25038 - 72 0
25040 - 73 0
25042 A 74 0
25044 - 70 0
25046 A 69 0
25048 - 68 0
25050 A 67 0
25052 - 66 0
25054 A 64 0
25056 A 61 0
25058 - 57 0
25060 A 54 0
25062 A 51 0
25064 A 49 0
25066 A 43 0
25068 A 40 0
25070 A 38 0
25072 A 31 0
25074 A 28 0
25076 A 26 0
25078 A 19 0
25080 A 16 0
25082 A 14 0
25084 A 13 0
25086 A 5 0
25088 A 3 0
25090 A 2 0
25092 A 1 0
25094 A
25096 A -7 0
25098 A -8 0
25102 A -9 0
25104 A -10 0
25110 A -12 0
25118 A -14 0
25124 A -13 0
25126 A -15 0
25132 A -17 0
25136 A -16 0
25140 A -18 0
25142 A -17 0
25148 A -18 0
25152 A -17 0
25154 A -15 0
25156 A -14 0
25162 A -11 0
25166 A -10 0
25168 A -8 0
25174 A -6 0
25180 A -5 0
25186 A -4 0
25190 A -5 0
25192 A -3 0
25194 A -4 0
25198 A -3 0
25204 A -2 0
25210 A -9 0
25216 A -12 0
25220 B -14 0
25224 A -12 0
25226 B -14 0
25228 - -14 0
25230 - -15 0
25232 - -16 0
25236 - -17 0
25240 - -18 0
25242 - -19 0
25246 - -20 0
25248 - -21 0
25252 - -22 0
25254 - -23 0
25258 - -24 0
25260 - -25 0
25262 - -36 0
25264 - -38 0
25266 - -40 0
25268 - -41 0
25270 - -52 0
25272 - -54 0
25274 - -57 0
25276 - -65 0
25278 - -68 0
25280 - -71 0
25282 B -77 0
25284 B -79 0
25286 - -80 0
25296 B -80 0
25302 A -80 0
25306 B -79 0
25308 A -76 0
25310 A -74 0
25312 A -79 0
25314 A -77 0
25316 A -65 0
25318 A -61 0
25320 A -58 0
25322 A -55 0
25324 A -39 0
25326 A -35 0
25328 A -32 0
25330 A -17 0
25332 A -14 0
25334 A -11 0
25336 A -8 0
25338 A 5 0
25340 A 8 0
25342 A 10 0
25344 A 12 0
25346 A 14 0
25350 A 15 0
25352 A 16 0
25354 A 17 0
25356 A 18 0
25358 A 19 0
25360 A 20 0
25364 A 21 0
25366 A 23 0
25376 A 25 0
25382 A 24 0
25386 A 26 0
25392 A 25 0
25396 A 24 0
25398 A 26 0
25404 A 25 0
25408 A 26 0
25416 A 27 0
25418 A 26 0
25424 A 25 0
25432 A 9 0
25434 A 8 0
25438 A 7 0
25440 A -7 0
25442 A -8 0
25444 A -9 0
25446 A -22 0
25448 A -24 0
25450 A -26 0
25452 A -28 0
25454 A -39 0
25456 A -42 0
25458 A -44 0
25460 A -47 0
25462 A -58 0
25464 A -60 0
25466 A -64 0
25468 A -65 0
25476 A -64 0
25480 A -62 0
25482 A -70 0
25484 A -68 0
25486 A -66 0
25488 A -63 0
25490 A -66 0
25492 A -62 0
25494 A -58 0
25496 A -55 0
25498 A -53 0
25500 A -49 0
25502 A -45 0
25504 A -41 0
25506 A -38 0
25508 A -35 0
25510 A -32 0
25512 A -26 0
25514 A -23 0
25516 A -21 0
25518 A -15 0
25520 A -16 0
25522 A -15 0
25524 A -14 0
25526 A -13 0
25528 A -12 0
25530 A -11 0
25532 A -2 0
25536 A -1 0
25542 A 8 0
25548 A 9 0
25550 A 13 0
25558 A 18 0
25568 A 22 0
25576 A 26 0
25582 A 25 0
25586 A 29 0
25588 A 28 0
25594 A 31 0
25600 A 33 0
25606 A 32 0
25608 A 31 0
25610 A 30 0
25614 A 29 0
25616 A 27 0
25620 A 26 0
25622 A 24 0
25624 A 23 0
25626 A 22 0
25630 A 18 0
25634 A 17 0
25636 A 14 0
25638 A 13 0
25642 A 9 0
25646 A 8 0
25648 A 4 0
25666 A 5 0
25670 - 5 0
25674 - 6 0
25676 A 5 0
25678 - 6 0
25680 A 6 0
25682 - 5 0
25684 - 6 0
25688 - 7 0
25690 - 6 0
25694 - 7 0
25696 - 5 0
25698 - 6 0
25702 - 5 0
25706 - 6 0
25710 A 18 0
25712 - 19 0
25714 A 20 0
25716 - 30 0
25718 - 32 0
25720 A 34 0
25722 - 42 0
25724 A 43 0
25726 - 45 0
25728 A 51 0
25730 - 53 0
25732 A 54 0
25734 - 58 0
25736 A 59 0
25738 A 60 0
25740 A 61 0
25750 A 57 0
25752 A 56 0
25754 A 54 0
25756 A 49 0
25758 A 48 0
25760 A 46 0
25762 A 45 0
25764 A 38 0
25766 A 37 0
25768 A 35 0
25770 A 36 0
25772 A 34 0
25774 A 33 0
25776 A 31 0
25778 A 30 0
25780 A 29 0
25782 A 26 0
25784 A 25 0
25786 A 24 0
25790 A 19 0
25792 A 18 0
25794 A 17 0
25796 A 12 0
25800 A 11 0
25802 A 6 0
25804 A 5 0
25806 A 4 0
25814 A -1 0
25822 A -8 0
25828 A -14 0
25834 A -15 0
25836 A -22 0
25844 A -28 0
25846 A -29 0
25850 - -34 0
25858 B -38 0
25866 A -40 0
25870 A -39 0
25872 A -38 0
25878 A -37 0
25880 A -36 0
25884 A -35 0
25886 A -34 0
25888 A -32 0
25890 A -31 0
25894 A -30 0
25896 A -34 0
25898 - -34 0
25900 A -33 0
25902 - -33 0
25904 A -35 0
25906 - -35 0
25908 A -35 0
25912 - -35 0
25914 A -35 0
25918 - -33 0
25920 A -33 0
25924 A -30 0
25928 - -30 0
25930 A -30 0
25932 A -26 0
25934 A -25 0
25938 - -25 0
25940 A -25 0
25942 A -20 0
25944 A -19 0
25948 A -13 0
25950 - -13 0
25952 A -13 0
25954 A -21 0
25960 A -22 0
25962 - -28 0
25964 A -28 0
25966 A -29 0
25968 A -32 0
25970 A -33 0
25972 A -34 0
25974 A -35 0
25976 - -35 0
25978 A -36 0
25988 - -34 0
25990 A -34 0
25996 A -35 0
26000 A -30 0
26006 A -25 0
26010 - -25 0
26012 A -25 0
26014 A -28 0
26016 A -29 0
26020 A -30 0
26024 A -31 0
26026 A -30 0
26032 A -31 0
26034 A -29 0
26036 A -28 0
26040 A -25 0
26048 A -21 0
26050 A -20 0
26058 A -21 0
26072 A -20 0
26080 A -18 0
26086 A -14 0
26092 A -15 0
26094 A -11 0
26102 A -12 0
26104 A -11 0
26108 A -12 0
26110 A -11 0
26114 A -12 0
26116 A -10 0
26120 A -11 0
26124 A -9 0
26130 A -7 0
26136 A -4 0
26138 A -5 0
26142 A -6 0
26144 A -2 0
26146 A -3 0
26150 A
26156 A 2 0
26164 A 6 0
26170 A 9 0
26172 A 10 0
26176 A 13 0
26178 A 14 0
26180 A 15 0
26182 A 17 0
26184 A 18 0
26186 A 19 0
26188 - 26 0
26190 - 27 0
26192 - 31 0
26194 - 30 0
26198 - 33 0
26204 - 34 0
26216 - 33 0
26222 B 30 0
26224 - 30 0
26230 - 34 0
26236 B 36 0
26244 A 36 0
26246 A 35 0
26252 A 33 0
26260 A 30 0
26262 A 29 0
26268 A 24 0
26272 A 23 0
26278 A 17 0
26284 B 11 0
26286 A 10 0
26292 A 4 0
26296 A 3 0
26298 A 4 0
26300 A 9 0
26304 A 10 0
26306 A 14 0
26310 A 15 0
26312 A 16 0
26314 A 18 0
26316 A 19 0
26320 A 20 0
26322 A 21 0
26326 A 22 0
26334 B 33 0
26336 A 33 0
26338 A 34 0
26342 A 35 0
26344 A 43 0
26346 A 44 0
26350 A 45 0
26352 A 51 0
26356 A 52 0
26358 - 54 0
26360 A 55 0
26366 - 55 0
26368 A 55 0
26370 A 54 0
26374 A 52 0
26376 A 51 0
26380 A 50 0
26384 A 54 0
26386 A 53 0
26394 A 52 0
26396 A 51 0
26400 A 48 0
26402 A 47 0
26404 A 46 0
26406 A 42 0
26408 A 41 0
26410 A 39 0
26412 A 38 0
26414 A 32 0
26416 A 31 0
26418 A 30 0
26420 A 23 0
26422 A 22 0
26424 A 20 0
26426 A 19 0
26428 A 27 0
26434 A 16 0
26442 A 5 0
26450 A
26454 A 1 0
26458 A -3 0
26466 A -2 0
26468 A -8 0
26476 A -13 0
26484 A -18 0
26488 A -22 0
26492 A -23 0
26494 A -26 0
26500 A -27 0
26502 A -29 0
26506 A -30 0
26508 A -32 0
26512 A -31 0
26518 A -30 0
26522 A -29 0
26528 A -27 0
26534 A -24 0
26538 A -23 0
26542 A -20 0
26548 A -16 0
26552 A -15 0
26554 A -11 0
26560 A -7 0
26566 A -2 0
26572 A 1 0
26578 A 5 0
26582 A 6 0
26584 A 10 0
26588 A 13 0
26590 A 14 0
26594 A 17 0
26596 A 18 0
26600 A 21 0
26606 A 24 0
26610 A 25 0
26612 A 26 0
26614 A 27 0
26616 A 28 0
26618 A 23 0
26620 A 22 0
26622 A 17 0
26624 A 16 0
26626 A 15 0
26628 A 10 0
26630 A 9 0
26632 A 8 0
26634 A 3 0
26636 A 2 0
26638 B -1 0
26640 B -2 0
26642 - -3 0
26644 - -4 0
26646 - -5 0
26650 - -10 0
26652 - -11 0
26654 - -15 0
26658 - -16 0
26660 - -20 0
26664 - -21 0
26666 - -24 0
26668 - -25 0
26670 - -26 0
26672 - -39 0
26674 - -41 0
26676 - -43 0
26678 - -53 0
26680 - -54 0
26682 - -55 0
26684 - -62 0
26688 - -63 0
26690 - -67 0
26696 - -68 0
26698 A -67 0
26700 A -66 0
26702 A -63 0
26704 A -61 0
26706 A -58 0
26708 A -55 0
26710 A -49 0
26712 A -46 0
26714 A -43 0
26716 A -41 0
26718 A -37 0
26720 A -35 0
26722 A -33 0
26724 A -28 0
26726 A -26 0
26728 A -24 0
26730 A -22 0
26732 A -16 0
26734 A -14 0
26736 A -13 0
26738 A -7 0
26740 A -5 0
26742 A -4 0
26744 A -3 0
26746 A 3 0
26750 A 4 0
26752 A 5 0
26754 A 11 0
26756 A 12 0
26758 A 13 0
26764 A 17 0
26768 A 18 0
26772 A 21 0
26780 A 25 0
26784 A 24 0
26788 A 27 0
26792 A 26 0
26796 A 28 0
26800 A 27 0
26802 A 29 0
26808 A 28 0
26810 A 29 0
26812 A 28 0
26816 A 27 0
26820 A 26 0
26824 A 24 0
26826 A 23 0
26830 A 20 0
26834 A 19 0
26838 A 16 0
26840 A 15 0
26844 A 12 0
26846 A 11 0
26850 A 7 0
26856 A 3 0
26862 A
26868 A -3 0
26872 A -7 0
26878 A -11 0
26884 A -15 0
26890 A -18 0
26894 A -21 0
26898 A -22 0
26900 A -24 0
26902 A -25 0
26904 A -26 0
26906 A -27 0
26910 A -26 0
26916 A -25 0
26918 A -24 0
26920 A -23 0
26924 A -22 0
26926 A -20 0
26930 A -18 0
26934 A -17 0
26936 A -15 0
26938 A -14 0
26940 A -12 0
26942 A -11 0
26946 A -8 0
26950 A -5 0
26952 A -4 0
26956 A -1 0
26960 A 1 0
26962 A 2 0
26964 A 5 0
26970 A 8 0
26974 A 11 0
26978 A 12 0
26980 A 14 0
26984 A 16 0
26988 A 17 0
26990 A 18 0
26994 A 20 0
27000 A 21 0
27002 A 22 0
27010 A 21 0
27016 A 20 0
27020 A 19 0
27026 A 17 0
27030 A 14 0
27034 A 12 0
27038 A 9 0
27042 A 6 0
27046 - 6 0
27048 A 3 0
27052 A 1 0
27056 B -1 0
27060 A -1 0
27062 A -3 0
27066 B -6 0
27072 B -8 0
27076 B -11 0
27082 - -11 0
27088 - -14 0
27094 - -16 0
27096 - -17 0
27100 - -19 0
27102 - -20 0
27104 - -24 0
27106 - -25 0
27110 - -27 0
27126 - -28 0
27128 - -27 0
27134 - -25 0
27138 - -26 0
27140 - -23 0
27146 - -30 0
27150 - -31 0
27152 - -35 0
27154 - -36 0
27158 - -39 0
27160 A -39 0
27162 - -40 0
27164 A -41 0
27168 - -41 0
27170 A -42 0
27172 A -41 0
27176 - -41 0
27178 A -51 0
27182 A -52 0
27186 A -53 0
27188 A -59 0
27190 A -60 0
27194 A -63 0
27196 A -62 0
27200 A -61 0
27202 A -60 0
27204 A -58 0
27206 A -54 0
27208 A -51 0
27210 A -49 0
27212 A -47 0
27214 A -41 0
27216 A -39 0
27218 A -37 0
27220 A -35 0
27222 A -33 0
27224 A -32 0
27226 A -31 0
27228 A -25 0
27230 A -30 0
27232 A -29 0
27234 A -31 0
27236 A -38 0
27238 A -45 0
27240 A -50 0
27242 A -44 0
27244 A -46 0
27246 A -43 0
27248 A -35 0
27250 A -33 0
27252 A -34 0
27254 A -35 0
27256 A -29 0
27258 A -30 0
27262 A -25 0
27270 A -18 0
27278 A -11 0
27284 A -4 0
27286 A -3 0
27290 A 3 0
27292 A 4 0
27294 A 5 0
27296 A 6 0
27298 A 12 0
27300 A 13 0
27302 A 15 0
27304 A 20 0
27306 A 22 0
27308 A 23 0
27310 A 28 0
27312 A 30 0
27314 A 32 0
27316 A 36 0
27318 A 38 0
27320 A 40 0
27322 A 43 0
27324 A 45 0
27326 A 46 0
27328 - 47 0
27334 - 46 0
27340 - 44 0
27344 - 41 0
27346 - 40 0
27352 - 35 0
27358 - 29 0
27364 B 23 0
27366 - 22 0
27370 - 15 0
27374 A 15 0
27376 A 8 0
27378 A 7 0
27380 - 7 0
27382 A 1 0
27384 A
27390 A 4 0
27396 - 7 0
27398 A 7 0
27400 A 8 0
27402 - 9 0
27404 A 10 0
27406 - 11 0
27408 A 12 0
27412 - 13 0
27414 A 14 0
27416 - 14 0
27418 A 14 0
27420 - 15 0
27422 A 14 0
27424 - 15 0
27426 A 16 0
27428 - 16 0
27430 A 27 0
27432 A 28 0
27434 - 29 0
27436 A 37 0
27438 - 38 0
27440 A 39 0
27442 - 41 0
27444 A 46 0
27446 - 47 0
27448 A 48 0
27450 A 52 0
27452 - 52 0
27454 A 53 0
27456 A 54 0
27458 - 54 0
27460 A 55 0
27464 - 64 0
27466 A 64 0
27472 A 68 0
27474 A 67 0
27476 A 66 0
27478 A 65 0
27480 A 64 0
27482 A 62 0
27484 A 59 0
27486 A 54 0
27488 A 51 0
27490 A 48 0
27492 A 45 0
27494 A 42 0
27496 A 39 0
27498 A 36 0
27500 A 32 0
27502 A 29 0
27504 A 27 0
27506 A 25 0
27508 A 27 0
27510 A 26 0
27512 A 25 0
27514 A 18 0
27516 A 17 0
27518 A 16 0
27520 A 15 0
27522 A 14 0
27524 A 4 0
27526 A 2 0
27528 A
27530 A -1 0
27532 A -12 0
27534 A -13 0
27542 A -23 0
27544 A -24 0
27548 A -25 0
27550 A -26 0
27554 A -35 0
27556 A -36 0
27558 A -37 0
27562 A -44 0
27564 A -45 0
27570 A -51 0
27578 A -54 0
27586 A -55 0
27588 A -54 0
27590 A -53 0
27592 A -52 0
27594 A -49 0
27596 A -47 0
27598 A -46 0
27600 A -45 0
27602 A -41 0
27604 A -39 0
27606 A -38 0
27608 A -36 0
27610 A -31 0
27612 A -29 0
27614 A -28 0
27616 A -27 0
27618 A -19 0
27620 A -20 0
27622 A -22 0
27626 A -18 0
27628 A -19 0
27632 A -20 0
27634 A -15 0
27640 A -11 0
27646 A -12 0
27648 A -7 0
27650 A -8 0
27654 A -4 0
27658 A -5 0
27662 A -2 0
27668 A 1 0
27676 A 4 0
27680 A 5 0
27682 A 7 0
27684 A 8 0
27688 A 10 0
27692 A 11 0
27694 A 12 0
27696 A 13 0
27700 A 14 0
27702 A 15 0
27708 A 16 0
27710 A 17 0
27712 A 18 0
27716 A 19 0
27722 A 20 0
27728 A 21 0
27730 A 22 0
27732 A 21 0
27734 A 22 0
27736 A 21 0
27740 A 22 0
27742 A 20 0
27744 A 21 0
27746 A 22 0
27748 A 20 0
27750 A 21 0
27752 A 19 0
27754 A 20 0
27758 A 19 0
27762 A 17 0
27764 A 18 0
27766 A 19 0
27768 A 17 0
27772 A 18 0
27774 B 12 0
27778 B 7 0
27782 A 7 0
27784 B 2 0
27788 - 8 0
27790 - 2 0
27796 - -2 0
27798 - -3 0
27802 - -8 0
27808 - -13 0
27814 - -17 0
27818 - -18 0
27820 - -31 0
27822 - -32 0
27824 - -34 0
27826 - -45 0
27828 - -47 0
27830 - -49 0
27832 - -57 0
27834 - -60 0
27836 - -66 0
27838 - -68 0
27840 - -71 0
27842 - -75 0
27844 - -78 0
27846 - -80 0
27854 B -80 0
27862 A -80 0
27870 A -78 0
27872 A -75 0
27874 A -67 0
27876 A -63 0
27878 A -59 0
27880 A -55 0
27882 A -43 0
27884 A -46 0
27886 A -47 0
27890 A -41 0
27894 A -42 0
27896 A -43 0
27900 A -39 0
27902 A -40 0
27906 A -41 0
27908 A -36 0
27912 A -37 0
27914 A -32 0
27918 A -33 0
27920 A -28 0
27922 A -29 0
27926 A -25 0
27932 A -26 0
27934 A -22 0
27940 A -19 0
27948 A -14 0
27954 A -10 0
27956 A -9 0
27960 A -5 0
27966 A
27972 A 3 0
27976 A 4 0
27978 A 6 0
27984 A 8 0
27988 A 9 0
27990 A 11 0
27996 A 13 0
28000 A 15 0
28004 A 16 0
28006 A 15 0
28010 A 16 0
28012 A 15 0
28014 A 16 0
28024 A 15 0
28026 A 14 0
28030 A 12 0
28036 A 10 0
28038 A 9 0
28040 A 8 0
28042 A 7 0
28046 A 3 0
28048 A 2 0
28050 A
28052 A -1 0
28056 A -5 0
28058 A -6 0
28060 A -9 0
28062 A -10 0
28066 A -13 0
28068 A -14 0
28070 B -16 0
28072 B -17 0
28074 B -21 0
28076 B -22 0
28078 B -23 0
28080 B -26 0
28082 B -27 0
28084 A -26 0
28086 - -29 0
28088 - -30 0
28090 - -31 0
28092 - -32 0
28096 - -31 0
28100 - -30 0
28104 - -31 0
28106 - -30 0
28114 - -29 0
28116 - -28 0
28124 - -25 0
28130 - -22 0
28134 - -21 0
28146 - -19 0
28152 A -17 0
28160 - -14 0
28162 A -14 0
28166 - -16 0
28168 - -17 0
28172 - -18 0
28174 A -18 0
28176 A -19 0
28186 A -20 0
28188 A -19 0
28194 A -20 0
28196 A -23 0
28200 A -24 0
28202 A -25 0
28204 A -26 0
28208 A -27 0
28214 A -28 0
28218 A -27 0
28224 A -31 0
28228 A -32 0
28230 A -34 0
28236 A -35 0
28244 A -33 0
28250 A -30 0
28256 A -29 0
28260 A -28 0
28262 A -29 0
28266 A -26 0
28268 A -25 0
28270 A -26 0
28272 A -25 0
28274 A -34 0
28276 A -40 0
28278 A -34 0
28282 A -36 0
28284 A -32 0
28290 A -31 0
28296 A -28 0
28298 A -30 0
28302 A -27 0
28304 A -24 0
28306 A -25 0
28308 A -23 0
28312 A -25 0
28314 A -23 0
28316 A -24 0
28318 A -25 0
28320 A -23 0
28324 A -24 0
28326 A -22 0
28332 A -20 0
28336 A -18 0
28340 B -18 0
28342 B -16 0
28346 B -12 0
28348 - -16 0
28352 - -12 0
28356 - -13 0
28358 - -9 0
28364 - -5 0
28370 - -1 0
28376 - 2 0
28382 - 10 0
28386 - 11 0
28388 - 18 0
28390 - 19 0
28392 - 20 0
28394 B 26 0
28396 B 28 0
28398 - 29 0
28400 - 34 0
28402 - 36 0
28404 - 38 0
28406 - 39 0
28408 B 49 0
28410 B 50 0
28412 A 51 0
28414 A 57 0
28418 A 58 0
28422 - 62 0
28424 A 61 0
28426 - 61 0
28428 A 62 0
28430 - 60 0
28432 A 59 0
28434 A 57 0
28436 - 62 0
28438 A 60 0
28440 A 58 0
28442 A 56 0
28444 - 57 0
28446 A 55 0
28448 A 53 0
28450 A 51 0
28452 A 49 0
28454 A 47 0
28456 A 45 0
28458 A 43 0
28460 A 39 0
28462 A 37 0
28464 A 35 0
28466 A 33 0
28470 A 31 0
28472 A 29 0
28474 A 28 0
28476 A 26 0
28478 A 25 0
28480 A 23 0
28482 A 22 0
28484 A 21 0
28486 A 20 0
28488 A 23 0
28490 A 24 0
28492 A 28 0
28494 A 31 0
28496 A 35 0
28498 A 34 0
28500 A 36 0
28502 A 39 0
28504 A 41 0
28506 A 38 0
28508 A 40 0
28510 A 45 0
28512 A 48 0
28514 A 46 0
28516 A 44 0
28518 A 41 0
28520 A 39 0
28522 A 40 0
28524 A 36 0
28526 A 37 0
28528 A 39 0
28530 A 35 0
28532 A 36 0
28534 A 37 0
28536 A 34 0
28538 A 35 0
28540 A 34 0
28542 A 29 0
28546 A 30 0
28548 A 28 0
28550 A 29 0
28554 A 30 0
28556 A 27 0
28560 A 28 0
28562 A 25 0
28566 A 26 0
28568 A 22 0
28572 A 23 0
28574 A 19 0
28578 A 20 0
28580 A 16 0
28586 A 12 0
28590 A 13 0
28592 A 5 0
28598 A 2 0
28600 A 1 0
28602 A
28604 A -1 0
28608 A -4 0
28614 A -7 0
28618 A -10 0
28622 A -11 0
28624 A -13 0
28626 A -14 0
28628 A -15 0
28630 A -17 0
28632 A -18 0
28634 A -20 0
28636 A -21 0
28638 A -22 0
28640 A -23 0
28642 A -24 0
28644 A -25 0
28646 A -26 0
28648 A -27 0
28654 A -28 0
28656 A -29 0
28658 A -28 0
28662 A -29 0
28664 A -27 0
28666 A -28 0
28670 A -26 0
28678 A -23 0
28680 A -22 0
28682 A -23 0
28684 A -19 0
28686 A -18 0
28690 A -15 0
28696 A -12 0
28698 A -11 0
28702 A -8 0
28704 A -7 0
28706 A -8 0
28708 A -4 0
28714 A
28720 A 3 0
28726 A 6 0
28728 A 7 0
28732 A 10 0
28734 A 11 0
28740 A 12 0
28750 A 13 0
28760 A 14 0
28762 B 14 0
28768 A 15 0
28770 - 14 0
28776 - 8 0
28780 - 7 0
28782 A 2 0
28784 - 1 0
28788 A -3 0
28790 - -3 0
28792 A -4 0
28794 - -4 0
28796 A -9 0
28798 - -10 0
28800 A -11 0
28802 - -15 0
28804 A -16 0
28806 A -17 0
28808 A -26 0
28810 A -27 0
28812 A -28 0
28814 A -29 0
28816 A -38 0
28818 A -39 0
28820 A -40 0
28822 A -47 0
28824 A -49 0
28826 A -50 0
28830 A -54 0
28838 A -55 0
28844 A -62 0
28850 A -61 0
28852 A -64 0
28854 A -63 0
28856 A -62 0
28858 A -60 0
28860 A -59 0
28862 A -56 0
28864 A -54 0
28866 A -50 0
28868 A -47 0
28870 A -44 0
28872 A -42 0
28876 A -50 0
28878 A -58 0
28880 A -54 0
28882 A -55 0
28884 A -53 0
28886 A -51 0
28888 A -49 0
28890 A -51 0
28892 A -52 0
28894 A -54 0
28896 A -49 0
28898 A -48 0
28902 A -51 0
28904 A -46 0
28906 A -43 0
28908 A -40 0
28910 A -37 0
28912 A -38 0
28914 A -40 0
28916 A -41 0
28918 A -36 0
28922 A -38 0
28924 A -39 0
28926 A -36 0
28930 A -35 0
28932 A -30 0
28934 A -32 0
28936 A -33 0
28938 A -31 0
28942 A -32 0
28944 A -30 0
28948 A -31 0
28950 A -28 0
28954 A -25 0
28958 A -22 0
28964 A -19 0
28972 A -16 0
28976 A -12 0
28980 A -13 0
28982 A -9 0
28988 A -6 0
28990 A -5 0
28996 A -2 0
29002 A
29008 A 3 0
29014 A 6 0
29018 A 8 0
29020 A 9 0
29024 A 12 0
29028 A 13 0
29030 A 15 0
29032 A 16 0
29036 A 18 0
29038 A 19 0
29042 A 20 0
29044 A 21 0
29046 A 20 0
29050 A 19 0
29054 A 18 0
29056 A 17 0
29058 A 16 0
29062 A 15 0
29064 A 13 0
29070 A 11 0
29074 A 10 0
29076 A 8 0
29082 A 6 0
29086 A 4 0
29092 A 2 0
29096 A
29102 A -2 0
29108 A -6 0
29112 A -8 0
29116 A -9 0
29118 A -10 0
29122 A -11 0
29124 A -12 0
29126 A -13 0
29130 A -14 0
29132 A -15 0
29136 A -16 0
29138 A -17 0
29144 A -18 0
29150 A -19 0
29156 A -20 0
29162 A -21 0
29164 A -22 0
29168 A -23 0
29170 A -22 0
29172 A -23 0
29174 A -24 0
29176 A -23 0
29178 A -24 0
29180 A -23 0
29182 A -24 0
29184 A -23 0
29186 A -24 0
29188 A -26 0
29190 A -24 0
29192 A -26 0
29194 A -24 0
29196 A -26 0
29198 A -27 0
29200 A -26 0
29202 A -23 0
29204 A -26 0
29206 A -24 0
29208 A -29 0
29212 A -32 0
29214 A -35 0
29216 A -34 0
29218 A -36 0
29220 A -39 0
29222 A -36 0
29224 A -34 0
29226 A -32 0
29228 A -33 0
29230 A -30 0
29232 A -31 0
29234 A -28 0
29238 A -25 0
29240 A -24 0
29242 A -20 0
29244 A -19 0
29246 A -16 0
29248 A -15 0
29250 A -14 0
29252 A -11 0
29254 A -10 0
29256 A -7 0
29258 A -6 0
29260 A -3 0
29262 A -2 0
29266 A
29270 A 3 0
29274 A 6 0
29280 A 9 0
29284 A 11 0
29286 A 12 0
29288 A 13 0
29294 A 14 0
29298 A 15 0
29312 A 14 0
29316 A 13 0
29320 A 12 0
29324 A 10 0
29328 A 8 0
29332 A 6 0
29336 A 3 0
29340 A 1 0
29344 A -1 0
29348 A -3 0
29352 A -8 0
29356 A -10 0
29358 A -12 0
29360 A -13 0
29362 A -15 0
29364 A -16 0
29366 A -18 0
29368 A -19 0
29370 A -21 0
29372 A -22 0
29374 A -23 0
29376 A -24 0
29378 A -26 0
29380 A -25 0
29382 A -26 0
29386 A -25 0
29394 A -24 0
29396 A -23 0
29400 A -22 0
29402 A -21 0
29404 A -20 0
29406 A -19 0
29408 A -18 0
29410 A -16 0
29412 A -15 0
29414 A -13 0
29418 A -11 0
29420 A -10 0
29422 A -15 0
29424 A -22 0
29426 A -27 0
29428 A -31 0
29430 A -33 0
29434 A -32 0
29436 A -28 0
29438 A -27 0
29444 A -28 0
29448 A -30 0
29450 A -29 0
29452 B -27 0
29454 B -29 0
29458 B -31 0
29462 A -31 0
29464 A -26 0
29466 A -28 0
29470 B -30 0
29472 B -31 0
29474 B -30 0
29476 A -32 0
29478 B -31 0
29480 A -31 0
29482 B -30 0
29484 B -32 0
29486 B -31 0
29488 - -33 0
29490 - -32 0
29494 - -28 0
29496 A -28 0
29498 A -29 0
29500 - -28 0
29502 - -30 0
29504 - -29 0
29506 - -30 0
29508 A -29 0
29510 - -30 0
29514 - -31 0
29518 A -32 0
29520 A -30 0
29522 A -32 0
29524 A -33 0
29528 A -32 0
29530 A -30 0
29534 A -31 0
29536 A -32 0
29538 A -33 0
29540 A -34 0
29542 A -36 0
29544 A -35 0
29546 A -37 0
29548 A -36 0
29550 A -35 0
29552 A -34 0
29554 A -36 0
29556 A -38 0
29560 A -40 0
29562 A -39 0
29564 A -40 0
29566 A -36 0
29568 A -27 0
29570 A -30 0
29572 A -29 0
29574 A -31 0
29576 A -32 0
29578 A -33 0
29580 A -35 0
29584 A -36 0
29586 A -34 0
29588 A -31 0
29590 A -33 0
29594 A -35 0
29598 A -37 0
29600 A -36 0
29602 A -37 0
29604 A -36 0
29606 A -37 0
29608 A -28 0
29610 A -26 0
29614 A -28 0
29616 A -27 0
29618 A -28 0
29624 A -27 0
29626 A -28 0
29628 A -26 0
29630 A -28 0
29634 A -29 0
29636 A -28 0
29638 A -27 0
29640 A -26 0
29642 A -27 0
29644 A -26 0
29646 A -27 0
29648 A -26 0
29650 A -25 0
29652 A -24 0
29654 A -25 0
29658 A -26 0
29664 A -27 0
29666 A -26 0
29668 -
31472 A
31480 -
33284 START
33292 -
33916 A
33924 -
34216 A
34224 -
34526 A
34534 -
34826 A
34834 -
35126 A
35134 -
35426 A
35434 -
35726 A
35734 -
36026 A
36034 -
36326 A
36334 -
36626 A
36634 -
36926 A
36934 -
37226 A
37234 -
37526 A
37534 -
37826 A
37834 -
38126 A
38134 -
38426 A
38434 -
38726 A
38734 -
39026 A
39034 -
39326 A
39334 -
39626 A
39634 -
39926 A
39934 -
40226 A
40234 -
40526 A
40534 -
40826 A
40834 -
41126 A
41134 -
41426 A
41434 -
41726 A
41734 -
42026 A
42034 -
42326 A
42334 -
42626 A
42634 -
42926 A
42934 -
43226 A
43234 -
43526 A
43534 -
43826 A
43834 -
