symbol,addr,refs,corroborated,class,sources
except_list,0x00000000,24,1,"named global, no address recorded",0x100746C0 0x10074770 0x10074800
FUN_10001000,0x10001000,21,1,"named global, no address recorded",0x10069DE0 0x1006C790 0x1006C990
FUN_10001190,0x10001190,6,1,"named global, no address recorded",0x10058300
BrUiSprClip,0x10001320,2,1,"named global, no address recorded",0x10058380
FUN_100014e0,0x100014E0,3,1,"named global, no address recorded",0x10041DB0
@BrSub10001CF0@4,0x10001CF0,3,1,"named global, no address recorded",0x100623A0
BrSub_100020D0,0x100023F0,1,0,"named global, no address recorded",0x100151F0
BrSub10002240,0x10002560,2,1,"named global, no address recorded",0x1002D362
BrSub10002580,0x10002580,2,1,"named global, no address recorded",0x100194C0
BrSub10002760,0x10002760,2,1,"named global, no address recorded",0x100194C0
BrGet1021C788,0x100027A0,2,1,"named global, no address recorded",0x100194C0
BrSub10002830,0x10002830,2,1,"named global, no address recorded",0x100194C0
BrExt_100025F0,0x10002910,2,1,"named global, no address recorded",0x100028E0
BrExt_10002660,0x10002980,2,1,"named global, no address recorded",0x100028E0
BrSub10002AF0,0x10002AF0,2,1,"named global, no address recorded",0x100194C0
BrSub100027F0,0x10002B20,2,1,"named global, no address recorded",0x10002AF0
BrSub10002870,0x10002BA0,2,1,"named global, no address recorded",0x10002AF0
FUN_10002c50,0x10002C50,3,1,"named global, no address recorded",0x10002C70
BrSub10002CF0,0x10002CF0,2,1,"named global, no address recorded",0x100194C0
BrSub10002EB0,0x10002EB0,2,1,"named global, no address recorded",0x10019350
BrSub10002F70,0x10002F70,2,1,"named global, no address recorded",0x100194C0
FUN_100032d0,0x100032D0,1,0,"named global, no address recorded",0x100311C0
FUN_10003320,0x10003320,6,1,"named global, no address recorded",0x10007F40 0x10031030 0x100311C0 0x1006C990
FUN_100034c0,0x100034C0,5,1,"named global, no address recorded",0x100311C0 0x1006C990
FUN_10003530,0x10003530,10,1,"named global, no address recorded",0x10007F40 0x10031030
FUN_100035e0,0x100035E0,6,1,"named global, no address recorded",0x10007F40 0x10031030 0x100311C0 0x1006C990
FUN_10003680,0x10003680,4,1,"named global, no address recorded",0x10007F40 0x10031030
BrNetAnnounce,0x100038A0,2,1,"named global, no address recorded",0x10006350
BrSub10003580,0x100038F0,2,1,"named global, no address recorded",0x100093D0
FUN_10004900,0x10004900,4,1,"named global, no address recorded",0x10004E00
BrNetSend4760,0x10004AD0,3,1,"named global, no address recorded",0x10005760
BrNetSend4AD0,0x10004AD0,6,1,"named global, no address recorded",0x10005330 0x10005400
FUN_10004ad0,0x10004AD0,2,1,"named global, no address recorded",0x10004E00
FUN_10004d30,0x10004D30,2,1,"named global, no address recorded",0x10004E00
BrSub10004F50,0x10004F50,2,1,"named global, no address recorded",0x10019350
FUN_10004fd0,0x10004FD0,2,1,"named global, no address recorded",0x100054A0
FUN_100051c0,0x100051C0,1,0,"named global, no address recorded",0x100054A0
BrSub10005330,0x10005330,2,1,"named global, no address recorded",0x10019350
FUN_10005330,0x10005330,1,0,"named global, no address recorded",0x100054A0
BrNetCarStateSend,0x100054A0,2,1,"named global, no address recorded",0x10059A50
BrNetSlotPredictOrig,0x10005810,2,1,"named global, no address recorded",0x10059D30
BrSub10005B10,0x10005E80,2,1,"named global, no address recorded",0x100358F0
FUN_10005f50,0x10005F50,2,1,"named global, no address recorded",0x10035660
BrSub10005D30,0x100060A0,2,1,"named global, no address recorded",0x10059D30
BrX10005DE0,0x10006150,2,1,"named global, no address recorded",0x1001C6A0
BrX10005E70,0x100061E0,2,1,"named global, no address recorded",0x1001C6A0
BrSub10005FE0,0x10006350,4,1,"named global, no address recorded",0x100093D0 0x10009530
BrCarStateUnpack,0x10007AA0,4,1,"named global, no address recorded",0x10063B80
BrCmdLineParse,0x10007F40,2,1,"named global, no address recorded",0x1001CC00
@BrSub10008760@4,0x10008760,3,1,"named global, no address recorded",0x10032500
@BrSub100088B0@12,0x10008A90,2,1,"named global, no address recorded",0x10030270
@BrPodOpen@4,0x10008AB0,3,1,"named global, no address recorded",0x10032530
@BrSub10008D60@4,0x10008D60,6,1,"named global, no address recorded",0x100087C0 0x10062AF0
BrExt_10008B80,0x10008D60,6,1,"named global, no address recorded",0x1006A550 0x1006A580
BrExt_10008D60,0x10008D60,21,1,"named global, no address recorded",0x10019890 0x1005FF00
BrOnActivateTail,0x10008D60,6,1,"named global, no address recorded",0x10019350 0x10070370
BrRaceNullStep,0x10008D60,2,1,"named global, no address recorded",0x10062850
FUN_10008d60,0x10008D60,52,1,"named global, no address recorded",0x100192D0 0x1001C890 0x1002B997 0x1002CEE9 0x1002E186 0x100379B0
@BrPodWriterMakeName@12,0x10008D70,2,1,"named global, no address recorded",0x10008BE0
@BrFileWriteCheckedT@20,0x10008E90,2,1,"named global, no address recorded",0x10008BE0
BrSub1000BAF0,0x10009010,2,1,"named global, no address recorded",0x10009880
BrComCallLocked68,0x10009A00,12,1,"named global, no address recorded",0x10036FF0 0x10037040 0x10037090 0x100370E0 0x10037130 0x100371A0
FUN_10010fb0,0x10010FB0,2,1,"named global, no address recorded",0x100119C0
FUN_10011300,0x10011300,6,1,"named global, no address recorded",0x10011650 0x100119C0
BrHudDrawTimeEntryW,0x10014760,6,1,"named global, no address recorded",0x10014800
BrSub_10019260,0x10016820,2,1,"named global, no address recorded",0x10014800
BrSub_10019270,0x10016830,4,1,"named global, no address recorded",0x10014C00 0x10014D00
BrTextAlignCentre,0x10016830,1,0,"named global, no address recorded",0x10011EA0
BrSub_100192F0,0x100168B0,8,1,"named global, no address recorded",0x10014800 0x10014C00 0x10014D00
BrTextSetSize,0x100168B0,1,0,"named global, no address recorded",0x10011EA0
BrSub_1002B2A0,0x10018310,4,1,"named global, no address recorded",0x10014C00 0x10014D00
BrFtolTrunc,0x10018990,16,1,"named global, no address recorded",0x10033D30 0x1005FF00 0x1006EBC0
FUN_10018a10,0x10018A10,1,0,"named global, no address recorded",0x100311C0
FUN_10018a40,0x10018A40,1,0,"named global, no address recorded",0x100311C0
FUN_100192d0,0x100192D0,2,1,"named global, no address recorded",0x1002CEE9
BrExt_10019840,0x10019840,3,1,"named global, no address recorded",0x10019890
BrSub10019A40,0x10019A40,2,1,"named global, no address recorded",0x10019350
BrRaceStepFrame,0x10019A70,3,1,"named global, no address recorded",0x10019900
BrRaceStep_10019A70,0x10019A70,3,1,"named global, no address recorded",0x1002F380 0x100628B0
BrSub_1002F900,0x1001CF90,6,1,"named global, no address recorded",0x100140B0 0x10015630
FUN_1001cf90,0x1001CF90,2,1,"named global, no address recorded",0x1002B997
BrSetVideoMode,0x1001DD80,2,1,"named global, no address recorded",0x10019350
FUN_1001e380,0x1001E380,4,1,"named global, no address recorded",0x1001E320 0x1001E720
FUN_1001e7a0,0x1001E7A0,2,1,"named global, no address recorded",0x1001E770
BrDlTri1Z,0x1001ECF0,3,1,"named global, no address recorded",0x1001FD70
BrDlClipTri,0x1001EE70,2,1,"named global, no address recorded",0x1001ECF0
BrGbiCall1001D420,0x1001EE70,4,1,"named global, no address recorded",0x100215C0
BrDlTri2Z,0x1001FA30,3,1,"named global, no address recorded",0x1001FD70
BrGbiGeoModeChanged,0x1001FD70,4,1,"named global, no address recorded",0x1001FD40 0x100211E0
BrDlTri1ZFlat,0x1001FEF0,3,1,"named global, no address recorded",0x1001FD70
BrDlTri1NoZFlat,0x100203F0,3,1,"named global, no address recorded",0x1001FD70
BrDlTri1NoZ,0x10020900,3,1,"named global, no address recorded",0x1001FD70
BrDlTri2ZFlat,0x10020CF0,3,1,"named global, no address recorded",0x1001FD70
BrDlTri2NoZFlat,0x10020D30,3,1,"named global, no address recorded",0x1001FD70
BrDlTri2NoZ,0x10020D70,3,1,"named global, no address recorded",0x1001FD70
BrGbiCall100243D0,0x10021240,2,1,"named global, no address recorded",0x10021210
BrGbiCall10020FA0,0x10021270,2,1,"named global, no address recorded",0x10021250
FUN_100215c0,0x100215C0,4,1,"named global, no address recorded",0x10021570 0x100219D0
BrDlVtxPlain,0x10021A20,3,1,"named global, no address recorded",0x1001FD70
BrDlLightSetup_10021C70,0x10021C70,4,1,"named global, no address recorded",0x1001E7A0
FUN_10022070,0x10022070,1,0,"named global, no address recorded",0x100221D0
FUN_10022120,0x10022120,1,0,"named global, no address recorded",0x100221D0
BrDlLightSetup_100221D0,0x100221D0,4,1,"named global, no address recorded",0x1001E7A0
FUN_100242e0,0x100242E0,8,1,"named global, no address recorded",0x10024E60 0x100272F0 0x10027FB0 0x100298C0
FUN_10024490,0x10024490,2,1,"named global, no address recorded",0x10027CD0
FUN_100250d0,0x100250D0,2,1,"named global, no address recorded",0x10024E60
FUN_10027220,0x10027220,4,1,"named global, no address recorded",0x10024E60 0x100272F0
FUN_10027290,0x10027290,24,1,"named global, no address recorded",0x10024E60 0x100272F0 0x10027FB0
BrTex3dModulate,0x10027CD0,2,1,"named global, no address recorded",0x10027B60
FUN_10027fb0,0x10027FB0,9,1,"named global, no address recorded",0x1006C790 0x1006C800
FUN_100283c0,0x100283C0,5,1,"named global, no address recorded",0x10027710 0x1006C990
FUN_10028BB0,0x10028BB0,2,1,"named global, no address recorded",0x10028B50
FUN_10029d70,0x10029D70,14,1,"named global, no address recorded",0x1005ACE0
BrMat4Copy,0x10029E50,2,1,"named global, no address recorded",0x10015630
BrPackNormalByte,0x1002A490,12,1,"named global, no address recorded",0x1002A4D0
FUN_1002a590,0x1002A590,14,1,"named global, no address recorded",0x1005ACE0
BrSub_10031140,0x1002A7F0,2,1,"named global, no address recorded",0x10015630
FUN_1002a8d7,0x1002A8D7,2,1,"named global, no address recorded",0x1002B997
BrSub_10031688,0x1002AD39,2,1,"named global, no address recorded",0x10015630
BrFogFactorAtPoint,0x1002B3F0,2,1,"named global, no address recorded",0x10009FC0
BrFrameBegin,0x1002B997,4,1,"named global, no address recorded",0x1002BF24 0x1002BF37
FUN_1002bf50,0x1002BF50,6,1,"named global, no address recorded",0x1002B997 0x1002C0F3 0x1002C2E9
BrSub_1003407D,0x1002D72E,1,0,"named global, no address recorded",0x100140B0
BrSub100341B3,0x1002D864,2,1,"named global, no address recorded",0x1002DB0B
FUN_1002d864,0x1002D864,8,1,"named global, no address recorded",0x1002DB88
FUN_1002db88,0x1002DB88,2,1,"named global, no address recorded",0x10062830
BrHookIsCurrent,0x1002E302,1,0,"named global, no address recorded",0x1002F380
BrSub1003551B,0x1002EBCC,2,1,"named global, no address recorded",0x1002EBD1
BrX1003563A,0x1002ECEB,2,1,"named global, no address recorded",0x10019840
BrX10035BBA,0x1002F26B,2,1,"named global, no address recorded",0x1002A9F7
FUN_1002f26b,0x1002F26B,2,1,"named global, no address recorded",0x1002CEE9
BrSub10035BD1,0x1002F282,3,1,"named global, no address recorded",0x10032680
FUN_1002f282,0x1002F282,3,1,"named global, no address recorded",0x1006A070
@BrRgbSinkSet3@16,0x1002F340,2,1,"named global, no address recorded",0x1002EB03
@BrEntInit_1002F680@4,0x1002F680,3,1,"named global, no address recorded",0x10062870
BrSub100360F0,0x1002F790,2,1,"named global, no address recorded",0x10009530
BrSub10030770,0x10030770,2,1,"named global, no address recorded",0x10030DE0
FUN_10030f40,0x10030F40,4,1,"named global, no address recorded",0x1002E339 0x1002E359
FUN_10030f50,0x10030F50,4,1,"named global, no address recorded",0x100311C0
FUN_10031140,0x10031140,1,0,"named global, no address recorded",0x100311C0
FUN_100314d0,0x100314D0,1,0,"named global, no address recorded",0x100311C0
FUN_10031b80,0x10031B80,1,0,"named global, no address recorded",0x100311C0
FUN_10032190,0x10032190,1,0,"named global, no address recorded",0x100311C0
FUN_10032320,0x10032320,2,1,"named global, no address recorded",0x10035400
FUN_10032500,0x10032500,3,1,"named global, no address recorded",0x100324F0
BrExt_10038EB0,0x10032520,3,1,"named global, no address recorded",0x10032510
BrBootFrontier_10032530,0x10032530,3,1,"named global, no address recorded",0x1001CD70
BrSub100325B0,0x100325B0,4,1,"named global, no address recorded",0x10008EF0 0x100194C0
BrExt_10032E40,0x10032E40,3,1,"named global, no address recorded",0x10019890
FUN_10034310,0x10034310,4,1,"named global, no address recorded",0x10001510
FUN_10034390,0x10034390,1,0,"named global, no address recorded",0x10001510
FUN_100344D0,0x100344D0,1,0,"named global, no address recorded",0x100221D0
FUN_100344d0,0x100344D0,2,1,"named global, no address recorded",0x1002B480
FUN_10034560,0x10034560,5,1,"named global, no address recorded",0x10001510
FUN_100345c0,0x100345C0,1,0,"named global, no address recorded",0x10001510
BrSub10034660,0x10034660,1,0,"named global, no address recorded",0x10001A80
FUN_10034660,0x10034660,3,1,"named global, no address recorded",0x10001510
FUN_10034720,0x10034720,1,0,"named global, no address recorded",0x1002AF17
FUN_10034760,0x10034760,1,0,"named global, no address recorded",0x10001510
BrSub100347F0,0x100347F0,1,0,"named global, no address recorded",0x10001A80
FUN_100347f0,0x100347F0,3,1,"named global, no address recorded",0x10001510 0x100311C0
FUN_10034a70,0x10034A70,1,0,"named global, no address recorded",0x100311C0
FUN_10034fc0,0x10034FC0,2,1,"named global, no address recorded",0x10001510
BrSub100355F0,0x100355F0,2,1,"named global, no address recorded",0x100358F0
BrSub100356B0,0x100356B0,2,1,"named global, no address recorded",0x100358F0
BrSub10035A30@16,0x10035A30,2,1,"named global, no address recorded",0x100194C0
FUN_10035bb0,0x10035BB0,2,1,"named global, no address recorded",0x10035400
FUN_10035be0,0x10035BE0,5,1,"named global, no address recorded",0x100355F0 0x100356B0
FUN_10035c50,0x10035C50,2,1,"named global, no address recorded",0x100357E0
BrSub1003C740,0x10035DD0,4,1,"named global, no address recorded",0x100358F0
FUN_10036300,0x10036300,5,1,"named global, no address recorded",0x100356B0 0x10035870
BrSub1003CE80,0x10036510,4,1,"named global, no address recorded",0x100358F0 0x1003D6F0
BrDpGetSessionDesc,0x10036740,2,1,"named global, no address recorded",0x10036430
BrSub1003D0B0,0x10036740,6,1,"named global, no address recorded",0x10009BA0 0x1003CF50 0x1003D6F0
BrFn1003D210_glide,0x100368A0,2,1,"named global, no address recorded",0x100386B0
BrSub1003D210,0x100368A0,15,1,"named global, no address recorded",0x1003C080 0x1003C600 0x1003C6D0 0x1003CF50 0x1003DB50
FUN_10036b20,0x10036B20,2,1,"named global, no address recorded",0x100356B0
FUN_10037040,0x10037040,8,1,"named global, no address recorded",0x10054390
FUN_10037130,0x10037130,3,1,"named global, no address recorded",0x10037180
FUN_10037260,0x10037260,4,1,"named global, no address recorded",0x10035400
BrIsAnyActiveGlide,0x10037720,6,1,"named global, no address recorded",0x10040EB0
FUN_10037720,0x10037720,2,1,"named global, no address recorded",0x10054390
BrExt_1003E0E0,0x10037780,6,1,"named global, no address recorded",0x10040640 0x10040660 0x100406A0
BrSub10037B20,0x10037B20,2,1,"named global, no address recorded",0x1003EF40
BrSub10037C90,0x10037C90,2,1,"named global, no address recorded",0x1003EF40
FUN_10038380,0x10038380,2,1,"named global, no address recorded",0x100384C0
BrSub100385E0,0x100385E0,2,1,"named global, no address recorded",0x100358F0
FUN_100385e0,0x100385E0,8,1,"named global, no address recorded",0x1002A840 0x1002A894 0x1002CEE9
BrSub1003F2B0,0x100387F0,6,1,"named global, no address recorded",0x10037B20
FUN_100387f0,0x100387F0,12,1,"named global, no address recorded",0x1003C430
BrSub1003F320,0x10038860,18,1,"named global, no address recorded",0x10037B20 0x1003C080
BrExt_10041AC0,0x1003B020,2,1,"named global, no address recorded",0x10040660
BrExt_10041BD0,0x1003B130,2,1,"named global, no address recorded",0x1003E610
BrExt_10043260,0x1003C7B0,2,1,"named global, no address recorded",0x100406E0
BrExt_10043330,0x1003C880,2,1,"named global, no address recorded",0x100406E0
BrSub10043BF0,0x1003D140,2,1,"named global, no address recorded",0x1003D6F0
BrOptOpen2940,0x1003D220,2,1,"named global, no address recorded",0x1003D6F0
BrExt_10043E70,0x1003D3C0,2,1,"named global, no address recorded",0x1003D560
BrOptOpen2948,0x1003D3C0,6,1,"named global, no address recorded",0x1003D5A0 0x1003D5E0 0x1003D6F0
BrOptOpen294C,0x1003D620,2,1,"named global, no address recorded",0x1003D6F0
BrOptOpen2950A,0x1003D7D0,2,1,"named global, no address recorded",0x1003D6F0
BrOptOpen2950B,0x1003D930,2,1,"named global, no address recorded",0x1003D6F0
BrDpRefreshSettings,0x1003DA90,2,1,"named global, no address recorded",0x10036430
BrMenuSub10044B90,0x1003E0E0,3,1,"named global, no address recorded",0x1003AE90
BrMenuSub10044E20,0x1003E370,3,1,"named global, no address recorded",0x1003AE90
BrPhaseActivate_10045110,0x1003E660,4,1,"named global, no address recorded",0x1003E5A0 0x1003F820
BrExt_100451E0,0x1003E730,8,1,"named global, no address recorded",0x1003EC10 0x1003EC90 0x1003ECD0 0x1003ED50
BrUiHook81Activate_100451E0,0x1003E730,4,1,"named global, no address recorded",0x1003EC50 0x1003ED10
BrExt_10045BC0,0x1003F060,6,1,"named global, no address recorded",0x1003EC30 0x1003ECB0 0x1003ECF0
BrPhaseActivate_10045BC0,0x1003F060,2,1,"named global, no address recorded",0x1003ED70
BrUiHook81Activate_10045BC0,0x1003F060,4,1,"named global, no address recorded",0x1003EC70 0x1003ED30
BrExt_10045C90,0x1003F130,10,1,"named global, no address recorded",0x1003E5E0 0x1003E610 0x10040570 0x10040600 0x100406E0
BrSub1003F130,0x1003F130,2,1,"named global, no address recorded",0x1003EF40
FUN_1003fac0,0x1003FAC0,2,1,"named global, no address recorded",0x100382D0
BrExt_10046750,0x1003FBA0,2,1,"named global, no address recorded",0x1003EC10
BrExt_10046790,0x1003FBE0,2,1,"named global, no address recorded",0x1003EC30
BrUiHook84_10046830,0x1003FC80,2,1,"named global, no address recorded",0x1003EC50
BrUiHook84_10046870,0x1003FCC0,2,1,"named global, no address recorded",0x1003EC70
BrExt_10046910,0x1003FD60,2,1,"named global, no address recorded",0x1003EC90
BrExt_10046950,0x1003FDA0,2,1,"named global, no address recorded",0x1003ECB0
BrExt_100469F0,0x1003FE40,2,1,"named global, no address recorded",0x1003ECD0
BrExt_10046A30,0x1003FE80,2,1,"named global, no address recorded",0x1003ECF0
BrUiHook81_10046AD0,0x1003FF20,2,1,"named global, no address recorded",0x1003ED10
BrUiHook81_10046B10,0x1003FF60,2,1,"named global, no address recorded",0x1003ED30
BrExt_10046BB0,0x10040000,2,1,"named global, no address recorded",0x1003ED50
FUN_10040040,0x10040040,2,1,"named global, no address recorded",0x1003ED70
BrExt_10046CD0,0x10040120,2,1,"named global, no address recorded",0x1003E5A0
BrPhaseLeave_10046D20,0x10040170,2,1,"named global, no address recorded",0x1003F820
BrOpt6D70,0x100401C0,2,1,"named global, no address recorded",0x1003EF40
BrExt_10046DC0,0x10040210,4,1,"named global, no address recorded",0x1003E5E0 0x1003E610
BrSprFontKindHook_10047360,0x100407B0,6,1,"named global, no address recorded",0x1003D580 0x1003D5C0 0x1003D600
BrExt_10047660,0x10040A90,3,1,"named global, no address recorded",0x10040A40
@FUN_10040d10@4,0x10040D10,2,1,"named global, no address recorded",0x10040CF0
@FUN_10041930@4,0x10041930,2,1,"named global, no address recorded",0x10041910
@BrUiNavPageSelectGlide@4,0x10041940,2,1,"named global, no address recorded",0x10040EB0
@FUN_10041cc0@4,0x10041CC0,2,1,"named global, no address recorded",0x10041CA0
@BrTextBoxDtor@4,0x10053EE0,2,1,"named global, no address recorded",0x10053EC0
FUN_10054360,0x10054360,2,1,"named global, no address recorded",0x10054390
BrUiBootPreLoopGate,0x10056260,2,1,"named global, no address recorded",0x1001CC00
BrSub1005F5A0,0x10058380,2,1,"named global, no address recorded",0x10040E20
FUN_10058380,0x10058380,4,1,"named global, no address recorded",0x10054550 0x100545C0
BrSub1005FCF0,0x10058A30,6,1,"named global, no address recorded",0x10037B20
BrBootFrontier_10058AF0,0x10058AF0,3,1,"named global, no address recorded",0x1001CD70
BrSub1007A940,0x10058E20,3,1,"named global, no address recorded",0x10058F90
BrMenuSub1005FFF0,0x10059060,6,1,"named global, no address recorded",0x10037710 0x10039BC0
@BrNavRelease_10059320@4,0x10059320,3,1,"named global, no address recorded",0x100720A0
BrSub100603A0,0x10059410,2,1,"named global, no address recorded",0x100592D0
BrSub100607B0,0x10059820,2,1,"named global, no address recorded",0x10059A50
BrCarApplyState,0x10059A80,2,1,"named global, no address recorded",0x10059D30
BrCarRecordFromState,0x10059A80,2,1,"named global, no address recorded",0x10063B80
FUN_10059e00,0x10059E00,12,1,"named global, no address recorded",0x1003C240 0x1003C2B0
FUN_10059e70,0x10059E70,2,1,"named global, no address recorded",0x1002CE5F
FUN_10059f00,0x10059F00,12,1,"named global, no address recorded",0x100192D0 0x1002CEE9 0x1002E186
FUN_10059f70,0x10059F70,2,1,"named global, no address recorded",0x10059F10
FUN_1005a280,0x1005A280,2,1,"named global, no address recorded",0x1005A080
FUN_1005a300,0x1005A300,2,1,"named global, no address recorded",0x1005A080
FUN_1005a780,0x1005A780,1,0,"named global, no address recorded",0x100311C0
FUN_1005ac60,0x1005AC60,6,1,"named global, no address recorded",0x1005ACE0
@BrSub1005ACE0@4,0x1005ACE0,3,1,"named global, no address recorded",0x100623A0
@FUN_1005c560@4,0x1005C560,3,1,"named global, no address recorded",0x10062870
@BrCtlHumanBody@4,0x1005C8B0,2,1,"named global, no address recorded",0x1005D050
@FUN_1005f530@4,0x1005F530,3,1,"named global, no address recorded",0x10019A10
BrExt_10067880,0x100608F0,5,1,"named global, no address recorded",0x100609B0 0x100609F0
BrExt_10067900,0x10060970,5,1,"named global, no address recorded",0x100609D0 0x10060A10
BrSub100609F0,0x100609F0,2,1,"named global, no address recorded",0x10019350
BrSfxSrcTrigger,0x10060DB0,6,1,"named global, no address recorded",0x10060DF0 0x10060E00
BrX10068260,0x100612D0,2,1,"named global, no address recorded",0x1001C6A0
BrSub10061440,0x10061440,2,1,"named global, no address recorded",0x10019350
FUN_100625f0,0x100625F0,2,1,"named global, no address recorded",0x1002B997
FUN_10062640,0x10062640,2,1,"named global, no address recorded",0x10059A80
FUN_100627b0,0x100627B0,2,1,"named global, no address recorded",0x10062830
FUN_10062850,0x10062850,2,1,"named global, no address recorded",0x100628B0
BrBootFrontier_100628B0,0x100628B0,3,1,"named global, no address recorded",0x1001CDD0
BrExt_10069A80,0x10062AF0,3,1,"named global, no address recorded",0x10062AE0
@BrCfgReadFileT@8,0x10063060,2,1,"named global, no address recorded",0x1001CC00
BrBootFrontier_10063970,0x10063970,3,1,"named global, no address recorded",0x1001CDD0
FUN_10063a60,0x10063A60,2,1,"named global, no address recorded",0x1005ACE0
FUN_10063b80,0x10063B80,2,1,"named global, no address recorded",0x1005ACE0
FUN_10063ca0,0x10063CA0,4,1,"named global, no address recorded",0x1005ACE0
FUN_10064210,0x10064210,2,1,"named global, no address recorded",0x1005A7A0
BrCarPhysTyre_port,0x100651A0,4,1,"named global, no address recorded",0x1005A7A0
BrCrRespWalk_portproto,0x10067710,1,0,"named global, no address recorded",0x10067C30
BrSub1006F4A0,0x10068450,2,1,"named global, no address recorded",0x1005AC60
FUN_100686d0,0x100686D0,2,1,"named global, no address recorded",0x10001510
FUN_10069530,0x10069530,1,0,"named global, no address recorded",0x100311C0
FUN_10069a80,0x10069A80,2,1,"named global, no address recorded",0x10069DC0
FUN_10069de0,0x10069DE0,2,1,"named global, no address recorded",0x1003BAC0
BrSub10071480,0x1006A3F0,2,1,"named global, no address recorded",0x10009530
BrSub10071560,0x1006A4D0,3,1,"named global, no address recorded",0x1006A4C0
BrSub10071630,0x1006A5A0,3,1,"named global, no address recorded",0x1006A4C0
FUN_1006a7e0,0x1006A7E0,3,1,"named global, no address recorded",0x1006A5F0
FUN_1006ab80,0x1006AB80,3,1,"named global, no address recorded",0x1006A5F0
BrSub1006AFA0,0x1006AFA0,4,1,"named global, no address recorded",0x1006AB80
FUN_1006b0e0,0x1006B0E0,3,1,"named global, no address recorded",0x1006A5F0
FUN_1006b490,0x1006B490,2,1,"named global, no address recorded",0x1006BB90
BrSndVoiceStop,0x1006B4C0,2,1,"named global, no address recorded",0x1006B4F0
FUN_1006b4c0,0x1006B4C0,4,1,"named global, no address recorded",0x1006BB10 0x1006BB60
BrSfxChanBind,0x1006B530,2,1,"named global, no address recorded",0x1006E4C0
BrSfxChanSetLevels,0x1006B730,2,1,"named global, no address recorded",0x1006E4C0
FUN_1006b790,0x1006B790,6,1,"named global, no address recorded",0x1006B730 0x1006BA00 0x1006BAA0
BrSndVoiceSetLoopAndStart,0x1006B950,1,0,"named global, no address recorded",0x1006B880
FUN_1006b950,0x1006B950,2,1,"named global, no address recorded",0x1006BA00
FUN_1006b970,0x1006B970,2,1,"named global, no address recorded",0x1006B950
BrSndPlayGroup,0x1006B9E0,2,1,"named global, no address recorded",0x1006BA60
BrExt_10072A90,0x1006BA00,4,1,"named global, no address recorded",0x1006B9E0 0x1006BA80
BrExt_10072AF0,0x1006BA60,6,1,"named global, no address recorded",0x10040900 0x10040990
FUN_1006ba60,0x1006BA60,11,1,"named global, no address recorded",0x10006460 0x10054390
BrExt_10072B30,0x1006BAA0,2,1,"named global, no address recorded",0x1006BAF0
BrSub1006BD70,0x1006BD70,2,1,"named global, no address recorded",0x10019350
FUN_1006bf50,0x1006BF50,2,1,"named global, no address recorded",0x1006BDD0
BrBootFrontier_1006C290,0x1006C290,3,1,"named global, no address recorded",0x1001CD70
FUN_1006c290,0x1006C290,3,1,"named global, no address recorded",0x10061310
FUN_1006c4d0,0x1006C4D0,3,1,"named global, no address recorded",0x10032530
FUN_1006c750,0x1006C750,3,1,"named global, no address recorded",0x1006E030
FUN_1006c800,0x1006C800,3,1,"named global, no address recorded",0x1006E030
FUN_1006c880,0x1006C880,3,1,"named global, no address recorded",0x1006E030
FUN_1006c8b0,0x1006C8B0,3,1,"named global, no address recorded",0x1006E030
FUN_1006c910,0x1006C910,1,0,"named global, no address recorded",0x100311C0
FUN_1006c950,0x1006C950,1,0,"named global, no address recorded",0x100311C0
BrBootFrontier_1006C990,0x1006C990,3,1,"named global, no address recorded",0x1001CDD0
FUN_1006c990,0x1006C990,3,1,"named global, no address recorded",0x10032530
BrExt_10073B40,0x1006CD80,3,1,"named global, no address recorded",0x1006A550
BrStrId,0x1006D280,2,1,"named global, no address recorded",0x10019350
BrStringById,0x1006D280,6,1,"named global, no address recorded",0x1003A070 0x1003A860
FUN_1006d280,0x1006D280,4,1,"named global, no address recorded",0x10035400
BrSub10074090,0x1006D2E0,3,1,"named global, no address recorded",0x1006FA90
FUN_1006d530,0x1006D530,5,1,"named global, no address recorded",0x10059A80 0x1005A7A0
FUN_1006e1d0,0x1006E1D0,10,1,"named global, no address recorded",0x1005F220
BrExt_10075020,0x1006E280,3,1,"named global, no address recorded",0x1006A310
FUN_1006e360,0x1006E360,3,1,"named global, no address recorded",0x10019A40
@FUN_1006e3f0@4,0x1006E3F0,3,1,"named global, no address recorded",0x10019A40
BrGbiCall10075330,0x1006E590,1,0,"named global, no address recorded",0x1006DAD0
FUN_1006e590,0x1006E590,9,1,"named global, no address recorded",0x10011D10 0x1005C440 0x1006E580
@FUN_1006e5c0@4,0x1006E5C0,3,1,"named global, no address recorded",0x1006EBC0
@BrCarCtlChain_1006F170@4,0x1006F170,1,0,"named global, no address recorded",0x100199A0
BrSub100765E0,0x1006F840,2,1,"named global, no address recorded",0x1006F970
FUN_1006f840,0x1006F840,2,1,"named global, no address recorded",0x10062610
BrX10076AE0,0x1006FD50,2,1,"named global, no address recorded",0x1001C6A0
@FUN_1006ff00@4,0x1006FF00,3,1,"named global, no address recorded",0x1005C560
FUN_100703a0,0x100703A0,2,1,"named global, no address recorded",0x100628B0
FUN_100706d0,0x100706D0,2,1,"named global, no address recorded",0x10059E70
FUN_10071fc0,0x10071FC0,3,1,"named global, no address recorded",0x10032530
FUN_100724c0,0x100724C0,2,1,"named global, no address recorded",0x100704E0
FUN_10072960@20,0x10072960,2,1,"named global, no address recorded",0x10036E50
grLfbWriteRegion@32,0x10072966,2,1,"named global, no address recorded",0x100014E0
BrSub1007296C,0x1007296C,2,1,"named global, no address recorded",0x10019350
grSstWinClose,0x1007296C,2,1,"named global, no address recorded",0x1001E130
grBufferSwap@4,0x10072972,3,1,"named global, no address recorded",0x1001DD50
grBufferNumPending@0,0x10072978,6,1,"named global, no address recorded",0x1001DD50
grSstWinOpen@28,0x10072984,2,1,"named global, no address recorded",0x1001DD80
grTexCombine@28,0x1007298A,9,1,"named global, no address recorded",0x1001DFB0 0x100284E0 0x1006C990
grColorCombine@20,0x10072990,9,1,"named global, no address recorded",0x1001DFB0 0x1001E380 0x1001E7A0 0x1006C990
grConstantColorValue@4,0x10072996,11,1,"named global, no address recorded",0x1001DFB0 0x1001E7A0 0x1001EA80
grTexFilterMode@12,0x1007299C,7,1,"named global, no address recorded",0x1001DFB0 0x10028420
grAlphaTestReferenceValue@4,0x100729A2,15,1,"named global, no address recorded",0x1001DFB0 0x10021270
grAlphaTestFunction@4,0x100729A8,18,1,"named global, no address recorded",0x1001DFB0 0x1001E380 0x10021270
grAlphaCombine@20,0x100729AE,19,1,"named global, no address recorded",0x1001DFB0 0x1001E380 0x10021270
BrGlSetCullSide@4,0x100729B4,3,1,"named global, no address recorded",0x1001FD70
grCullMode@4,0x100729B4,5,1,"named global, no address recorded",0x1001DFB0 0x1001E380
grBufferClear@12,0x100729BA,6,1,"named global, no address recorded",0x1001DFB0 0x1001E380 0x1006C990
grDepthMask@4,0x100729C0,12,1,"named global, no address recorded",0x1001DFB0 0x1001E380 0x10021270
BrGlSetDepthFn@4,0x100729C6,3,1,"named global, no address recorded",0x1001FD70
grDepthBufferFunction@4,0x100729C6,10,1,"named global, no address recorded",0x1001DFB0 0x1001E380 0x10021270
grDepthBufferMode@4,0x100729CC,3,1,"named global, no address recorded",0x1001DFB0
grClipWindow@16,0x100729D2,13,1,"named global, no address recorded",0x1001DFB0 0x1001E380 0x1001EB50 0x1001EBC0 0x1006C990
grDrawTriangle@12,0x100729EA,18,1,"named global, no address recorded",0x1001E380 0x1001ECF0 0x1001EE70 0x1001FF60 0x10020190 0x10020460 0x10020690 0x10020900 0x10020A80 0x1006C990
grAlphaBlendFunction@16,0x100729F0,11,1,"named global, no address recorded",0x1001E380 0x10021270
grFogColorValue@4,0x100729F6,2,1,"named global, no address recorded",0x1001EA60
grDrawPolygonVertexList@8,0x100729FC,4,1,"named global, no address recorded",0x1001EE70 0x10020190 0x10020690 0x10020A80
BrGlSetCullMode@4,0x10072A02,3,1,"named global, no address recorded",0x1001FD70
grFogTable@4,0x10072A08,3,1,"named global, no address recorded",0x10023AA0
guFogGenerateLinear@12,0x10072A0E,3,1,"named global, no address recorded",0x10023AA0
grTexMinAddress@4,0x10072A14,3,1,"named global, no address recorded",0x100281C0
grTexDownloadMipMap@16,0x10072A26,2,1,"named global, no address recorded",0x100283C0
grTexMipMapMode@12,0x10072A2C,1,0,"named global, no address recorded",0x10028420
grTexLodBiasValue@8,0x10072A32,1,0,"named global, no address recorded",0x10028420
grTexClampMode@12,0x10072A38,1,0,"named global, no address recorded",0x10028420
grTexSource@16,0x10072A3E,1,0,"named global, no address recorded",0x10028420
acmMetrics@12,0x10074558,2,1,"named global, no address recorded",0x1006C4D0
ftol,0x10074560,139,1,"named global, no address recorded",0x100023F0 0x10003120 0x10006910 0x10006950 0x10006990 0x100069D0 0x10006A50 0x10006AA0 0x10006AE0 0x10006B20 0x10006B60 0x10006F40 0x100140B0 0x10014760 0x10015550 0x10016C90 0x10017F80 0x10018990 0x1001E380 0x10024490 0x10024680 0x10024750 0x10024AA0 0x1002A490 0x1002AF17 0x1002BF50 0x1002ECEB 0x100335A0 0x10033880 0x10054550 0x100545C0 0x10055090 0x10059A80 0x10060C30 0x10065980 0x100686D0 0x1006B5F0 0x1006B6C0 0x1006B880
BrOperatorDelete,0x1007456C,15,1,"named global, no address recorded",0x10008B50 0x10041910 0x10041CA0 0x10053EC0 0x10058C90 0x100720A0
operator_delete,0x1007456C,8,1,"named global, no address recorded",0x100087A0 0x10040CF0 0x100546F0 0x10055A10
BrOperatorNew,0x10074572,4,1,"named global, no address recorded",0x10008EC0 0x10055020
chkstk,0x10074580,2,1,"named global, no address recorded",0x10008EF0
BrExt_1007E8B0,0x100745E0,9,1,"named global, no address recorded",0x10032510 0x10062AE0 0x1006A570
BrXAtExit,0x100745E0,3,1,"named global, no address recorded",0x10019820
aulldiv,0x10074610,2,1,"named global, no address recorded",0x1002E186
allmul,0x10074680,6,1,"named global, no address recorded",0x1002E186 0x1006E280
FUN_100746b4,0x100746B4,4,1,"named global, no address recorded",0x1002E376 0x1002E5B9
BrExt_1007F560@16,0x100746C0,3,1,"named global, no address recorded",0x1006A580
BrExt_1007F680@20,0x10074800,3,1,"named global, no address recorded",0x1006A550
alldiv,0x100748B0,7,1,"named global, no address recorded",0x1006E280 0x1006E430
dllonexit,0x10074AE0,2,1,"named global, no address recorded",0x100745B0
except_handler3,0x10074AE6,9,1,"named global, no address recorded",0x100746C0 0x10074770 0x10074800
func_0x10074aec,0x10074AEC,2,1,"named global, no address recorded",0x100747E0
BrK08F0CC$S287,0x100770CC,2,1,file-static stand-in (no 1:1 original global),0x10006A10
BrK08F0E4$S288,0x100770E4,2,1,file-static stand-in (no 1:1 original global),0x10006A10
BrK08F0E8$S289,0x100770E8,2,1,file-static stand-in (no 1:1 original global),0x10006A10
BrObj87Vtbl,0x10077150,6,1,"named global, no address recorded",0x10008760 0x100087C0
kF300$S548,0x100772B0,6,1,file-static stand-in (no 1:1 original global),0x100140B0 0x100151F0 0x10015240
kF300_S_S537,0x100772B0,4,1,"named global, no address recorded",0x10014CB0
kF304$S549,0x100772B4,2,1,file-static stand-in (no 1:1 original global),0x100140B0 0x10015240
kF308$S550,0x100772B8,1,0,file-static stand-in (no 1:1 original global),0x100140B0
kF30C$S551,0x100772BC,1,0,file-static stand-in (no 1:1 original global),0x100140B0
kF314$S552,0x100772C4,1,0,file-static stand-in (no 1:1 original global),0x100140B0
kF31C$S553,0x100772CC,1,0,file-static stand-in (no 1:1 original global),0x100140B0
kF320$S554,0x100772D0,1,0,file-static stand-in (no 1:1 original global),0x100140B0
kF324$S555,0x100772D4,1,0,file-static stand-in (no 1:1 original global),0x100140B0
kF328$S556,0x100772D8,1,0,file-static stand-in (no 1:1 original global),0x100140B0
kF32C$S557,0x100772DC,1,0,file-static stand-in (no 1:1 original global),0x100140B0
kF330$S558,0x100772E0,1,0,file-static stand-in (no 1:1 original global),0x100140B0
kF334$S559,0x100772E4,2,1,file-static stand-in (no 1:1 original global),0x10015550
kF338$S560,0x100772E8,1,0,file-static stand-in (no 1:1 original global),0x10015240
kF33C$S561,0x100772EC,2,1,file-static stand-in (no 1:1 original global),0x10015240
kF34C$S564,0x100772FC,2,1,file-static stand-in (no 1:1 original global),0x10015630
BrGbiRectK_FIXED,0x10077408,4,1,"named global, no address recorded",0x100215C0
BrGbiRectK_HALF,0x10077414,2,1,"named global, no address recorded",0x100215C0
g_BrK08F514,0x100774DC,9,1,"named global, no address recorded",0x1002D362 0x1002D72E 0x1002ECEB
g_BrK08F518,0x100774E0,2,1,"named global, no address recorded",0x1002D534
g_BrK08F51C,0x100774E4,2,1,"named global, no address recorded",0x1002D534
g_BrK08F520,0x100774E8,2,1,"named global, no address recorded",0x1002DE6B
g_BrK08F524,0x100774EC,2,1,"named global, no address recorded",0x1002DE6B
g_BrK08F52C,0x100774F4,1,0,"named global, no address recorded",0x1002ECEB
g_BrK08F530,0x100774F8,3,1,"named global, no address recorded",0x1002ECEB
g_BrK08F534,0x100774FC,1,0,"named global, no address recorded",0x1002ECEB
g_BrK08F548,0x10077510,3,1,"named global, no address recorded",0x1002F380
kPfxRecip,0x100775C4,1,0,"named global, no address recorded",0x10033880
kPfxNeg0_8,0x100775C8,1,0,"named global, no address recorded",0x10033880
kPfx5_7375,0x100775CC,1,0,"named global, no address recorded",0x10033880
kPfxCell,0x100775D0,1,0,"named global, no address recorded",0x10033880
PTR_FUN_100776c0,0x100776C0,6,1,"named global, no address recorded",0x100418C0 0x10041930
PTR_FUN_100776f0,0x100776F0,3,1,"named global, no address recorded",0x10053EE0
PTR_FUN_10077720,0x10077720,3,1,"named global, no address recorded",0x10054710
PTR_FUN_10077750,0x10077750,3,1,"named global, no address recorded",0x10055A30
BrGlCfgVersion,0x10077A2C,2,1,"named global, no address recorded",0x100634B0
??_C@_0CK@OKJF@SOFTWARE?2SouthPeak?5Interactive?2B@,0x10077A30,2,1,"named global, no address recorded",0x10063860
??_C@_09OCGG@Directory?$AA@,0x10077A60,2,1,"named global, no address recorded",0x10063860
??_C@_03OEOK@c?3?2?$AA@,0x10077A6C,2,1,"named global, no address recorded",0x10063860
BrCrK_Zero,0x10077A78,9,1,"named global, no address recorded",0x10067470
BrCrK_Half,0x10077AC8,3,1,"named global, no address recorded",0x10067470
g_077C38,0x10077C38,3,1,"named global, no address recorded",0x1006F840
g_077C4C,0x10077C4C,2,1,"named global, no address recorded",0x1006F840
g_077C50,0x10077C50,2,1,"named global, no address recorded",0x1006F840
kBrHalf$S898,0x10077C80,3,1,file-static stand-in (no 1:1 original global),0x1006FA90
g_0909E0,0x100789B8,2,1,"named global, no address recorded",0x10036EF0
??_C@_0N@MAKJ@?$CFd?3?$CF02d?4?$CF02d?$AA@,0x1007B064,2,1,"named global, no address recorded",0x100023F0
g_0940A4,0x1007B074,10,1,"named global, no address recorded",0x10002760 0x100028E0 0x10002D60 0x10002E20
g_brAudioMode,0x1007B074,2,1,"named global, no address recorded",0x100194C0
g_brCdEnabled,0x1007B074,60,1,"named global, no address recorded",0x100027B0 0x100027E0 0x10002830 0x10002980 0x10002AF0 0x10002B20 0x10002BA0 0x10002C50 0x10002C70 0x10002CB0 0x10002CF0 0x10002D30 0x10002E80 0x10002EB0 0x10002ED0 0x10002F10 0x10002F30 0x10002F70 0x10002F90 0x10002FD0 0x10003030 0x10032530
g_0940A8,0x1007B078,5,1,"named global, no address recorded",0x10002760 0x10002D60
g_br0940A8,0x1007B078,11,1,"named global, no address recorded",0x10002B20 0x10002ED0 0x10002F30 0x10002F90
s_MCI_STATUS_returned__d_1007b07c,0x1007B07C,2,1,file-static stand-in (no 1:1 original global),0x10002980
s_cdaudio_1007b094,0x1007B094,2,1,file-static stand-in (no 1:1 original global),0x10002980
??_C@_0CJ@OKHJ@CHK_FReadOpen?$CI?$CJ?3?5error?5opening?5f@,0x1007B09C,2,1,"named global, no address recorded",0x10003320
??_C@_0BC@PBIO@c?3?2RallyError?4txt?$AA@,0x1007B0C8,2,1,"named global, no address recorded",0x10003320
??_C@_01LLF@w?$AA@,0x1007B0DC,2,1,"named global, no address recorded",0x10003320
??_C@_02JKAF@rb?$AA@,0x1007B0E0,6,1,"named global, no address recorded",0x10003320 0x10003680 0x10008E10
??_C@_0BD@PAPF@CHK_FReadOpen?$CI?$CFs?$CJ?6?$AA@,0x1007B0E4,2,1,"named global, no address recorded",0x10003320
??_C@_0BH@BCJP@CHK_FReadOpen?$CI?$CJ?3szName?$AA@,0x1007B0F8,2,1,"named global, no address recorded",0x10003320
??_C@_0BF@BPNN@CHK_FReadOpen?$CI?$CJ?3pfil?$AA@,0x1007B110,2,1,"named global, no address recorded",0x10003320
??_C@_0DE@NE@CHK_FRead?$CI?$CJ?3?5trying?5to?5read?5?$CFu?5b@,0x1007B168,2,1,"named global, no address recorded",0x100034C0
??_C@_0CG@KCGB@CHK_FClose?$CI?$CJ?3?5error?5closing?5file@,0x1007B19C,2,1,"named global, no address recorded",0x100035E0
??_C@_0BA@FBDF@CHK_FClose?$CI?$CFs?$CJ?6?$AA@,0x1007B1C4,2,1,"named global, no address recorded",0x100035E0
??_C@_0BE@LEM@CHK_FileExists?$CI?$CFs?$CJ?6?$AA@,0x1007B1D4,2,1,"named global, no address recorded",0x10003680
??_C@_0DL@PEHP@CHK_AllocateMemory?$CI?$CJ?3?5Out?5of?5mem@,0x1007B1E8,2,1,"named global, no address recorded",0x100036F0
??_C@_0DP@FPLK@CHK_ReAllocateMemory?$CI?$CJ?3?5Out?5of?5m@,0x1007B224,2,1,"named global, no address recorded",0x10003760
g_br094294,0x1007B264,12,1,"named global, no address recorded",0x10004D30 0x10005760 0x100060A0
??_C@_0BG@NFDA@?$CF?$CF15?$CFs?5left?5the?5game?4?$AA@,0x1007B308,2,1,"named global, no address recorded",0x10006350
g_br094350,0x1007B320,9,1,"named global, no address recorded",0x10037B20 0x1003C1D0
g_br094354,0x1007B324,8,1,"named global, no address recorded",0x10037B20 0x1003C3D0 0x10058900
g_br094358,0x1007B328,8,1,"named global, no address recorded",0x10037B20 0x1003C370 0x10058900
g_br09435C,0x1007B32C,8,1,"named global, no address recorded",0x10037B20 0x1003C310 0x10058900
??_C@_0EG@PKJG@CheckPrevious?5App?5?9?5Another?5inst@,0x1007B330,2,1,"named global, no address recorded",0x10007E80
??_C@_09MLLO@BossRally?$AA@,0x1007B378,8,1,"named global, no address recorded",0x10007E80 0x10019670
??_C@_0L@NLEI@Boss?5Rally?$AA@,0x1007B384,4,1,"named global, no address recorded",0x10007E80 0x10019670
s_Boss_Rally_1007b384,0x1007B384,2,1,file-static stand-in (no 1:1 original global),0x100377A0
s_bsuspension__1007b390,0x1007B390,4,1,file-static stand-in (no 1:1 original global),0x10007F40
s_btire__1007b3a0,0x1007B3A0,4,1,file-static stand-in (no 1:1 original global),0x10007F40
s_bcar__1007b3a8,0x1007B3A8,4,1,file-static stand-in (no 1:1 original global),0x10007F40
s_cPlayers__1007b3b0,0x1007B3B0,4,1,file-static stand-in (no 1:1 original global),0x10007F40
s_szPlayerName__1007b3bc,0x1007B3BC,4,1,file-static stand-in (no 1:1 original global),0x10007F40
s_PlaySFX__1007b3cc,0x1007B3CC,2,1,file-static stand-in (no 1:1 original global),0x10007F40
s_PlayMusic__1007b3d8,0x1007B3D8,2,1,file-static stand-in (no 1:1 original global),0x10007F40
s_RunBenchmark__1007b3e4,0x1007B3E4,2,1,file-static stand-in (no 1:1 original global),0x10007F40
s_D3DDrawCarShadow__1007b3f4,0x1007B3F4,2,1,file-static stand-in (no 1:1 original global),0x10007F40
s_SpeedSensitive__1007b408,0x1007B408,2,1,file-static stand-in (no 1:1 original global),0x10007F40
s_Interpolate__1007b418,0x1007B418,2,1,file-static stand-in (no 1:1 original global),0x10007F40
s_SFXDir__1007b428,0x1007B428,2,1,file-static stand-in (no 1:1 original global),0x10007F40
s_CarDir__1007b430,0x1007B430,2,1,file-static stand-in (no 1:1 original global),0x10007F40
s_TrackDir__1007b438,0x1007B438,2,1,file-static stand-in (no 1:1 original global),0x10007F40
s_TransmissionType__1007b444,0x1007B444,6,1,file-static stand-in (no 1:1 original global),0x10007F40
s_TireType__1007b458,0x1007B458,6,1,file-static stand-in (no 1:1 original global),0x10007F40
s_SuspensionType__1007b464,0x1007B464,6,1,file-static stand-in (no 1:1 original global),0x10007F40
s_HandlingType__1007b474,0x1007B474,6,1,file-static stand-in (no 1:1 original global),0x10007F40
s_ReadJoystick__1007b484,0x1007B484,6,1,file-static stand-in (no 1:1 original global),0x10007F40
s_gameMode__1007b494,0x1007B494,6,1,file-static stand-in (no 1:1 original global),0x10007F40
s_chosenWeather__1007b4a0,0x1007B4A0,6,1,file-static stand-in (no 1:1 original global),0x10007F40
s_chosenCar__1007b4b0,0x1007B4B0,6,1,file-static stand-in (no 1:1 original global),0x10007F40
s_chosenTrack__1007b4bc,0x1007B4BC,6,1,file-static stand-in (no 1:1 original global),0x10007F40
s_NetworkPlay__1007b4cc,0x1007B4CC,6,1,file-static stand-in (no 1:1 original global),0x10007F40
s_BossRally_ini_1007b4dc,0x1007B4DC,2,1,file-static stand-in (no 1:1 original global),0x10007F40
??_C@_0CI@LAHO@Add?3?5Name?5is?5too?5long?5to?5be?5a?5po@,0x1007B5C0,2,1,"named global, no address recorded",0x10008BE0
??_C@_0BF@MBHJ@Error?5opening?5?$CFs?3?5?$CFs?$AA@,0x1007B5E8,4,1,"named global, no address recorded",0x10008DC0 0x10008E10
??_C@_02NGAF@wb?$AA@,0x1007B600,4,1,"named global, no address recorded",0x10008DC0 0x100634B0
??_C@_0BC@IBFE@File?5read?5failure?$AA@,0x1007B604,4,1,"named global, no address recorded",0x10008E60 0x10008E90
g_0A6498,0x100A5C58,3,1,"named global, no address recorded",0x1006C910
g_0A649C,0x100A5C5C,3,1,"named global, no address recorded",0x1006C950
g_0A64A0,0x100A5C60,3,1,"named global, no address recorded",0x1006C950
g_brRaceBeginLimitOn,0x100A5EA8,3,1,"named global, no address recorded",0x10019A40
g_aBrRaceCue,0x100A5EB0,3,1,"named global, no address recorded",0x10019980
g_brRaceCueArmed,0x100A5EBC,3,1,"named global, no address recorded",0x10019980
g_BrFpsValueA,0x100A64B0,1,0,"named global, no address recorded",0x10011EA0
g_BrFpsValueB,0x100A64B4,2,1,"named global, no address recorded",0x10011EA0
??_C@_09MCI@?$CF6?42f?5FPS?$AA@,0x100A6B54,1,0,"named global, no address recorded",0x10011EA0
??_C@_0P@HIDP@?$CFs?$CFd?3?$CF02d?4?$CF02d?$AA@,0x100A6B70,2,1,"named global, no address recorded",0x10014760
g_aBr63Prefix,0x100A6B80,8,1,"named global, no address recorded",0x10014800
??_C@_02MECO@?$CFd?$AA@,0x100A6B84,10,1,"named global, no address recorded",0x10039F90 0x1003A000 0x1003A070 0x10058900
s___55_s_100a6b98,0x100A6B98,2,1,file-static stand-in (no 1:1 original global),0x10014E00
s___55_d__100a6ba0,0x100A6BA0,2,1,file-static stand-in (no 1:1 original global),0x10014E00
s___x_02x_02x_02x_s_100a6ba8,0x100A6BA8,2,1,file-static stand-in (no 1:1 original global),0x10014E00
s___x_02x_02x_02x_s__s_100a6bbc,0x100A6BBC,2,1,file-static stand-in (no 1:1 original global),0x10014E00
s___11_s_100a6bd4,0x100A6BD4,2,1,file-static stand-in (no 1:1 original global),0x10014E00
s___x_02x_02x_02x_s__dms__c_c_100a6bdc,0x100A6BDC,2,1,file-static stand-in (no 1:1 original global),0x10014E00
s___x_02x_02x_02x_s__s__dms__c_c_100a6bf8,0x100A6BF8,2,1,file-static stand-in (no 1:1 original global),0x10014E00
s___11_s__dms__c_c_100a6c18,0x100A6C18,2,1,file-static stand-in (no 1:1 original global),0x10014E00
s___ry_d__100a6c2c,0x100A6C2C,2,1,file-static stand-in (no 1:1 original global),0x10014E00
s___y1_d__100a6c34,0x100A6C34,2,1,file-static stand-in (no 1:1 original global),0x10014E00
s___11_d__100a6c3c,0x100A6C3C,2,1,file-static stand-in (no 1:1 original global),0x10014E00
??_C@_0BD@GCMA@?$CFs?$CFd?4?5?$CFd?3?$CF02d?4?$CF02d?$AA@,0x100A6C50,2,1,"named global, no address recorded",0x10015550
BrGbiRectG_A7514,0x100A7514,1,0,"named global, no address recorded",0x100215C0
g_Br0A81C0,0x100A7514,2,1,"named global, no address recorded",0x10059280
g_BrFpsScreenW,0x100A7514,4,1,"named global, no address recorded",0x10011EA0 0x1001DFB0
g_brAppModeW,0x100A7514,4,1,"named global, no address recorded",0x10019350 0x10019670
g_brScreenCx,0x100A7514,2,1,"named global, no address recorded",0x10014800
BrGbiRectG_A7518,0x100A7518,1,0,"named global, no address recorded",0x100215C0
g_Br0A81C4,0x100A7518,2,1,"named global, no address recorded",0x10059280
g_BrFpsScreenH,0x100A7518,4,1,"named global, no address recorded",0x10011EA0 0x1001DFB0
g_brAppModeH,0x100A7518,4,1,"named global, no address recorded",0x10019350 0x10019670
g_0A81C8,0x100A751C,3,1,"named global, no address recorded",0x100189C0
g_br100A9354,0x100A9354,6,1,"named global, no address recorded",0x10019350
g_brRaceRules,0x100A9354,3,1,"named global, no address recorded",0x10019900
g_BrFpsCountA,0x100A9358,2,1,"named global, no address recorded",0x10011EA0
g_BrFpsGateA,0x100A935C,1,0,"named global, no address recorded",0x10011EA0
g_BrX0AA010,0x100A9360,6,1,"named global, no address recorded",0x10063A00 0x10063AD0
g_br0AA010,0x100A9360,21,1,"named global, no address recorded",0x100018F0 0x10037B20 0x1003E5A0 0x1003E5E0 0x1003E610 0x1003E640 0x1003F820 0x1006E9E0
g_brHudMode,0x100A9360,2,1,"named global, no address recorded",0x10014800
g_brMode0AA010,0x100A9360,3,1,"named global, no address recorded",0x10002310
g_brRaceMode,0x100A9360,5,1,"named global, no address recorded",0x1005FF00
??_C@_0N@JDBK@points?5?$DN?5?$CFd?6?$AA@,0x100A98E4,2,1,"named global, no address recorded",0x1001C890
g_brAppContinue,0x100A98F8,3,1,"named global, no address recorded",0x1001CDB0
s_apfnAppState$S285,0x100A9900,1,0,file-static stand-in (no 1:1 original global),0x1001CF80
s_apfnAppState$S302,0x100A9900,2,1,file-static stand-in (no 1:1 original global),0x1001CF80
??_C@_0O@NBLH@BossRally?4cfg?$AA@,0x100A9914,2,1,"named global, no address recorded",0x1001CC00
??_C@_0M@NAOM@loading?4img?$AA@,0x100A9924,3,1,"named global, no address recorded",0x1001CDD0
BrGbiRectG_A9A54,0x100A9A54,6,1,"named global, no address recorded",0x100215C0
g_brGbi0A79E8,0x100A9A54,2,1,"named global, no address recorded",0x1001EB10
g_brGbi0A79F0,0x100A9A58,2,1,"named global, no address recorded",0x10023C90
BrGlDlSlot04,0x100A9A68,6,1,"named global, no address recorded",0x1001E7A0
g_pBrDlVtxSlot,0x100A9A68,21,1,"named global, no address recorded",0x1001FD70
g_pBrDlTri2Slot,0x100A9D1C,12,1,"named global, no address recorded",0x1001FD70
g_pBrDlTri1Slot,0x100A9D54,12,1,"named global, no address recorded",0x1001FD70
PTR_DAT_100a9e58,0x100A9E58,2,1,"named global, no address recorded",0x100299A0
s_Out_of_tex_mem__100a9e5c,0x100A9E5C,2,1,file-static stand-in (no 1:1 original global),0x10027710
BrG_0AA838,0x100A9FC8,1,0,"named global, no address recorded",0x1000BEB0
BrG_0AA860,0x100A9FF0,1,0,"named global, no address recorded",0x1000BEB0
BrG_0AA868,0x100A9FF8,1,0,"named global, no address recorded",0x1000BEB0
g_brCViews,0x100AA044,6,1,"named global, no address recorded",0x10014800
g_brMode0AA8B4,0x100AA044,2,1,"named global, no address recorded",0x1002D362
g_BrDlTableA,0x100AA068,2,1,"named global, no address recorded",0x1002DB0B
s_HUGE_GLIST_ERROR_100aa2d4,0x100AA2D4,2,1,file-static stand-in (no 1:1 original global),0x1002CEE9
s_File__s_missing_100aa318,0x100AA318,2,1,file-static stand-in (no 1:1 original global),0x10030F50
s__u__x__d__d_100aa328,0x100AA328,2,1,file-static stand-in (no 1:1 original global),0x10031030
??_C@_0L@OHHK@splash?4img?$AA@,0x100AA3C8,3,1,"named global, no address recorded",0x10032530
??_C@_0O@FKKB@BossRally?4pod?$AA@,0x100AA3D4,3,1,"named global, no address recorded",0x10032530
s_Could_not_create_DirectPlay_obje_100aa4d8,0x100AA4D8,2,1,file-static stand-in (no 1:1 original global),0x10035400
s_DirectPlay_interface_final_insta_100aa514,0x100AA514,2,1,file-static stand-in (no 1:1 original global),0x10035660
s_Could_not_select_service_provide_100aa544,0x100AA544,2,1,file-static stand-in (no 1:1 original global),0x100356B0
s_Could_not_host_session_because_o_100aa580,0x100AA580,2,1,file-static stand-in (no 1:1 original global),0x100357E0
??_C@_0BC@JNJD@DPERR_LOGONDENIED?$AA@,0x100AA5F4,2,1,"named global, no address recorded",0x100372B0
??_C@_05HCBE@DP_OK?$AA@,0x100AA608,2,1,"named global, no address recorded",0x100372B0
??_C@_06MLMH@0x?$CF08X?$AA@,0x100AA610,2,1,"named global, no address recorded",0x100372B0
??_C@_0BC@DGN@DPERR_NOTLOGGEDIN?$AA@,0x100AA618,2,1,"named global, no address recorded",0x100372B0
??_C@_0BD@HFOF@DPERR_CANTLOADCAPI?$AA@,0x100AA62C,2,1,"named global, no address recorded",0x100372B0
??_C@_0BN@FFDA@DPERR_ENCRYPTIONNOTSUPPORTED?$AA@,0x100AA640,2,1,"named global, no address recorded",0x100372B0
??_C@_0BO@KLAJ@DPERR_CANTLOADSECURITYPACKAGE?$AA@,0x100AA660,2,1,"named global, no address recorded",0x100372B0
??_C@_0BB@FCCF@DPERR_SIGNFAILED?$AA@,0x100AA680,2,1,"named global, no address recorded",0x100372B0
??_C@_0BH@CLHJ@DPERR_ENCRYPTIONFAILED?$AA@,0x100AA694,2,1,"named global, no address recorded",0x100372B0
??_C@_0BD@KFID@DPERR_CANTLOADSSPI?$AA@,0x100AA6AC,2,1,"named global, no address recorded",0x100372B0
??_C@_0BL@IJAP@DPERR_AUTHENTICATIONFAILED?$AA@,0x100AA6C0,2,1,"named global, no address recorded",0x100372B0
??_C@_0BE@OHOB@DPERR_NOTREGISTERED?$AA@,0x100AA6DC,2,1,"named global, no address recorded",0x100372B0
??_C@_0BI@IHJN@DPERR_ALREADYREGISTERED?$AA@,0x100AA6F0,2,1,"named global, no address recorded",0x100372B0
??_C@_0BM@OCAL@DPERR_SERVICEPROVIDERLOADED?$AA@,0x100AA708,2,1,"named global, no address recorded",0x100372B0
??_C@_0BB@GNDN@DPERR_NOTLOBBIED?$AA@,0x100AA724,2,1,"named global, no address recorded",0x100372B0
??_C@_0BJ@KBJE@DPERR_UNKNOWNAPPLICATION?$AA@,0x100AA738,2,1,"named global, no address recorded",0x100372B0
??_C@_0BI@CAPJ@DPERR_NOSERVICEPROVIDER?$AA@,0x100AA754,2,1,"named global, no address recorded",0x100372B0
??_C@_0BH@NOFK@DPERR_INVALIDINTERFACE?$AA@,0x100AA76C,2,1,"named global, no address recorded",0x100372B0
??_C@_0BE@PIBM@DPERR_APPNOTSTARTED?$AA@,0x100AA784,2,1,"named global, no address recorded",0x100372B0
??_C@_0BI@GPHA@DPERR_CANTCREATEPROCESS?$AA@,0x100AA798,2,1,"named global, no address recorded",0x100372B0
??_C@_0BF@ECHL@DPERR_BUFFERTOOLARGE?$AA@,0x100AA7B0,2,1,"named global, no address recorded",0x100372B0
??_C@_0BB@HALE@DPERR_CONNECTING?$AA@,0x100AA7C8,2,1,"named global, no address recorded",0x100372B0
??_C@_0BG@DLLB@DPERR_INVALIDPASSWORD?$AA@,0x100AA7DC,2,1,"named global, no address recorded",0x100372B0
??_C@_0BD@PEPJ@DPERR_NONEWPLAYERS?$AA@,0x100AA7F4,2,1,"named global, no address recorded",0x100372B0
??_C@_0BE@PJKK@DPERR_UNINITIALIZED?$AA@,0x100AA808,2,1,"named global, no address recorded",0x100372B0
??_C@_0BC@HCBE@DPERR_SESSIONLOST?$AA@,0x100AA81C,2,1,"named global, no address recorded",0x100372B0
??_C@_0BB@DHID@DPERR_PLAYERLOST?$AA@,0x100AA830,2,1,"named global, no address recorded",0x100372B0
??_C@_0BJ@PKBA@DPERR_CANNOTCREATESERVER?$AA@,0x100AA844,2,1,"named global, no address recorded",0x100372B0
??_C@_0BB@DEPF@DPERR_USERCANCEL?$AA@,0x100AA860,2,1,"named global, no address recorded",0x100372B0
??_C@_0L@NBGB@DPERR_BUSY?$AA@,0x100AA874,2,1,"named global, no address recorded",0x100372B0
??_C@_0BC@MPPN@DPERR_UNAVAILABLE?$AA@,0x100AA880,2,1,"named global, no address recorded",0x100372B0
??_C@_0O@KDFP@DPERR_TIMEOUT?$AA@,0x100AA894,2,1,"named global, no address recorded",0x100372B0
??_C@_0BB@GKEG@DPERR_SENDTOOBIG?$AA@,0x100AA8A4,2,1,"named global, no address recorded",0x100372B0
??_C@_0BB@BHBA@DPERR_NOSESSIONS?$AA@,0x100AA8B8,2,1,"named global, no address recorded",0x100372B0
??_C@_0BA@MGKH@DPERR_NOPLAYERS?$AA@,0x100AA8CC,2,1,"named global, no address recorded",0x100372B0
??_C@_0BI@KFMN@DPERR_NONAMESERVERFOUND?$AA@,0x100AA8DC,2,1,"named global, no address recorded",0x100372B0
??_C@_0BB@FAOE@DPERR_NOMESSAGES?$AA@,0x100AA8F4,2,1,"named global, no address recorded",0x100372B0
??_C@_0BD@JLI@DPERR_NOCONNECTION?$AA@,0x100AA908,2,1,"named global, no address recorded",0x100372B0
??_C@_0N@FDKF@DPERR_NOCAPS?$AA@,0x100AA91C,2,1,"named global, no address recorded",0x100372B0
??_C@_0BD@LOLF@DPERR_INVALIDGROUP?$AA@,0x100AA92C,2,1,"named global, no address recorded",0x100372B0
??_C@_0BE@FMNI@DPERR_INVALIDPLAYER?$AA@,0x100AA940,2,1,"named global, no address recorded",0x100372B0
??_C@_0BE@LGCA@DPERR_INVALIDOBJECT?$AA@,0x100AA954,2,1,"named global, no address recorded",0x100372B0
??_C@_0BD@HKEK@DPERR_INVALIDFLAGS?$AA@,0x100AA968,2,1,"named global, no address recorded",0x100372B0
??_C@_0BA@MELA@DPERR_EXCEPTION?$AA@,0x100AA97C,2,1,"named global, no address recorded",0x100372B0
??_C@_0BK@BKDD@DPERR_CAPSNOTAVAILABLEYET?$AA@,0x100AA98C,2,1,"named global, no address recorded",0x100372B0
??_C@_0BI@NINM@DPERR_CANTCREATESESSION?$AA@,0x100AA9A8,2,1,"named global, no address recorded",0x100372B0
??_C@_0BH@PAOG@DPERR_CANTCREATEPLAYER?$AA@,0x100AA9C0,2,1,"named global, no address recorded",0x100372B0
??_C@_0BG@IAEB@DPERR_CANTCREATEGROUP?$AA@,0x100AA9D8,2,1,"named global, no address recorded",0x100372B0
??_C@_0BE@FLAJ@DPERR_CANTADDPLAYER?$AA@,0x100AA9F0,2,1,"named global, no address recorded",0x100372B0
??_C@_0BF@DJPD@DPERR_BUFFERTOOSMALL?$AA@,0x100AAA04,2,1,"named global, no address recorded",0x100372B0
??_C@_0BE@OOHJ@DPERR_ACTIVEPLAYERS?$AA@,0x100AAA1C,2,1,"named global, no address recorded",0x100372B0
??_C@_0BD@FECJ@DPERR_ACCESSDENIED?$AA@,0x100AAA30,2,1,"named global, no address recorded",0x100372B0
??_C@_0BJ@JDAH@DPERR_ALREADYINITIALIZED?$AA@,0x100AAA44,2,1,"named global, no address recorded",0x100372B0
??_C@_0BE@OJIJ@DPERR_INVALIDPARAMS?$AA@,0x100AAA60,2,1,"named global, no address recorded",0x100372B0
??_C@_0BC@GEJJ@DPERR_OUTOFMEMORY?$AA@,0x100AAA74,2,1,"named global, no address recorded",0x100372B0
??_C@_0O@PAAE@DPERR_GENERIC?$AA@,0x100AAA88,2,1,"named global, no address recorded",0x100372B0
??_C@_0BC@MPMN@DPERR_NOINTERFACE?$AA@,0x100AAA98,2,1,"named global, no address recorded",0x100372B0
??_C@_0BC@MDM@DPERR_UNSUPPORTED?$AA@,0x100AAAAC,2,1,"named global, no address recorded",0x100372B0
??_C@_0O@HJAJ@DPERR_PENDING?$AA@,0x100AAAC0,2,1,"named global, no address recorded",0x100372B0
g_br0AB3D8,0x100AAB78,8,1,"named global, no address recorded",0x10038060 0x1003C240 0x1003C2B0
g_w0AB3DC,0x100AAB7C,2,1,"named global, no address recorded",0x10040EB0
g_br0AB3E0,0x100AAB80,3,1,"named global, no address recorded",0x1003CD00
g_br0AB3E8,0x100AAB88,18,1,"named global, no address recorded",0x1003DA90
g_br0AB3F4,0x100AAB94,2,1,"named global, no address recorded",0x1003BA30
g_i0AB3F4,0x100AAB94,12,1,"named global, no address recorded",0x10038220 0x1003AF60 0x1003B970
g_hot1,0x100AABB8,8,1,"named global, no address recorded",0x10040EB0
g_hot2,0x100AABC8,8,1,"named global, no address recorded",0x10040EB0
g_hot0,0x100AABE8,8,1,"named global, no address recorded",0x10040EB0
g_aBrUiSprite,0x100AAD08,14,1,"named global, no address recorded",0x10040E20 0x10054550 0x100545C0 0x10055090
g_AC300,0x100ABAA0,7,1,"named global, no address recorded",0x1001CD50 0x1005EDC0 0x1005F220
g_i0AC300,0x100ABAA0,2,1,"named global, no address recorded",0x1002E79F
g_br0AC304,0x100ABAA4,8,1,"named global, no address recorded",0x1003E5A0 0x1003F820
g_aBrAC368,0x100ABB08,3,1,"named global, no address recorded",0x1003C080
g_aBrAC3B0,0x100ABB50,3,1,"named global, no address recorded",0x1003C6D0
g_aBrAC3C8,0x100ABB68,3,1,"named global, no address recorded",0x1003DB50
g_aBrAC420,0x100ABBC0,6,1,"named global, no address recorded",0x10037B20 0x1003C080
g_aBrAC4A0,0x100ABC40,6,1,"named global, no address recorded",0x10037B20 0x1003C310
g_aBrAC4B0,0x100ABC50,6,1,"named global, no address recorded",0x10037B20 0x1003C370
g_aBrAC4C0,0x100ABC60,6,1,"named global, no address recorded",0x10037B20 0x1003C6D0
g_aBrAC4D8,0x100ABC78,3,1,"named global, no address recorded",0x10037B20
g_aBrAC518,0x100ABCB8,6,1,"named global, no address recorded",0x10037B20 0x1003C3D0
g_aBrAC520,0x100ABCC0,3,1,"named global, no address recorded",0x1003C950
k_AC570$S466,0x100ABD10,1,0,file-static stand-in (no 1:1 original global),0x10039CE0
k_AC570$S483,0x100ABD10,1,0,file-static stand-in (no 1:1 original global),0x10039CE0
k_AC590$S467,0x100ABD30,1,0,file-static stand-in (no 1:1 original global),0x10039D20
k_AC590$S484,0x100ABD30,1,0,file-static stand-in (no 1:1 original global),0x10039D20
k_AC598$S468,0x100ABD38,1,0,file-static stand-in (no 1:1 original global),0x10039DB0
k_AC598$S485,0x100ABD38,1,0,file-static stand-in (no 1:1 original global),0x10039DB0
k_AC59C$S469,0x100ABD3C,1,0,file-static stand-in (no 1:1 original global),0x10039DD0
k_AC59C$S486,0x100ABD3C,1,0,file-static stand-in (no 1:1 original global),0x10039DD0
k_AC5A0$S470,0x100ABD40,1,0,file-static stand-in (no 1:1 original global),0x10039DF0
k_AC5A0$S487,0x100ABD40,1,0,file-static stand-in (no 1:1 original global),0x10039DF0
k_AC628$S471,0x100ABDC8,1,0,file-static stand-in (no 1:1 original global),0x1003ADD0
k_AC628$S488,0x100ABDC8,1,0,file-static stand-in (no 1:1 original global),0x1003ADD0
k_AC62C$S472,0x100ABDCC,1,0,file-static stand-in (no 1:1 original global),0x10039E70
k_AC62C$S489,0x100ABDCC,1,0,file-static stand-in (no 1:1 original global),0x10039E70
k_AC630$S473,0x100ABDD0,2,1,file-static stand-in (no 1:1 original global),0x10039E90
k_AC630$S490,0x100ABDD0,2,1,file-static stand-in (no 1:1 original global),0x10039E90
k_AC634$S474,0x100ABDD4,1,0,file-static stand-in (no 1:1 original global),0x10039EF0
k_AC634$S491,0x100ABDD4,1,0,file-static stand-in (no 1:1 original global),0x10039EF0
k_AC638$S475,0x100ABDD8,1,0,file-static stand-in (no 1:1 original global),0x10039F10
k_AC638$S492,0x100ABDD8,1,0,file-static stand-in (no 1:1 original global),0x10039F10
k_AC640$S476,0x100ABDE0,1,0,file-static stand-in (no 1:1 original global),0x10039ED0
k_AC640$S493,0x100ABDE0,1,0,file-static stand-in (no 1:1 original global),0x10039ED0
g_br0AC648,0x100ABDE8,18,1,"named global, no address recorded",0x10037920 0x10037B20
g_br0AC64C,0x100ABDEC,27,1,"named global, no address recorded",0x10037920 0x10037B20 0x1003C310
g_br0AC650,0x100ABDF0,27,1,"named global, no address recorded",0x10037920 0x10037B20 0x1003C370
g_br0AC654,0x100ABDF4,75,1,"named global, no address recorded",0x10037920 0x10037B20 0x1003C080 0x1003DA90
g_br0AC658,0x100ABDF8,8,1,"named global, no address recorded",0x10037920 0x10037B20 0x1003C600
g_br0AC65C,0x100ABDFC,30,1,"named global, no address recorded",0x10037920 0x10037B20 0x1003C1D0
g_i0AC65C,0x100ABDFC,2,1,"named global, no address recorded",0x10037F40
g_br0AC6A4,0x100ABE44,3,1,"named global, no address recorded",0x10040990
g_BrGlyphFontA12,0x100ABE84,8,1,"named global, no address recorded",0x10053EF0 0x10053F80
g_BrGlyphFontB12,0x100AC2FC,4,1,"named global, no address recorded",0x10053F80
??_C@_01PCFE@?2?$AA@,0x100ACACC,2,1,"named global, no address recorded",0x10063860
??_C@_02IHLC@?5?5?$AA@,0x100ACADC,2,1,"named global, no address recorded",0x1003A070
??_C@_0N@JCIO@AutoSave?4brf?$AA@,0x100ACAE8,3,1,"named global, no address recorded",0x1003B0B0
s_brf_100acaf8,0x100ACAF8,4,1,file-static stand-in (no 1:1 original global),0x1003B350 0x1003B580
s_RallySeason_100acb00,0x100ACB00,8,1,file-static stand-in (no 1:1 original global),0x1003B350 0x1003B580 0x10055AF0 0x10055C50
s_grf_100acb0c,0x100ACB0C,4,1,file-static stand-in (no 1:1 original global),0x1003BAC0 0x1003BCA0
s_TimeAttack_100acb14,0x100ACB14,6,1,file-static stand-in (no 1:1 original global),0x1003BAC0 0x1003BCA0 0x10055C50
s_seasondesc_dat_100acb4c,0x100ACB4C,2,1,file-static stand-in (no 1:1 original global),0x10055A40
s_Paint__s_100b2e4c,0x100B2E4C,2,1,file-static stand-in (no 1:1 original global),0x1005A080
g_brRaceNDriver,0x100B2F00,6,1,"named global, no address recorded",0x10019A10
g_BrCarCount,0x100B2F04,2,1,"named global, no address recorded",0x1002E79F
g_brRaceNCar,0x100B2F04,6,1,"named global, no address recorded",0x10014E00 0x1005FF00
g_aBr0B37D0,0x100B2FD8,6,1,"named global, no address recorded",0x10004D30
BrG_0B380C,0x100B3014,6,1,"named global, no address recorded",0x1002CB49 0x1005A6E0
g_Br0B380C,0x100B3014,12,1,"named global, no address recorded",0x1002DB0B 0x1003C430 0x10061280
g_br0B380C,0x100B3014,6,1,"named global, no address recorded",0x10037B20
g_brCfgChosenTrack,0x100B3014,5,1,"named global, no address recorded",0x1005FF00 0x100611F0
g_brStages,0x100B3018,10,1,"named global, no address recorded",0x10039D20 0x1003A860 0x1003AD10
g_aBr0B3820,0x100B3028,6,1,"named global, no address recorded",0x10037B20
g_aBrRacePlaceMsg,0x100B3168,1,0,"named global, no address recorded",0x1005FF00
g_0B39B0,0x100B31B8,4,1,"named global, no address recorded",0x100609B0 0x100609D0
g_0B3A68,0x100B3270,6,1,"named global, no address recorded",0x100609F0 0x10060A10
??_C@_0CO@BKDB@MakeEnemyCarColorPanels?3?5penm?9?$DOa@,0x100B3508,2,1,"named global, no address recorded",0x1005EDC0
??_C@_0CO@MJL@MakeEnemyCarColorPanels?3?5penm?9?$DOa@,0x100B3538,2,1,"named global, no address recorded",0x1005EDC0
??_C@_0CO@DHGE@MakeEnemyCarColorPanels?3?5penm?9?$DOa@,0x100B3568,2,1,"named global, no address recorded",0x1005EDC0
??_C@_0CO@CBMO@MakeEnemyCarColorPanels?3?5penm?9?$DOa@,0x100B3598,2,1,"named global, no address recorded",0x1005EDC0
??_C@_0CI@BILD@MakeEnemyCarColorPanels?3?5penm?9?$DOa@,0x100B35C8,2,1,"named global, no address recorded",0x1005EDC0
??_C@_0CF@LCLN@MakeEnemyCarColorPanels?3?5penm?9?$DOa@,0x100B35F0,2,1,"named global, no address recorded",0x1005EDC0
??_C@_0BK@MAOO@lapping?5?$CFd?5back?5to?50?5?$CIb?$CJ?6?$AA@,0x100B3698,1,0,"named global, no address recorded",0x1005FF00
??_C@_0CN@DILL@granting?5technically?9earned?5lap?5@,0x100B36B4,1,0,"named global, no address recorded",0x1005FF00
??_C@_04NKLF@?$CF?$CFry?$AA@,0x100B36E4,1,0,"named global, no address recorded",0x1005FF00
??_C@_0BK@BHOF@?$CK?$CK?$CK?$CK?$CK?$CK?$CK?5LAP?5?$CD?$CFd?5?$CK?$CK?$CK?$CK?$CK?$CK?$CK?$CK?6?$AA@,0x100B36EC,2,1,"named global, no address recorded",0x1005FF00
??_C@_0BK@DGNF@lapping?5?$CFd?5back?5to?50?5?$CIa?$CJ?6?$AA@,0x100B3708,1,0,"named global, no address recorded",0x1005FF00
??_C@_0BK@FMJN@veh?9?$DOlapTimeFinal?$FL?$CFd?$FN?$DN?$CFf?6?$AA@,0x100B3724,2,1,"named global, no address recorded",0x1005FF00
??_C@_0CK@PJEB@moved?5ahead?5one?5gate?0?5getting?5?$CFf@,0x100B3740,1,0,"named global, no address recorded",0x1005FF00
??_C@_0CK@OFLP@?$CFd?5went?5forward?0?5from?5gate?5?$CFd?5to@,0x100B376C,1,0,"named global, no address recorded",0x1005FF00
??_C@_0BK@KLKO@lapping?5?$CFd?5forward?5to?5?91?6?$AA@,0x100B3798,1,0,"named global, no address recorded",0x1005FF00
??_C@_0CD@IIE@Hmm?5?$CFd?5?$DN?$DN?5?$CFd?5?$CF?$CF?5?$CFd?5?$CG?$CG?5?$CFd?5?$DM?50?5?$DP?5?$CF@,0x100B37B4,1,0,"named global, no address recorded",0x1005FF00
??_C@_0CM@GMIO@?$CFd?5went?5backwards?0?5from?5gate?5?$CFd?5@,0x100B37D8,1,0,"named global, no address recorded",0x1005FF00
g_brRaceNEntrant,0x100B3858,8,1,"named global, no address recorded",0x1005FF00 0x10062850
s_sizeof_Enemy___d_100b385c,0x100B385C,2,1,file-static stand-in (no 1:1 original global),0x100628B0
s_sizeof_Vehicle___d_100b3870,0x100B3870,2,1,file-static stand-in (no 1:1 original global),0x100628B0
s_sizeof_UltraCarHeader___d_100b3884,0x100B3884,2,1,file-static stand-in (no 1:1 original global),0x100628B0
g_BrCtrlDefaults,0x100B38A0,20,1,"named global, no address recorded",0x10062B10 0x10062D00
BrGlCfgMagic,0x100B4C20,4,1,"named global, no address recorded",0x100634B0
g_BrFpsCountB,0x100B4C28,2,1,"named global, no address recorded",0x10011EA0
g_BrFpsGateB,0x100B4C2C,1,0,"named global, no address recorded",0x10011EA0
BrSndG0B5DE8,0x100B55F0,32,1,"named global, no address recorded",0x1006B4F0 0x1006B530 0x1006B5B0 0x1006B5F0 0x1006B670 0x1006B6E0 0x1006B730 0x1006B880 0x1006BA00 0x1006BAA0 0x1006BB10 0x1006BD70 0x1006BF50 0x1006C010 0x1006C460 0x1006C4D0
BrSndVoices,0x100B55F8,1,0,"named global, no address recorded",0x1006B880
g_0B6540,0x100B5D48,4,1,"named global, no address recorded",0x1006BFF0 0x1006C010
g_0B6C00,0x100B6408,7,1,"named global, no address recorded",0x1006BFD0 0x1006BFF0 0x1006C010
g_0B6C48,0x100B6450,4,1,"named global, no address recorded",0x1006BFF0 0x1006C010
??_C@_0N@MAA@BRString?4dll?$AA@,0x100B74B0,4,1,"named global, no address recorded",0x1006D1A0
s_tracks__100b74c0,0x100B74C0,3,1,file-static stand-in (no 1:1 original global),0x10031140 0x100311C0
PTR_s_desert_trk_100b78c0,0x100B78C0,3,1,"named global, no address recorded",0x10031140 0x100311C0
BrSfxCarCode,0x100B7CFC,6,1,"named global, no address recorded",0x1006C010
g_aBrCfgSfxDir,0x100B7D40,6,1,"named global, no address recorded",0x1006C010
s_level$S217,0x100B8498,3,1,file-static stand-in (no 1:1 original global),0x10029B10
s_level$S234,0x100B8498,6,1,file-static stand-in (no 1:1 original global),0x10029B10
PTR_FUN_100b849c,0x100B849C,6,1,"named global, no address recorded",0x10063940 0x10063970 0x100639D0
g_0B94A8,0x100B8CB0,3,1,"named global, no address recorded",0x1006C850
g_0B9CB0,0x100B94B8,3,1,"named global, no address recorded",0x1006C820
g_br0BBAC8$S22707,0x100BB2D0,1,0,file-static stand-in (no 1:1 original global),0x1006E3B0
g_br0BBAC8$S22724,0x100BB2D0,2,1,file-static stand-in (no 1:1 original global),0x1006E3B0
PTR_s_cargfx_skytexdesert_lut4_100bb30c,0x100BB30C,2,1,"named global, no address recorded",0x100311C0
PTR_s_cargfx_skytexdesertn_lut4_100bb314,0x100BB314,2,1,"named global, no address recorded",0x100311C0
PTR_PTR_100bcab0,0x100BCAB0,3,1,"named global, no address recorded",0x1003C430
g_apBrRaceDiff,0x100BCAB0,1,0,"named global, no address recorded",0x1005FF00
g_br0BD3E0,0x100BCBE8,13,1,"named global, no address recorded",0x10037B20 0x1003C600
g_br100BCBE8,0x100BCBE8,2,1,"named global, no address recorded",0x10019350
g_brLapBound,0x100BCBE8,3,1,"named global, no address recorded",0x10014800 0x10059820
g_brRaceNLap,0x100BCBE8,4,1,"named global, no address recorded",0x1005FF00
g_br0BCBF4,0x100BCBF4,2,1,"named global, no address recorded",0x10014800
g_br0BD430,0x100BCC38,2,1,"named global, no address recorded",0x10072100
g_br0BD438,0x100BCC40,9,1,"named global, no address recorded",0x10072140 0x10072180 0x100721C0
g_ab0C12A0,0x100BCDD0,2,1,"named global, no address recorded",0x1006FCB0
g_hudSpriteTable,0x100BCDD0,5,1,"named global, no address recorded",0x100140B0 0x1002EBD1
g_a220B20,0x1021C650,9,1,"named global, no address recorded",0x10032680 0x1006A070
g_brCdTrackLast,0x1021C768,17,1,"named global, no address recorded",0x10002870 0x10002980 0x10002B20 0x10002C00 0x10002CB0 0x10002CF0
g_220C3C,0x1021C76C,11,1,"named global, no address recorded",0x10002760 0x10002D60 0x10002E20
g_brCdMediaOk,0x1021C76C,31,1,"named global, no address recorded",0x100027B0 0x100027E0 0x10002830 0x10002980 0x10002B20 0x10002BA0 0x10002E80 0x10002ED0 0x10002F30 0x10002F90 0x10002FD0
g_220C40,0x1021C770,28,1,"named global, no address recorded",0x100027E0 0x10002870 0x10002980 0x10002BA0 0x10002E20 0x10002FD0
g_br1021C770,0x1021C770,2,1,"named global, no address recorded",0x100194C0
g_brCdTrackFirst,0x1021C774,12,1,"named global, no address recorded",0x10002980 0x10002B20 0x10002C70 0x10002CF0
g_brEarEvent,0x1021C780,10,1,"named global, no address recorded",0x10002B20
g_220CD0,0x1021C800,8,1,"named global, no address recorded",0x10002760 0x10002D60 0x10002E20
g_brCdPlaying,0x1021C800,40,1,"named global, no address recorded",0x100027B0 0x100027E0 0x10002830 0x10002980 0x10002B20 0x10002BA0 0x10002C70 0x10002CB0 0x10002CF0 0x10002E80 0x10002ED0 0x10002F30 0x10002F90 0x10002FD0
g_brCdTrackCur,0x1021C804,36,1,"named global, no address recorded",0x100027B0 0x10002830 0x10002980 0x10002B20 0x10002BA0 0x10002C00 0x10002C70 0x10002CB0 0x10002CF0 0x10002E80
g_220CD8,0x1021C808,11,1,"named global, no address recorded",0x10002980 0x10002BA0 0x10002DC0 0x10002E20
BrChkVerbose,0x1021C810,6,1,"named global, no address recorded",0x10003320 0x100035E0 0x10003680
g_brClockOffset,0x1021C908,2,1,"named global, no address recorded",0x10003810
g_brH220DDC,0x1021C90C,13,1,"named global, no address recorded",0x10004F90 0x10005E80 0x10005F50
g_a10221288,0x1021CDB8,5,1,"named global, no address recorded",0x10006100 0x10006350
g_brNetPktTick,0x1021CE40,2,1,"named global, no address recorded",0x10004C40
g_br221314,0x1021CE44,6,1,"named global, no address recorded",0x10004F90
g_i10221318,0x1021CE48,10,1,"named global, no address recorded",0x10006100 0x10006350
g_brH221324,0x1021CE54,19,1,"named global, no address recorded",0x10004F20 0x10005760 0x10005E80 0x10005F50
slots,0x1021CE58,10,1,"named global, no address recorded",0x10004DC0 0x10006350
g_br22AAA8,0x102265D8,6,1,"named global, no address recorded",0x10004F20 0x10005760
g_aBrPing,0x102265E0,8,1,"named global, no address recorded",0x10003810
g_br22AAF4,0x10226624,6,1,"named global, no address recorded",0x10004F50
g_brH22AF04,0x10226A34,13,1,"named global, no address recorded",0x10004F50 0x10005E80 0x10005F50
g_br10226A44,0x10226A44,2,1,"named global, no address recorded",0x10019350
g_br10226A48,0x10226A48,2,1,"named global, no address recorded",0x10019350
g_brRaceNet,0x10226A48,3,1,"named global, no address recorded",0x100623A0
g_h1022AF30,0x10226A60,20,1,"named global, no address recorded",0x10005E80 0x10005F50 0x10006100 0x10006350
g_hBrNetMutex,0x10226A64,4,1,"named global, no address recorded",0x10004C40
g_brPingHead,0x10226A68,6,1,"named global, no address recorded",0x10003810
g_brPingBestRtt,0x10226A6C,4,1,"named global, no address recorded",0x10003810
g_brTexSysMem,0x10226E78,3,1,"named global, no address recorded",0x10029B10
g_br22B34C,0x10226E7C,9,1,"named global, no address recorded",0x10005760 0x10037B20 0x1003C080
g_br22B350,0x10226E80,9,1,"named global, no address recorded",0x10037B20 0x1003C6D0
g_BrPodDir,0x10226E88,2,1,"named global, no address recorded",0x10008BE0
g_BrPodCount,0x10272E88,4,1,"named global, no address recorded",0x10008BE0
g_BrPodFile,0x10272E8C,4,1,"named global, no address recorded",0x10008BE0
g_BrDPlay$S693,0x10273304,1,0,file-static stand-in (no 1:1 original global),0x10009970
g_BrDPlay$S710,0x10273304,1,0,file-static stand-in (no 1:1 original global),0x10009970
g_BrDPlayCrit$S742,0x10273310,2,1,file-static stand-in (no 1:1 original global),0x10009A40 0x10009B00
g_BrDPlayCrit$S759,0x10273310,2,1,file-static stand-in (no 1:1 original global),0x10009A40 0x10009B00
g_brP277B40,0x10273328,62,1,"named global, no address recorded",0x10005760 0x10005F50 0x10035400 0x100356B0 0x100357E0 0x10035870 0x10035BE0 0x100361A0 0x10036510 0x10036F40 0x1003C080 0x1003C430 0x1003C600 0x1003C6D0 0x1003CF50 0x1003D6F0 0x1003DB50 0x1006A5F0
g_br277B48,0x10273330,3,1,"named global, no address recorded",0x10005760
g_BrCarVisAny,0x10273350,6,1,"named global, no address recorded",0x10009FC0
g_BrDrawWorld,0x10273570,6,1,"named global, no address recorded",0x10009C10
g_BrCarMtxSlot,0x102735B0,1,0,"named global, no address recorded",0x1000BEB0
g_BrDrawFogAlpha,0x102735FC,2,1,"named global, no address recorded",0x10009C10
g_BrCarLightSlot,0x10273600,4,1,"named global, no address recorded",0x1000BEB0
g_BrDrawRenderMode,0x10273644,4,1,"named global, no address recorded",0x10009C10
g_BrCarVisOpaque,0x10273648,5,1,"named global, no address recorded",0x10009FC0 0x1000BEB0
g_2E54C0,0x102E0CA8,11,1,"named global, no address recorded",0x1000C9C0 0x1000DC00
g_2E5E98,0x102E1680,3,1,"named global, no address recorded",0x1000C9C0
g_2E5ECC,0x102E16B4,23,1,"named global, no address recorded",0x1000C9C0 0x1000DC00
g_363F68,0x1035F750,3,1,"named global, no address recorded",0x1000CB80
g_364308,0x1035FAF0,3,1,"named global, no address recorded",0x1000CB80
??_C@_00A@?$AA@,0x10396F08,1,0,"named global, no address recorded",0x1005FF00
g_aBr39B720,0x10396F08,17,1,"named global, no address recorded",0x1003BA30 0x1003C080 0x1003C600 0x1003C6D0 0x1003CF50 0x1003DB50
g_szBrEmpty396F08,0x10396F08,4,1,"named global, no address recorded",0x100386B0
g_br4B0358,0x104ABB40,3,1,"named global, no address recorded",0x10016820
g_4B035C,0x104ABB44,3,1,"named global, no address recorded",0x10016830
g_br4B035C,0x104ABB44,6,1,"named global, no address recorded",0x10016840 0x10016850
g_4B0360,0x104ABB48,3,1,"named global, no address recorded",0x10016810
g_br4B0360,0x104ABB48,3,1,"named global, no address recorded",0x10016800
g_vPfxDrift,0x104ADD40,3,1,"named global, no address recorded",0x10033880
g_brCarPhysWeather,0x104B15E8,7,1,"named global, no address recorded",0x1005FF00 0x100628B0 0x100651A0 0x10067F30
g_575454,0x104B15FC,2,1,"named global, no address recorded",0x10002D60
g_pfn57546C,0x104B1614,2,1,"named global, no address recorded",0x10002B20
g_575470,0x104B1618,3,1,"named global, no address recorded",0x10002760
g_brEarMsg,0x104B1620,2,1,"named global, no address recorded",0x100194C0
g_pfn575480,0x104B1628,2,1,"named global, no address recorded",0x10002B20
g_4B16A0,0x104B16A0,4,1,"named global, no address recorded",0x1000BEB0 0x10017F60
g_4B16AC,0x104B16AC,4,1,"named global, no address recorded",0x1000BEB0 0x10017F60
g_brSegHostBase,0x104B16E0,4,1,"named global, no address recorded",0x100189E0 0x10018A10
g_brSegN64Base,0x104B16E4,6,1,"named global, no address recorded",0x100189E0 0x10018A10 0x10019210
g_br675540,0x105B16E8,2,1,"named global, no address recorded",0x10018A40
g_br67B548,0x105B76F0,2,1,"named global, no address recorded",0x10019000
g_brRca67B548,0x105B76F0,3,1,"named global, no address recorded",0x10018A30
g_brRca67B54C,0x105B76F4,3,1,"named global, no address recorded",0x10018A30
g_br67B550,0x105B76F8,2,1,"named global, no address recorded",0x10019000
g_67D550,0x105B96F8,3,1,"named global, no address recorded",0x100189C0
g_brOwner5BC72C,0x105BC72C,4,1,"named global, no address recorded",0x100386B0 0x1006C4D0
g_brP680584,0x105BC72C,38,1,"named global, no address recorded",0x100355F0 0x100356B0 0x10035870 0x100358C0 0x100378C0 0x1003C080 0x1003C430 0x1003C600 0x1003C6D0 0x1003CF50 0x1003DB50 0x100592D0 0x100703D0
g_brhWnd,0x105BC72C,2,1,"named global, no address recorded",0x100194C0
g_brhInstance,0x105BC730,4,1,"named global, no address recorded",0x10019670
s_args$S275,0x105BC730,4,1,file-static stand-in (no 1:1 original global),0x1001CC00
s_args$S292,0x105BC730,4,1,file-static stand-in (no 1:1 original global),0x1001CC00
g_brActivateGate1,0x105BC740,6,1,"named global, no address recorded",0x10019350 0x10070370
g_brActivateGate2,0x105BC744,2,1,"named global, no address recorded",0x10070370
g_brActivateGate3,0x105BC748,4,1,"named global, no address recorded",0x10019350 0x10070370
g_brRaceBeginStage,0x105BC760,3,1,"named global, no address recorded",0x10019900
g_br6806B0,0x105BC858,6,1,"named global, no address recorded",0x10019810 0x10019830
g_br105BC8DC,0x105BC8DC,2,1,"named global, no address recorded",0x10019350
g_BrFpsSamplesA,0x105BC900,1,0,"named global, no address recorded",0x10011EA0
g_brRaceClockCount,0x105BCAE4,3,1,"named global, no address recorded",0x10019A40
BrG_6909B4,0x105CCB5C,4,1,"named global, no address recorded",0x1002CB49 0x10059D30
g_BrX06909B4,0x105CCB5C,3,1,"named global, no address recorded",0x10063AD0
g_br105CCB5C,0x105CCB5C,6,1,"named global, no address recorded",0x10019350 0x100194C0
g_br5CCB5C,0x105CCB5C,1,0,"named global, no address recorded",0x1002F380
g_brRacePaused,0x105CCB5C,3,1,"named global, no address recorded",0x10019890
g_BrX06909E0,0x105CCB88,23,1,"named global, no address recorded",0x10063B80 0x10063CC0
g_br105CCB88,0x105CCB88,4,1,"named global, no address recorded",0x10019350
g_brFlag6909E0,0x105CCB88,14,1,"named global, no address recorded",0x10002310 0x10072100 0x10072140 0x10072180 0x100721C0
g_brRaceReplay,0x105CCB88,5,1,"named global, no address recorded",0x10014E00 0x1005FF00
g_brAppFrame,0x105CCBB8,3,1,"named global, no address recorded",0x1001CDB0
g_690A14,0x105CCBBC,3,1,"named global, no address recorded",0x1001CD50
g_brAppState,0x105CCBBC,12,1,"named global, no address recorded",0x1001CD70 0x1001CDA0 0x1001CDD0 0x1001CF80
g_brAppExitCode,0x105CCBC0,4,1,"named global, no address recorded",0x1001CC00
BrGlAtestFuncShadow,0x105CCC70,14,1,"named global, no address recorded",0x10021270
BrGbiRectG_5CCCF8,0x105CCCF8,1,0,"named global, no address recorded",0x100215C0
BrGlFillR,0x105CCD40,1,0,"named global, no address recorded",0x1001E380
BrGbiRectG_5CCD44,0x105CCD44,1,0,"named global, no address recorded",0x100215C0
BrGlBlendSrcA,0x105CCFD4,14,1,"named global, no address recorded",0x10021270
BrGlFillG,0x105CCFD8,1,0,"named global, no address recorded",0x1001E380
g_br4BC198,0x105CCFDC,1,0,"named global, no address recorded",0x10023920
BrGlClipMaxY,0x105CCFE0,3,1,"named global, no address recorded",0x1001E380
BrGlBlendDstA,0x105CCFE4,14,1,"named global, no address recorded",0x10021270
BrGlPrimA,0x105CD9F0,1,0,"named global, no address recorded",0x1001E380
BrGbiRectG_5CD9F4,0x105CD9F4,1,0,"named global, no address recorded",0x100215C0
g_pClipFree$S414,0x105CDA00,2,1,file-static stand-in (no 1:1 original global),0x1001F200
g_pClipFree$S431,0x105CDA00,2,1,file-static stand-in (no 1:1 original global),0x1001F200
BrGbiRectG_5CDA04,0x105CDA04,1,0,"named global, no address recorded",0x100215C0
BrGlCombineDecal,0x105CDA04,6,1,"named global, no address recorded",0x1001E7A0
g_brDlFogSel,0x105CDA04,3,1,"named global, no address recorded",0x1001FD70
BrGlFillA,0x105CE208,1,0,"named global, no address recorded",0x1001E380
BrGbiRectG_5CE2D0,0x105CE2D0,1,0,"named global, no address recorded",0x100215C0
BrGlPrimB,0x105CE2D0,1,0,"named global, no address recorded",0x1001E380
BrGlRectMode,0x105CE2D4,1,0,"named global, no address recorded",0x1001E380
g_brGbi4C1694,0x105CE2D4,2,1,"named global, no address recorded",0x10021250
BrGlDepthFuncShadow,0x105CE2E0,6,1,"named global, no address recorded",0x10021270
g_brDlDepthFn,0x105CE2E0,6,1,"named global, no address recorded",0x1001FD70
g_aBrDlVtxPool,0x105CE318,240,1,"named global, no address recorded",0x1001ECF0 0x1001FF60 0x10020460 0x10020900
BrGlBlendDstRGB,0x105D1758,14,1,"named global, no address recorded",0x10021270
BrGlFillB,0x105D17A0,1,0,"named global, no address recorded",0x1001E380
BrGbiRectG_5D17A4,0x105D17A4,1,0,"named global, no address recorded",0x100215C0
BrGlPrimR,0x105D17A4,1,0,"named global, no address recorded",0x1001E380
BrGlBlendSrcRGB,0x105D17A8,14,1,"named global, no address recorded",0x10021270
BrGlCombineW0,0x105D17AC,1,0,"named global, no address recorded",0x1001E380
BrGlCombineW1,0x105D17B0,1,0,"named global, no address recorded",0x1001E380
BrGbiRectG_5D17B4,0x105D17B4,1,0,"named global, no address recorded",0x100215C0
BrGlPrimG,0x105D17B4,1,0,"named global, no address recorded",0x1001E380
BrGlClipMaxX,0x105D17B8,3,1,"named global, no address recorded",0x1001E380
BrGlClipMinX,0x105D17BC,3,1,"named global, no address recorded",0x1001E380
BrGlClipMinY,0x105D17C0,3,1,"named global, no address recorded",0x1001E380
BrGbiRectG_5D17C4,0x105D17C4,1,0,"named global, no address recorded",0x100215C0
g_brGbi4C5174,0x105D17C4,2,1,"named global, no address recorded",0x1001EB30
BrGbiRectG_5D17C8,0x105D17C8,1,0,"named global, no address recorded",0x100215C0
g_brDlGeoNew,0x105D17C8,12,1,"named global, no address recorded",0x1001FD70
g_brDlGeoOld,0x105D17CC,9,1,"named global, no address recorded",0x1001FD70
BrGlBlendLatch,0x105D17D4,14,1,"named global, no address recorded",0x10021270
g_brDlCullMode,0x105D17D8,6,1,"named global, no address recorded",0x1001FD70
g_brTexScanState,0x105E17FC,24,1,"named global, no address recorded",0x100294F0 0x10029570 0x10029590 0x100295B0 0x100296B0
g_brTexScanTiles,0x10697840,32,1,"named global, no address recorded",0x100295B0 0x100296B0
g_brTexScan575414,0x106B7A7C,10,1,"named global, no address recorded",0x10029710
g_brTexScanMaxTile,0x106B7A94,4,1,"named global, no address recorded",0x100295B0
g_BrCamDist,0x106E72A0,2,1,"named global, no address recorded",0x1002D362
g_BrProjMat,0x106E72A8,4,1,"named global, no address recorded",0x1002D534
BrG_6C0258,0x106E72E8,1,0,"named global, no address recorded",0x1000BEB0
g_BrPerspNorm,0x106E770C,8,1,"named global, no address recorded",0x1002D534 0x1002D62F 0x1002D72E
BrG_6C0680,0x106E7710,142,1,"named global, no address recorded",0x10009C10 0x1000BEB0
g_BrGfxPtr,0x106E7710,24,1,"named global, no address recorded",0x1002D62F 0x1002D72E
g_out$S580,0x106E7710,34,1,file-static stand-in (no 1:1 original global),0x100140B0
BrG_6C0688,0x106E7718,1,0,"named global, no address recorded",0x1000BEB0
g_BrCamExtentU,0x106E7720,10,1,"named global, no address recorded",0x1002D362
g_BrDrawCombined,0x106E78F0,12,1,"named global, no address recorded",0x10009C10 0x1000E270
g_BrDrawScale,0x106E7930,4,1,"named global, no address recorded",0x10009C10
g_BrProjMatFixed,0x106E7930,4,1,"named global, no address recorded",0x1002D62F
g_pfnStep$S110,0x106E79F4,1,0,file-static stand-in (no 1:1 original global),0x1002E317
g_pfnStep$S53,0x106E79F4,6,1,file-static stand-in (no 1:1 original global),0x1002E302 0x1002E317 0x1002E324
BrG_6C1628,0x106E86B8,2,1,"named global, no address recorded",0x1002BF37
g_BrCamCentre,0x106E9A20,12,1,"named global, no address recorded",0x1002D362
g_brRace6E9A34,0x106E9A34,2,1,"named global, no address recorded",0x100628B0
g_BrCurMat,0x106E9A38,42,1,"named global, no address recorded",0x1002D534 0x1002D62F 0x1002D72E
g_BrDrawView,0x106E9A38,2,1,"named global, no address recorded",0x10009C10
g_BrLogArg,0x106E9D80,5,1,"named global, no address recorded",0x1002F258 0x1002F26B
BrG_6C2CF8,0x106E9D88,6,1,"named global, no address recorded",0x10009FC0 0x1000BEB0
g_pBr63Race,0x106E9D88,8,1,"named global, no address recorded",0x10014800
g_f6C2CFC,0x106E9D8C,14,1,"named global, no address recorded",0x1002ECEB 0x10060B50 0x1006E9E0 0x1006EA70
g_BrMtxSlot,0x106EA360,17,1,"named global, no address recorded",0x1000BEB0 0x1002D534 0x1002D62F 0x1002D72E
BrG_6C3308,0x106EA398,14,1,"named global, no address recorded",0x10009C10 0x1000BEB0
g_BrCamEye,0x106EA3A0,12,1,"named global, no address recorded",0x1002D362
g_aBrSpanPt,0x106EA3A0,96,1,"named global, no address recorded",0x10034010
g_BrCamCorner0,0x106EA3AC,8,1,"named global, no address recorded",0x1002D362
g_BrCamCorner1,0x106EA3B8,8,1,"named global, no address recorded",0x1002D362
g_BrCamCorner2,0x106EA3C4,8,1,"named global, no address recorded",0x1002D362
g_BrCamCorner3,0x106EA3D0,8,1,"named global, no address recorded",0x1002D362
g_BrCamCentreCopy,0x106EA3DC,2,1,"named global, no address recorded",0x1002D362
g_BrCamNear,0x106EA3F0,4,1,"named global, no address recorded",0x1002D534
g_BrCamFovIn,0x106EC450,2,1,"named global, no address recorded",0x1002D362
g_Br6C5468,0x106EC4F8,8,1,"named global, no address recorded",0x1002DE6B
g_brRace6EC760,0x106EC760,2,1,"named global, no address recorded",0x100628B0
g_BrCamExtentR,0x106EC788,10,1,"named global, no address recorded",0x1002D362
g_brIView,0x106EC798,2,1,"named global, no address recorded",0x10014800
g_BrViewMat,0x106EC950,8,1,"named global, no address recorded",0x1002D534 0x1002D62F
g_BrCamFar,0x106ECB44,4,1,"named global, no address recorded",0x1002D534
BrG_6C6490,0x106ED520,8,1,"named global, no address recorded",0x10009FC0 0x1000BEB0
g_apBr6ED5E8,0x106ED5E8,2,1,"named global, no address recorded",0x1002EBD1
g_aBrEntRecs,0x106ED630,3,1,"named global, no address recorded",0x1002F680
BrG_6C65EC,0x106ED67C,18,1,"named global, no address recorded",0x10062500 0x10062550 0x100625A0
BrG_6C6614,0x106ED6A4,2,1,"named global, no address recorded",0x10009FC0
BrG_6C661C,0x106ED6AC,12,1,"named global, no address recorded",0x10009FC0 0x1000BEB0 0x10023AA0 0x1002D864 0x100627B0
g_i6C661C,0x106ED6AC,2,1,"named global, no address recorded",0x1002E79F
g_BrDrawWheelAlt,0x106ED6B0,2,1,"named global, no address recorded",0x10009C10
BrG_6C6624,0x106ED6B4,12,1,"named global, no address recorded",0x10009FC0 0x1000BEB0 0x10023AA0 0x1002D864 0x100627B0
g_i6C6624,0x106ED6B4,2,1,"named global, no address recorded",0x1002E79F
g_brRace6ED6DC,0x106ED6DC,2,1,"named global, no address recorded",0x100628B0
g_Br6C666C,0x106ED6FC,4,1,"named global, no address recorded",0x1002DB0B
g_aBrEnts,0x106ED708,3,1,"named global, no address recorded",0x1002F680
g_brRace6EECC8,0x106EECC8,3,1,"named global, no address recorded",0x1002F6C0
g_brP6EECCC,0x106EECCC,2,1,"named global, no address recorded",0x10030710
g_6C7C44,0x106EECD4,3,1,"named global, no address recorded",0x10030F40
g_br6C7C68,0x106EECF8,2,1,"named global, no address recorded",0x10003230
g_pBrGrid64,0x106EECFC,2,1,"named global, no address recorded",0x10003120
g_pBrU16QueueTable,0x106EED40,2,1,"named global, no address recorded",0x10003280
g_pBrGrid16,0x106EED44,2,1,"named global, no address recorded",0x100031D0
BrG_6C7CB8,0x106EED48,14,1,"named global, no address recorded",0x10011D20 0x1005A780 0x1006EB00 0x1006EBC0
g_pBrRaceLapRec,0x106EED48,3,1,"named global, no address recorded",0x1005FF00
g_aBrRaceGate,0x106EED70,5,1,"named global, no address recorded",0x1005FF00
g_brRaceNGate,0x106EEE38,10,1,"named global, no address recorded",0x1005FF00
g_AC0810,0x10AC0810,12,1,"named global, no address recorded",0x10032500 0x10032520 0x10032530
g_brModelMgr,0x10AC0810,2,1,"named global, no address recorded",0x10030270
g_iPfxFree,0x10AC0C38,3,1,"named global, no address recorded",0x100335A0 0x10033880
g_iPfxHeadB0,0x10AC0C40,2,1,"named global, no address recorded",0x10033880
g_aPfxRec,0x10AC0C48,29,1,"named global, no address recorded",0x100335A0 0x10033880 0x10033C90
g_brSpanColHi,0x10AC2C50,6,1,"named global, no address recorded",0x10034010
g_brSpanRowHiG,0x10AC2C54,6,1,"named global, no address recorded",0x10034010
g_brSpanColLo,0x10AC2C58,6,1,"named global, no address recorded",0x10034010
g_brSpanRowLoG,0x10AC2C5C,6,1,"named global, no address recorded",0x10034010
g_aBrSpanMin,0x10AC2C60,6,1,"named global, no address recorded",0x10034010
g_aBrSpanMax,0x10AC2D60,6,1,"named global, no address recorded",0x10034010
g_aBrSpanRowLo,0x10AC2E60,4,1,"named global, no address recorded",0x10034010
g_aBrSpanRowHi,0x10AC2F60,4,1,"named global, no address recorded",0x10034010
g_A9BFD0,0x10AC3060,2,1,"named global, no address recorded",0x100353C0
g_brAC3060$S248,0x10AC3060,2,1,file-static stand-in (no 1:1 original global),0x100353D0
g_brAC3060$S265,0x10AC3060,4,1,file-static stand-in (no 1:1 original global),0x100353D0
g_aBrA9C0B8,0x10AC3148,2,1,"named global, no address recorded",0x10036650
g_br10AC408C,0x10AC408C,2,1,"named global, no address recorded",0x100194C0
g_brPA9D008,0x10AC4098,51,1,"named global, no address recorded",0x100099D0 0x100357E0 0x100361A0 0x10037180 0x1003C080 0x1003C430 0x1003C600 0x1003C6D0 0x1003CD00 0x1003CF50 0x1003DB50 0x100515B0 0x10054390
g_brSlot4098,0x10AC4098,19,1,"named global, no address recorded",0x10035BE0 0x100386B0 0x1006A7E0
g_aBrA9D078,0x10AC4100,6,1,"named global, no address recorded",0x1003BA30
g_aBrSprRectA,0x10AC4208,8,1,"named global, no address recorded",0x10054550 0x10058540
g_aBrA9D618,0x10AC46A0,5,1,"named global, no address recorded",0x10040790 0x10058900
g_aBrSprRectB,0x10AC46C0,8,1,"named global, no address recorded",0x100545C0 0x10058540
g_aBrSprRectC,0x10AC4AD8,6,1,"named global, no address recorded",0x10058540
g_aBrSprRectD,0x10AC4BC8,3,1,"named global, no address recorded",0x10058540
g_aBrA9DD28,0x10AC4DB0,30,1,"named global, no address recorded",0x1003C080 0x1003C600 0x1003C6D0 0x1003CF50 0x1003DB50
g_szBrName4DB0,0x10AC4DB0,4,1,"named global, no address recorded",0x100386B0
g_aBrA9E150,0x10AC51D8,3,1,"named global, no address recorded",0x10040A40
g_aBrAA2518,0x10AC5870,2,1,"named global, no address recorded",0x10058900
g_aBrAA2538,0x10AC5890,53,1,"named global, no address recorded",0x10036080 0x10036100 0x1003CF50 0x10051550 0x10051580 0x100515B0
g_aBrAA26F0,0x10AC5A48,4,1,"named global, no address recorded",0x10058900
g_brAA26F0,0x10AC5A48,2,1,"named global, no address recorded",0x10040570
g_aBrAA26F4,0x10AC5A4C,3,1,"named global, no address recorded",0x10037B20
g_brAA26F4,0x10AC5A4C,2,1,"named global, no address recorded",0x10040570
g_brAA26F5,0x10AC5A4D,5,1,"named global, no address recorded",0x10040570 0x10040790
g_aBrAA26F6,0x10AC5A4E,2,1,"named global, no address recorded",0x10040570
g_aBrAA270E,0x10AC5A66,2,1,"named global, no address recorded",0x10040570
g_aBrAA2740,0x10AC5A98,2,1,"named global, no address recorded",0x10040570
g_brAA27E0,0x10AC5B38,2,1,"named global, no address recorded",0x10058900
g_brAA27EC,0x10AC5B44,2,1,"named global, no address recorded",0x10058900
g_brAA27F0,0x10AC5B48,2,1,"named global, no address recorded",0x10058900
g_brAA27F4,0x10AC5B4C,2,1,"named global, no address recorded",0x10058900
g_brAA27F8,0x10AC5B50,2,1,"named global, no address recorded",0x10058900
g_iAA2840,0x10AC5B98,4,1,"named global, no address recorded",0x100382A0
g_brSeasonMode,0x10AC5BA0,2,1,"named global, no address recorded",0x10055C50
g_brAA284C,0x10AC5BA4,2,1,"named global, no address recorded",0x100407B0
g_nAA284C,0x10AC5BA4,2,1,"named global, no address recorded",0x10040EB0
g_brAA2854,0x10AC5BAC,26,1,"named global, no address recorded",0x10040900 0x10040930 0x10040960 0x10040990 0x100409C0 0x100409F0 0x10054390
g_AA2858,0x10AC5BB0,2,1,"named global, no address recorded",0x10055960
g_actOverride,0x10AC5BB4,2,1,"named global, no address recorded",0x10040EB0
g_wAA286C,0x10AC5BC4,6,1,"named global, no address recorded",0x10040EB0
g_AA2870,0x10AC5BC8,2,1,"named global, no address recorded",0x10055960
g_wAA2870,0x10AC5BC8,8,1,"named global, no address recorded",0x10040EB0
g_AA287C,0x10AC5BD4,2,1,"named global, no address recorded",0x1003D560
g_brAA287C,0x10AC5BD4,19,1,"named global, no address recorded",0x100355F0 0x100356B0 0x10036650 0x1003D580 0x1003D5A0 0x1003D5C0 0x1003D5E0 0x1003D600 0x1003D6F0
g_iAA2880,0x10AC5BD8,6,1,"named global, no address recorded",0x10038180 0x100381B0
g_brAA2884,0x10AC5BDC,14,1,"named global, no address recorded",0x100355F0 0x1003CF50 0x1003D6F0
g_brAA2888,0x10AC5BE0,7,1,"named global, no address recorded",0x100355F0 0x1003D6F0
g_brAA288C,0x10AC5BE4,15,1,"named global, no address recorded",0x100368A0 0x10036FF0 0x10037040 0x10037090 0x100370E0 0x1003CF50 0x10051550
g_brAA28A0,0x10AC5BF8,2,1,"named global, no address recorded",0x10058900
g_brAA28A4,0x10AC5BFC,12,1,"named global, no address recorded",0x10039F30 0x10040790 0x10058900
g_brAA28AC,0x10AC5C04,2,1,"named global, no address recorded",0x10058900
g_iAA28AC,0x10AC5C04,4,1,"named global, no address recorded",0x10038150
g_brAA28B0,0x10AC5C08,4,1,"named global, no address recorded",0x100406E0
g_brAA28B4,0x10AC5C0C,4,1,"named global, no address recorded",0x100406E0
g_brAA28B8,0x10AC5C10,4,1,"named global, no address recorded",0x10058900
g_brAA28C4,0x10AC5C1C,4,1,"named global, no address recorded",0x10040570 0x10058900
g_AA28D8,0x10AC5C30,2,1,"named global, no address recorded",0x10055960
g_brAA28D8,0x10AC5C30,18,1,"named global, no address recorded",0x1003AF60 0x1003B970 0x1003BA30 0x1003BFF0 0x1003C020 0x1003C050
g_brAA28F0,0x10AC5C48,3,1,"named global, no address recorded",0x10040900
g_brAA28FC,0x10AC5C54,3,1,"named global, no address recorded",0x10037B20
g_br10AC5C58,0x10AC5C58,2,1,"named global, no address recorded",0x100194C0
g_br10AC5C5C,0x10AC5C5C,2,1,"named global, no address recorded",0x100194C0
g_brPhaseAA2904,0x10AC5C5C,15,1,"named global, no address recorded",0x100403A0 0x10040410 0x100404A0 0x10055A40 0x10055AF0 0x100597C0
g_brRootPhase,0x10AC5C60,4,1,"named global, no address recorded",0x10055C50
g_brPhaseAA292C,0x10AC5C84,3,1,"named global, no address recorded",0x10040410
g_brAA2934,0x10AC5C8C,4,1,"named global, no address recorded",0x100406E0
g_brAA2938,0x10AC5C90,4,1,"named global, no address recorded",0x100406E0
g_brAA293C,0x10AC5C94,4,1,"named global, no address recorded",0x100406E0
g_brPhaseAA293C,0x10AC5C94,3,1,"named global, no address recorded",0x100404A0
g_brAA296C,0x10AC5CC4,4,1,"named global, no address recorded",0x10040570
g_brAA2970,0x10AC5CC8,4,1,"named global, no address recorded",0x10040600
g_brPhaseAA2974,0x10AC5CCC,3,1,"named global, no address recorded",0x100403A0
g_brAA29B0,0x10AC5D08,4,1,"named global, no address recorded",0x1003E5E0 0x1003E610
g_brAA29B4,0x10AC5D0C,4,1,"named global, no address recorded",0x1003E5A0 0x1003F820
g_AA29C8,0x10AC5D20,8,1,"named global, no address recorded",0x1003EC10 0x1003EC90 0x1003ECD0 0x1003ED50
g_brPAA29D0,0x10AC5D28,2,1,"named global, no address recorded",0x1003BA30
g_brPAA29D4,0x10AC5D2C,11,1,"named global, no address recorded",0x100356B0 0x10035870 0x10036700
g_brPAA29E4,0x10AC5D3C,8,1,"named global, no address recorded",0x10036040 0x100361A0
g_AA29F4,0x10AC5D4C,8,1,"named global, no address recorded",0x1003EC30 0x1003ECB0 0x1003ECF0 0x1003ED70
g_brAA29F4,0x10AC5D4C,2,1,"named global, no address recorded",0x1003E640
g_brAA2A00,0x10AC5D58,27,1,"named global, no address recorded",0x10037920 0x10037B20 0x1003C6D0
g_brAA2A08,0x10AC5D60,27,1,"named global, no address recorded",0x10037920 0x10037B20 0x1003C3D0
g_brAA2A0C,0x10AC5D64,24,1,"named global, no address recorded",0x10037920 0x1003C950
g_brAA2A10,0x10AC5D68,7,1,"named global, no address recorded",0x10037920 0x10058900
g_brAA2A14,0x10AC5D6C,7,1,"named global, no address recorded",0x10037920 0x10058900
g_brAA2A18,0x10AC5D70,27,1,"named global, no address recorded",0x10037920 0x1003DA90 0x1003DB50
g_iAA2A30,0x10AC5D88,4,1,"named global, no address recorded",0x10038320
g_brAA2A44,0x10AC5D9C,6,1,"named global, no address recorded",0x1003DA90
g_brAA2A48,0x10AC5DA0,9,1,"named global, no address recorded",0x10040A40
g_navCursor,0x10AC5DD8,2,1,"named global, no address recorded",0x10040EB0
g_BrDikEdge,0x10AC5DE0,9,1,"named global, no address recorded",0x10058FA0 0x10059040
g_brAA2AD4,0x10AC5E34,4,1,"named global, no address recorded",0x10040660 0x100406A0
g_act5,0x10AC5E50,2,1,"named global, no address recorded",0x10040EB0
g_act6,0x10AC6050,2,1,"named global, no address recorded",0x10040EB0
g_brAA2E80,0x10AC61E0,2,1,"named global, no address recorded",0x100407B0
g_pAA2E80,0x10AC61E0,2,1,"named global, no address recorded",0x10040EB0
g_pBrAA2E80,0x10AC61E0,6,1,"named global, no address recorded",0x10059280 0x100592D0
g_pBrAC61E0,0x10AC61E0,6,1,"named global, no address recorded",0x100720A0
g_BrDikPrev,0x10AC61E8,3,1,"named global, no address recorded",0x10058FA0
g_BrDikState,0x10AC65E8,6,1,"named global, no address recorded",0x10058FA0 0x10059020
g_BrAA3398,0x10AC66F8,2,1,"named global, no address recorded",0x10059280
g_BrAA33B4,0x10AC6714,2,1,"named global, no address recorded",0x10059280
g_BrAA33B8,0x10AC6718,2,1,"named global, no address recorded",0x10059280
g_act0,0x10AC6730,2,1,"named global, no address recorded",0x10040EB0
g_brAA33D0,0x10AC6730,26,1,"named global, no address recorded",0x1003C080 0x1003C1D0 0x1003C310 0x1003C370 0x1003C3D0 0x1003C600 0x1003C6D0 0x1003C950 0x1003DB50
g_act1,0x10AC6734,2,1,"named global, no address recorded",0x10040EB0
g_brAA33D4,0x10AC6734,26,1,"named global, no address recorded",0x1003C080 0x1003C1D0 0x1003C310 0x1003C370 0x1003C3D0 0x1003C600 0x1003C6D0 0x1003C950 0x1003DB50
g_act2,0x10AC6738,2,1,"named global, no address recorded",0x10040EB0
g_act3,0x10AC673C,2,1,"named global, no address recorded",0x10040EB0
g_BrAA33E0,0x10AC6740,2,1,"named global, no address recorded",0x100597C0
g_brAA33E4,0x10AC6744,20,1,"named global, no address recorded",0x10040660 0x100406A0 0x10040A40 0x10054390
BrImgTintState,0x10AC67A0,9,1,"named global, no address recorded",0x1005A4E0 0x1005A500
g_BrSndAA3470,0x10AC67D0,4,1,"named global, no address recorded",0x10060DB0 0x10060E30
g_brRacePathIndex,0x10AF07F0,1,0,"named global, no address recorded",0x1005ECF0
g_aBrRaceDriver,0x10AF07F8,1,0,"named global, no address recorded",0x1005FF00
g_aBrRaceCar,0x10AF1208,4,1,"named global, no address recorded",0x1005FF00
g_brRaceDiffRow,0x10AF206C,1,0,"named global, no address recorded",0x1005FF00
g_brPairA,0x10AF2094,4,1,"named global, no address recorded",0x10037870
g_pBrMenuACED34,0x10AF2094,13,1,"named global, no address recorded",0x1003B0B0 0x10069930
g_pBrRaceRecords,0x10AF2094,3,1,"named global, no address recorded",0x1005FF00
g_br10AF21B0,0x10AF21B0,2,1,"named global, no address recorded",0x10019350
g_brAD0854,0x10AF3BB4,15,1,"named global, no address recorded",0x10004D30 0x10005760
g_brPairB,0x10AF4BFC,4,1,"named global, no address recorded",0x10037870
g_brRacePathNode,0x10B1CBEC,1,0,"named global, no address recorded",0x1005ECF0
g_brPairStaticA,0x10B1CBF0,2,1,"named global, no address recorded",0x10037870
g_brPairStaticB,0x10B1CD3C,2,1,"named global, no address recorded",0x10037870
g_brRacePathPos,0x10B1CE98,3,1,"named global, no address recorded",0x1005ECF0
BrG_AF9BC0,0x10B1CF20,3,1,"named global, no address recorded",0x10062500
BrG_AFDBC0,0x10B20F20,3,1,"named global, no address recorded",0x10062500
BrG_B01C40,0x10B24FA0,12,1,"named global, no address recorded",0x10062500 0x100625F0
BrG_B01C44,0x10B24FA4,12,1,"named global, no address recorded",0x100625A0 0x100625F0
BrG_B01C48,0x10B24FA8,12,1,"named global, no address recorded",0x10062550 0x100625F0
BrG_B01C50,0x10B24FB0,3,1,"named global, no address recorded",0x100625A0
BrG_B01ED0,0x10B25230,3,1,"named global, no address recorded",0x100625A0
BrG_B02190,0x10B254F0,3,1,"named global, no address recorded",0x10062550
BrG_B022D0,0x10B25630,3,1,"named global, no address recorded",0x10062550
g_brRaceB71288,0x10B71288,2,1,"named global, no address recorded",0x100628B0
g_B71290,0x10B71290,3,1,"named global, no address recorded",0x10062AF0
g_BrCtrlCfg,0x10B71290,6,1,"named global, no address recorded",0x10061310 0x10062AD0
g_aBrB4DF30,0x10B71290,35,1,"named global, no address recorded",0x1003C950 0x10058900 0x100728C0
g_brB4E1D0,0x10B71530,25,1,"named global, no address recorded",0x1003C950 0x10058900 0x10072100 0x10072140 0x10072180 0x100721C0 0x100728C0
g_BrPadModeBytes,0x10B71534,5,1,"named global, no address recorded",0x1002F380 0x10071710 0x100719D0
g_brB4E1D4,0x10B71534,35,1,"named global, no address recorded",0x1003C950 0x10058900 0x100728C0
g_brB4E1E0,0x10B71540,29,1,"named global, no address recorded",0x10072100 0x10072140 0x10072180 0x100721C0 0x100728C0
g_brPB4E2E8,0x10B71648,3,1,"named global, no address recorded",0x10005760
g_brB4E708,0x10B71A68,35,1,"named global, no address recorded",0x10038060 0x1003C240 0x10059E00 0x10059E30 0x10059E50
g_brRaceB71A68,0x10B71A68,2,1,"named global, no address recorded",0x100628B0
g_brB4E70C,0x10B71A6C,35,1,"named global, no address recorded",0x10038060 0x1003C2B0 0x10059DC0 0x10059DE0 0x10059E00
g_brRaceB71A6C,0x10B71A6C,2,1,"named global, no address recorded",0x100628B0
g_aBrB4E710,0x10B71A70,36,1,"named global, no address recorded",0x10037920
g_brB4E728,0x10B71A88,3,1,"named global, no address recorded",0x1003C950
g_aBrCtlNameMouse,0x10B71B08,8,1,"named global, no address recorded",0x10058AF0
g_aBrCtlNameJoy,0x10B71C70,8,1,"named global, no address recorded",0x10058AF0
g_BrFpsSamplesB,0x10B73348,1,0,"named global, no address recorded",0x10011EA0
g_BrFpsGuard,0x10B73538,1,0,"named global, no address recorded",0x10011EA0
s_szBase$S169,0x10B73540,5,1,file-static stand-in (no 1:1 original global),0x10063860
s_szBase$S186,0x10B73540,5,1,file-static stand-in (no 1:1 original global),0x10063860
g_BrReplayCount,0x10B73648,17,1,"named global, no address recorded",0x10063A00 0x10063AD0 0x10063B50 0x10063B80 0x10063CC0
g_BrReplayBuf,0x10B73668,2,1,"named global, no address recorded",0x10063B80
g_1750308,0x11773668,3,1,"named global, no address recorded",0x10063A40
g_BrReplayOn,0x11773668,9,1,"named global, no address recorded",0x10063A00 0x10063A50 0x10063AD0
g_BrReplayCursor,0x11773670,25,1,"named global, no address recorded",0x10063AD0 0x10063B60 0x10063B80 0x10063CC0
g_pBrCarPhysGrip,0x11773690,1,0,"named global, no address recorded",0x100651A0
g_pBrCollRespList,0x11778198,5,1,"named global, no address recorded",0x10066230 0x10067C30
g_pBrCrCurPlane,0x1177819C,1,0,"named global, no address recorded",0x10067C30
g_brCrPlaneOut,0x117781A0,6,1,"named global, no address recorded",0x10067470 0x10067C30
g_brCrPlane,0x117787F0,26,1,"named global, no address recorded",0x10065980 0x10067470 0x10067C30
g_pBrCrCursor,0x11778844,5,1,"named global, no address recorded",0x10066230 0x10067C30
g_brCollRespWalkBack,0x11778848,1,0,"named global, no address recorded",0x10066AD0
g_aBrPeer71,0x117A9B88,50,1,"named global, no address recorded",0x1006A330 0x1006A440 0x1006A4D0 0x1006A650 0x1006A7E0 0x1006AAF0 0x1006AB80
g_aBrPeers,0x117A9B88,8,1,"named global, no address recorded",0x1002F6D0
g_178FEE8,0x117B3248,5,1,"named global, no address recorded",0x1006A310 0x1006A4D0
g_aBr178FEF8,0x117B3258,16,1,"named global, no address recorded",0x1006A330 0x1006A480 0x1006A4D0 0x1006A650 0x1006AB80
g_aBrPeerOrder,0x11849E68,1,0,"named global, no address recorded",0x1006A7E0
g_aBrPeerRank,0x11849EB0,9,1,"named global, no address recorded",0x1006A7E0
g_1826BD0,0x11849F30,10,1,"named global, no address recorded",0x1006A550 0x1006A580 0x1006AAF0 0x1006AB80
g_aBrSfxChanApplied,0x1184C080,2,1,"named global, no address recorded",0x1006B880
g_aBrSfxChanRate,0x1184C1E8,6,1,"named global, no address recorded",0x1006B530 0x1006B5F0 0x1006B880
g_aBrSndBankVoice,0x1184C268,24,1,"named global, no address recorded",0x1006B4F0 0x1006B530 0x1006B5B0 0x1006B5F0 0x1006B730 0x1006BD70 0x1006BF50 0x1006C460 0x1006C4D0
g_apBrSfxChanVoice,0x1184C268,1,0,"named global, no address recorded",0x1006B880
BrSndPDS,0x1184C458,46,1,"named global, no address recorded",0x1006B4F0 0x1006B530 0x1006B5B0 0x1006B5F0 0x1006B670 0x1006B6E0 0x1006B730 0x1006B880 0x1006BA00 0x1006BAA0 0x1006BB10 0x1006BD70 0x1006BF50 0x1006C010 0x1006C460 0x1006C4D0 0x1006C6A0
BrSndG18290FC,0x1184C45C,38,1,"named global, no address recorded",0x1006B4F0 0x1006B530 0x1006B5B0 0x1006B5F0 0x1006B670 0x1006B6E0 0x1006B730 0x1006B880 0x1006BA00 0x1006BAA0 0x1006BB10 0x1006BD70 0x1006BF50 0x1006C010 0x1006C460 0x1006C4D0 0x1006C6A0
g_1829108,0x1184C468,3,1,"named global, no address recorded",0x1006C820
g_1829314,0x1184C474,3,1,"named global, no address recorded",0x1006C850
g_apBrStrTable,0x1186C488,8,1,"named global, no address recorded",0x1006D1A0 0x1006D280
g_pBrStrResBlob,0x1186C944,12,1,"named global, no address recorded",0x1006D1A0 0x1006D2A0
g_brStrResUsed,0x1186C948,11,1,"named global, no address recorded",0x1006D1A0 0x1006D2A0
g_brStrResSize,0x1186C94C,9,1,"named global, no address recorded",0x1006D1A0 0x1006D2A0
BrGbiRectG_186C950,0x1186C950,1,0,"named global, no address recorded",0x100215C0
BrGbiRectG_186C954,0x1186C954,1,0,"named global, no address recorded",0x100215C0
s_texmem$S216,0x1186C95C,1,0,file-static stand-in (no 1:1 original global),0x10029B10
s_texmem$S233,0x1186C95C,2,1,file-static stand-in (no 1:1 original global),0x10029B10
g_brTexLowThreshold,0x1186C960,3,1,"named global, no address recorded",0x10029B10
g_BrX1829850,0x1186C968,5,1,"named global, no address recorded",0x1006E060 0x1006E080
BrGbiRectG_18EC988,0x118EC988,1,0,"named global, no address recorded",0x100215C0
g_br18A9878,0x118EC990,15,1,"named global, no address recorded",0x1006E180 0x1006E1A0 0x1006E1D0 0x1006E220
BrGbiRectG_18ED198,0x118ED198,1,0,"named global, no address recorded",0x100215C0
g_brDlTexScaleS,0x118ED1A4,30,1,"named global, no address recorded",0x1001ECF0 0x1001EE70 0x1001FCF0 0x1001FF60 0x10020190 0x10020460 0x10020690 0x10020900 0x10020A80
g_brDlTexScaleT,0x118ED1A8,30,1,"named global, no address recorded",0x1001ECF0 0x1001EE70 0x1001FCF0 0x1001FF60 0x10020190 0x10020460 0x10020690 0x10020900 0x10020A80
g_br18AA098,0x118ED1B0,18,1,"named global, no address recorded",0x1006E180 0x1006E1A0 0x1006E220
g_br18AA0A0,0x118ED1B8,19,1,"named global, no address recorded",0x1006E180 0x1006E1A0 0x1006E1D0 0x1006E220
g_18AA0B0,0x118ED1C8,9,1,"named global, no address recorded",0x1006C820 0x1006C850 0x1006C910
g_pfn18AA0B0,0x118ED1C8,20,1,"named global, no address recorded",0x100297F0 0x10029C70 0x1006C750 0x1006C880 0x1006C8B0 0x1006C950
g_BrGfxSubmit,0x118ED1D8,10,1,"named global, no address recorded",0x1002E79F
g_18AA0D8,0x118ED1F0,3,1,"named global, no address recorded",0x1006C910
g_18AA0F8,0x118ED210,3,1,"named global, no address recorded",0x1006C950
g_18AA8F8,0x118EDA10,3,1,"named global, no address recorded",0x1006C910
g_18AB0F8,0x118EE210,3,1,"named global, no address recorded",0x1006C950
g_br18AB118$S22708,0x118EE230,2,1,file-static stand-in (no 1:1 original global),0x1006E3B0
g_br18AB118$S22725,0x118EE230,4,1,file-static stand-in (no 1:1 original global),0x1006E3B0
g_br18AB118_S_S1499,0x118EE230,3,1,"named global, no address recorded",0x1006E350
g_br18AB12C$S22706,0x118EE244,3,1,file-static stand-in (no 1:1 original global),0x1006E3B0
g_br18AB12C$S22723,0x118EE244,6,1,file-static stand-in (no 1:1 original global),0x1006E3B0
g_br18AB134$S22709,0x118EE24C,2,1,file-static stand-in (no 1:1 original global),0x1006E3B0
g_br18AB134$S22726,0x118EE24C,4,1,file-static stand-in (no 1:1 original global),0x1006E3B0
g_br86PerfFreq$S1362,0x118EE250,3,1,file-static stand-in (no 1:1 original global),0x1006E430
g_br86PerfFreq$S1379,0x118EE250,6,1,file-static stand-in (no 1:1 original global),0x1006E430
g_br86Probed$S1363,0x118EE258,2,1,file-static stand-in (no 1:1 original global),0x1006E430
g_br86Probed$S1380,0x118EE258,4,1,file-static stand-in (no 1:1 original global),0x1006E430
g_br86HasPerf$S1364,0x118EE25C,3,1,file-static stand-in (no 1:1 original global),0x1006E430 0x1006E4A0
g_br86HasPerf$S1381,0x118EE25C,6,1,file-static stand-in (no 1:1 original global),0x1006E430 0x1006E4A0
g_br86HasPerf_S_S1437,0x118EE25C,3,1,"named global, no address recorded",0x1006E3F0
g_brRaceNFinished,0x118EE588,3,1,"named global, no address recorded",0x1005FF00
g_brDiEffSpring,0x118EE998,2,1,"named global, no address recorded",0x100723A0
g_brInKeyPrev,0x118EE9CC,2,1,"named global, no address recorded",0x100719D0
g_brInKeys,0x118EE9D0,18,1,"named global, no address recorded",0x10071710 0x100719D0
g_brInJoyCur,0x118EEBD0,28,1,"named global, no address recorded",0x10071710 0x100719D0
g_BrX18ABAD0,0x118EEBE8,3,1,"named global, no address recorded",0x10063CC0
g_18ABAD4,0x118EEBEC,3,1,"named global, no address recorded",0x100703A0
g_brInMousePrev,0x118EEBEC,14,1,"named global, no address recorded",0x100719D0
g_brInKeyCur,0x118EEBF0,8,1,"named global, no address recorded",0x10071710 0x100719D0
g_brInJoy,0x118EEBF8,42,1,"named global, no address recorded",0x10071710 0x100719D0
g_brDiSpringCond,0x118EEE20,4,1,"named global, no address recorded",0x100723A0
g_18ABD38,0x118EEE50,3,1,"named global, no address recorded",0x100703A0
g_brInMouse,0x118EEE50,42,1,"named global, no address recorded",0x10071710 0x100719D0
g_pDInput,0x118EEE88,9,1,"named global, no address recorded",0x100720A0
g_brInJoyPrev,0x118EEE94,14,1,"named global, no address recorded",0x100719D0
g_18ABD80,0x118EEE98,3,1,"named global, no address recorded",0x100703A0
g_brInMouseCur,0x118EEE98,28,1,"named global, no address recorded",0x10071710 0x100719D0
g_brDiEffSquare,0x118EEEA0,6,1,"named global, no address recorded",0x100721C0
g_br18ABDBC,0x118EEED4,11,1,"named global, no address recorded",0x10072100 0x10072140 0x10072180 0x100721C0
g_brRace18EEED8,0x118EEED8,2,1,"named global, no address recorded",0x100628B0
g_pBrDik18ABDD0,0x118EEEE8,18,1,"named global, no address recorded",0x100703D0 0x10070490
g_18ABDE0_64,0x118EEEF8,12,1,"named global, no address recorded",0x10071F00
g_BrDInputUsers,0x118EEF00,6,1,"named global, no address recorded",0x100720A0
g_brhInstance2,0x118EEF1C,2,1,"named global, no address recorded",0x10019670
g_aBrSfxChan,0x118EEF40,9,1,"named global, no address recorded",0x1006B880 0x1006E4C0
imp__GetUserNameA@8,0x118F0414,2,1,"named global, no address recorded",0x100358F0
imp__RegQueryValueExA@24,0x118F0418,2,1,"named global, no address recorded",0x10063860
imp__RegOpenKeyExA@20,0x118F041C,2,1,"named global, no address recorded",0x10063860
imp__RegCloseKey@4,0x118F0420,2,1,"named global, no address recorded",0x10063860
imp__GetStockObject@4,0x118F0438,2,1,"named global, no address recorded",0x10019670
imp__GetObjectA@12,0x118F043C,4,1,"named global, no address recorded",0x10001290 0x1005A210
imp__DeleteObject@4,0x118F0440,4,1,"named global, no address recorded",0x10001290 0x1005A210
imp__DisableThreadLibraryCalls@4,0x118F0448,2,1,"named global, no address recorded",0x10074B00
imp__WaitForSingleObject@8,0x118F044C,84,1,"named global, no address recorded",0x100038A0 0x10004C40 0x10004D80 0x10004DC0 0x10004F20 0x10004F50 0x10004F90 0x10005330 0x10005400 0x10005760 0x10005CD0 0x10006060 0x100060B0 0x10006100 0x10006150 0x100061B0 0x100061E0 0x10006250 0x100062B0 0x10006300 0x10006350 0x10006400 0x10006430 0x10006460 0x100064D0 0x10009A40 0x1002F6D0 0x1006A330 0x1006A3F0 0x1006A440 0x1006A480 0x1006B1E0 0x1006E1D0 0x1006E220
imp__GlobalUnlock@4,0x118F0450,32,1,"named global, no address recorded",0x10009880 0x10009BA0 0x10036430 0x10036510 0x10036670 0x10036740 0x100368A0 0x10036F40 0x1003CF50 0x1006BB90 0x1006BC10 0x1006C6A0
imp__GlobalHandle@4,0x118F0454,34,1,"named global, no address recorded",0x10009880 0x10009BA0 0x10036430 0x10036510 0x10036670 0x10036740 0x100368A0 0x10036F40 0x1003CF50 0x1006BB90 0x1006BC10 0x1006C6A0
imp__WaitForMultipleObjects@16,0x118F0458,13,1,"named global, no address recorded",0x10009970 0x1006A650 0x1006A7E0 0x1006AAF0 0x1006AB80
imp__CreateMutexA@12,0x118F045C,10,1,"named global, no address recorded",0x10005E80 0x1002DEC3 0x1006A4D0 0x1006E180
imp__DeleteCriticalSection@4,0x118F0460,2,1,"named global, no address recorded",0x10009A40
imp__QueryPerformanceCounter@4,0x118F0464,5,1,"named global, no address recorded",0x1006E280 0x1006E3F0
imp__QueryPerformanceFrequency@4,0x118F0468,5,1,"named global, no address recorded",0x1006E280 0x1006E430
imp__GetDriveTypeA@4,0x118F046C,4,1,"named global, no address recorded",0x100377A0 0x1003EE90
imp__GetVolumeInformationA@32,0x118F0470,2,1,"named global, no address recorded",0x100377A0
imp__lstrcpyA@8,0x118F0474,4,1,"named global, no address recorded",0x10035400 0x100368A0
imp__FreeLibrary@4,0x118F047C,2,1,"named global, no address recorded",0x1006D1A0
imp__LoadLibraryA@4,0x118F0480,2,1,"named global, no address recorded",0x1006D1A0
imp__InitializeCriticalSection@4,0x118F0488,2,1,"named global, no address recorded",0x10009B00
imp__CreateEventA@16,0x118F048C,7,1,"named global, no address recorded",0x10009B00 0x100356B0 0x1006A5A0
imp__CreateThread@24,0x118F0490,5,1,"named global, no address recorded",0x10009B00 0x1006A5A0
imp__CloseHandle@4,0x118F0494,10,1,"named global, no address recorded",0x10005F50 0x10009A40 0x1006B1E0 0x1006E1A0
imp__SetEvent@4,0x118F0498,5,1,"named global, no address recorded",0x10009A40 0x1006B1E0
imp__EnterCriticalSection@4,0x118F049C,2,1,"named global, no address recorded",0x10009A00
imp__LeaveCriticalSection@4,0x118F04A0,2,1,"named global, no address recorded",0x10009A00
imp__ExitThread@4,0x118F04A4,23,1,"named global, no address recorded",0x10009970 0x1006A650 0x1006A7E0 0x1006AAF0 0x1006AB80
imp__lstrlenA@4,0x118F04A8,4,1,"named global, no address recorded",0x100368A0 0x10036EF0
imp__GlobalAlloc@8,0x118F04AC,18,1,"named global, no address recorded",0x10009880 0x10035AC0 0x10036740 0x100368A0 0x10036F40 0x1006BC10 0x1006C4D0 0x1006FFC0
imp__GlobalLock@4,0x118F04B0,16,1,"named global, no address recorded",0x10009880 0x10035AC0 0x10036740 0x100368A0 0x10036F40 0x1006BC10 0x1006C4D0
imp__GetModuleHandleA@4,0x118F04B4,4,1,"named global, no address recorded",0x10001290 0x10035400
imp__OutputDebugStringA@4,0x118F04B8,18,1,"named global, no address recorded",0x10002980 0x10003320 0x100034C0 0x100035E0 0x10003680 0x100036F0 0x10003760 0x10007E80 0x10035660
imp__ReleaseMutex@4,0x118F04BC,108,1,"named global, no address recorded",0x100038A0 0x10004C40 0x10004D80 0x10004DC0 0x10004F20 0x10004F50 0x10004F90 0x10005330 0x10005400 0x10005760 0x10005CD0 0x10006060 0x100060B0 0x10006100 0x10006150 0x100061B0 0x100061E0 0x10006250 0x100062B0 0x10006300 0x10006350 0x10006400 0x10006430 0x10006460 0x100064D0 0x1002F6D0 0x1006A330 0x1006A3F0 0x1006A440 0x1006A480 0x1006A650 0x1006A7E0 0x1006AAF0 0x1006AB80 0x1006E1D0 0x1006E220
imp__GlobalFree@4,0x118F04C0,38,1,"named global, no address recorded",0x10009880 0x10009BA0 0x10036430 0x10036510 0x10036670 0x10036740 0x100368A0 0x10036F40 0x1003CF50 0x1006BB90 0x1006BC10 0x1006C6A0 0x1006FFC0
imp__Sleep@4,0x118F04C4,7,1,"named global, no address recorded",0x10004E00 0x10008EF0 0x1006A5F0
imp__GlobalMemoryStatus@4,0x118F04C8,2,1,"named global, no address recorded",0x10007F10
imp___finite,0x118F04DC,1,0,"named global, no address recorded",0x100651A0
imp___findfirst,0x118F04E0,2,1,"named global, no address recorded",0x10055ED0
imp__strerror,0x118F04E8,4,1,"named global, no address recorded",0x10008DC0 0x10008E10
imp___errno,0x118F04EC,4,1,"named global, no address recorded",0x10008DC0 0x10008E10
imp__vsprintf,0x118F04F0,2,1,"named global, no address recorded",0x10008EC0
imp__qsort,0x118F04F4,2,1,"named global, no address recorded",0x1006A7E0
imp__sscanf,0x118F04F8,2,1,"named global, no address recorded",0x10031030
imp___findclose,0x118F0500,2,1,"named global, no address recorded",0x10055ED0
imp__printf,0x118F0508,3,1,"named global, no address recorded",0x100311C0
imp__strrchr,0x118F0514,4,1,"named global, no address recorded",0x10031140 0x1006BC10
imp___chdir,0x118F0518,4,1,"named global, no address recorded",0x100377A0 0x1003EE90
imp___chdrive,0x118F051C,4,1,"named global, no address recorded",0x100377A0 0x1003EE90
imp___strupr,0x118F0520,12,1,"named global, no address recorded",0x10008BE0 0x1003A860 0x1003ABD0 0x1003AC70 0x1003AD10 0x10055AF0
imp___getcwd,0x118F0524,2,1,"named global, no address recorded",0x1003EE90
imp___getdrive,0x118F0528,2,1,"named global, no address recorded",0x1003EE90
imp___findnext,0x118F0530,2,1,"named global, no address recorded",0x10055ED0
imp__fseek,0x118F0534,2,1,"named global, no address recorded",0x100032D0
imp___onexit,0x118F053C,2,1,"named global, no address recorded",0x100745B0
imp___except_handler3,0x118F0540,3,1,"named global, no address recorded",0x10074AE6
imp___itoa,0x118F0550,20,1,"named global, no address recorded",0x10039E10 0x1003ABD0 0x1003AC70 0x1003AD10 0x1003B350 0x1003B580 0x1003BAC0 0x1003BCA0 0x1003C600 0x10055AF0
imp___stricmp,0x118F0554,12,1,"named global, no address recorded",0x10038420 0x100384C0 0x10038580 0x100385F0 0x10038650 0x10038750
imp__ftell,0x118F0558,4,1,"named global, no address recorded",0x100032D0 0x10008BE0
imp__srand,0x118F055C,2,1,"named global, no address recorded",0x10002980
imp__rand,0x118F0564,5,1,"named global, no address recorded",0x10002C00 0x1006E0A0
imp__malloc,0x118F0568,10,1,"named global, no address recorded",0x10001130 0x100036F0 0x10059F10 0x1005A080 0x1006D1A0
imp__free,0x118F056C,18,1,"named global, no address recorded",0x10001130 0x10001190 0x100035E0 0x1005A080 0x1005A420 0x1005A6B0 0x1005F530 0x1006D2A0
imp__sprintf,0x118F0570,75,1,"named global, no address recorded",0x100023F0 0x10003320 0x100034C0 0x100035E0 0x10003680 0x100036F0 0x10003760 0x10006350 0x10011EA0 0x10014760 0x10014E00 0x10015550 0x1002A9F7 0x10030DE0 0x10030F50 0x10031140 0x10035400 0x10035660 0x100356B0 0x100357E0 0x100358F0 0x100377A0 0x10039F90 0x1003A000 0x1003A070 0x1003C080 0x1003C430 0x1003C600 0x1003C6D0 0x1003DB50 0x10054390 0x10058900 0x10058AF0 0x1005A080 0x1005FF00
imp__fclose,0x118F0574,51,1,"named global, no address recorded",0x10003320 0x100035E0 0x10003680 0x10008B50 0x1003B580 0x1003BCA0 0x10055A40 0x10055AF0 0x100634B0 0x10069930 0x10069DE0
imp__fprintf,0x118F0578,2,1,"named global, no address recorded",0x10003320
imp__exit,0x118F057C,25,1,"named global, no address recorded",0x10003320 0x100034C0 0x100035E0 0x100036F0 0x10003760 0x10008EC0 0x10021020 0x100311C0 0x10035400 0x100378C0 0x10058360 0x1006C990
imp__getc,0x118F0580,2,1,"named global, no address recorded",0x10003530
imp__fread,0x118F0584,4,1,"named global, no address recorded",0x10008E60 0x10055AF0
imp__fopen,0x118F0588,22,1,"named global, no address recorded",0x10003320 0x10003680 0x10008DC0 0x10008E10 0x1003B580 0x1003BCA0 0x10055A40 0x10055AF0 0x100634B0 0x10069930 0x10069DE0
imp__ungetc,0x118F058C,2,1,"named global, no address recorded",0x10003530
imp__realloc,0x118F0590,2,1,"named global, no address recorded",0x10003760
imp__fwrite,0x118F0598,10,1,"named global, no address recorded",0x10008E90 0x10055A40 0x100634B0 0x10069930 0x10069DE0
imp__floor,0x118F059C,30,1,"named global, no address recorded",0x10006910 0x10006950 0x10006990 0x100069D0 0x10006A50 0x10006AA0 0x10006AE0 0x10006B20 0x10006B60 0x10024490 0x10024680 0x10024750 0x10024AA0 0x1002A490
imp__strchr,0x118F05A0,2,1,"named global, no address recorded",0x10007F40
imp__atoi,0x118F05A8,42,1,"named global, no address recorded",0x10007F40 0x10055C50
imp__memcmp,0x118F05AC,2,1,"named global, no address recorded",0x10030DE0
imp__strncmp,0x118F05AC,2,1,"named global, no address recorded",0x10007F40
imp__strstr,0x118F05B0,4,1,"named global, no address recorded",0x10007F40 0x1006FF50
imp__GetForegroundWindow@0,0x118F05C0,2,1,"named global, no address recorded",0x10007E80
imp__GetDesktopWindow@0,0x118F05C4,3,1,"named global, no address recorded",0x10009C00
imp__FindWindowA@8,0x118F05CC,2,1,"named global, no address recorded",0x10007E80
imp__GetAsyncKeyState@4,0x118F05D0,2,1,"named global, no address recorded",0x10008EF0
imp__IsIconic@4,0x118F05D8,2,1,"named global, no address recorded",0x10007E80
imp__GetWindowThreadProcessId@8,0x118F05DC,2,1,"named global, no address recorded",0x10007E80
imp__BringWindowToTop@4,0x118F05E0,2,1,"named global, no address recorded",0x10007E80
imp__SetForegroundWindow@4,0x118F05E4,2,1,"named global, no address recorded",0x10007E80
imp__PostMessageA@16,0x118F05E8,6,1,"named global, no address recorded",0x10002BA0 0x10019350 0x100368A0
imp__LoadImageA@24,0x118F05EC,6,1,"named global, no address recorded",0x10001290 0x1005A210
imp__LoadStringA@16,0x118F05F0,2,1,"named global, no address recorded",0x1006D1A0
imp__MessageBoxA@16,0x118F05F4,10,1,"named global, no address recorded",0x10019350 0x1001CC00 0x10037260 0x100378C0 0x100590A0
imp__KillTimer@8,0x118F05FC,5,1,"named global, no address recorded",0x100355F0 0x100356B0
imp__PeekMessageA@20,0x118F0600,2,1,"named global, no address recorded",0x10019730
imp__UpdateWindow@4,0x118F0604,2,1,"named global, no address recorded",0x10019730
imp__SetFocus@4,0x118F0608,2,1,"named global, no address recorded",0x10019730
imp__DispatchMessageA@4,0x118F060C,2,1,"named global, no address recorded",0x10019730
imp__GetMessageA@16,0x118F0610,2,1,"named global, no address recorded",0x10019730
imp__TranslateMessage@4,0x118F0614,2,1,"named global, no address recorded",0x10019730
imp__LoadCursorA@8,0x118F0618,2,1,"named global, no address recorded",0x10019670
imp__WaitMessage@0,0x118F061C,2,1,"named global, no address recorded",0x10019730
imp__LoadIconA@8,0x118F0620,2,1,"named global, no address recorded",0x10019670
imp__PostQuitMessage@4,0x118F0624,2,1,"named global, no address recorded",0x100194C0
imp__RegisterClassA@4,0x118F0628,2,1,"named global, no address recorded",0x10019670
imp__CreateWindowExA@48,0x118F062C,2,1,"named global, no address recorded",0x10019670
imp__InvalidateRect@12,0x118F0630,2,1,"named global, no address recorded",0x10019350
imp__SetCursor@4,0x118F0634,2,1,"named global, no address recorded",0x100194C0
imp__GetWindowLongA@8,0x118F0638,2,1,"named global, no address recorded",0x10019480
imp__GetLastActivePopup@4,0x118F063C,2,1,"named global, no address recorded",0x10007E80
imp__DefWindowProcA@16,0x118F0640,8,1,"named global, no address recorded",0x10019350 0x10019480 0x100194C0
imp__ShowWindow@8,0x118F0644,4,1,"named global, no address recorded",0x10007E80 0x10019730
imp__wsprintfA,0x118F0648,6,1,"named global, no address recorded",0x10002980 0x10037260 0x100372B0
imp__SetTimer@16,0x118F064C,8,1,"named global, no address recorded",0x100356B0 0x10035870 0x100358C0
imp__mmioDescend@16,0x118F0654,4,1,"named global, no address recorded",0x1006FFC0 0x10070170
imp__mmioSeek@12,0x118F0664,2,1,"named global, no address recorded",0x10070170
imp__mmioOpenA@12,0x118F0668,2,1,"named global, no address recorded",0x1006FFC0
imp__mmioRead@12,0x118F066C,2,1,"named global, no address recorded",0x1006FFC0
imp__mmioAscend@12,0x118F0670,2,1,"named global, no address recorded",0x1006FFC0
imp__mmioClose@8,0x118F0674,2,1,"named global, no address recorded",0x1006FFC0
imp__timeEndPeriod@4,0x118F0678,3,1,"named global, no address recorded",0x1006E4A0
imp__timeBeginPeriod@4,0x118F067C,3,1,"named global, no address recorded",0x1006E430
imp__timeGetTime@0,0x118F0680,2,1,"named global, no address recorded",0x1006E280
imp__mciSendCommandA@16,0x118F0684,12,1,"named global, no address recorded",0x100027E0 0x10002870 0x10002980 0x10002E20 0x10002FD0
imp__CoUninitialize@0,0x118F0728,2,1,"named global, no address recorded",0x1001CC00
imp__CoInitialize@4,0x118F072C,2,1,"named global, no address recorded",0x1001CC00
imp__CoCreateInstance@20,0x118F0730,4,1,"named global, no address recorded",0x10035BB0 0x1006C4D0
