addr,symbol,section,width,array,elem_size,users,reads,writes
0x1008F000,g_08F000,.rdata,4,0,0,5,13,0
0x1008F004,g_08F004,.rdata,4,0,0,2,2,0
0x1008F008,g_08F008,.rdata,4,0,0,1,4,0
0x1008F014,g_08F014,.rdata,4,0,0,1,1,0
0x1008F018,g_08F018,.rdata,4,0,0,1,2,0
0x1008F01C,g_08F01C,.rdata,4,0,0,1,1,0
0x1008F020,g_08F020,.rdata,4,0,0,1,1,0
0x1008F024,g_08F024,.rdata,4,0,0,1,1,0
0x1008F028,g_08F028,.rdata,4,0,0,1,1,0
0x1008F02C,g_08F02C,.rdata,4,0,0,1,1,0
0x1008F030,g_08F030,.rdata,4,0,0,1,1,0
0x1008F034,g_08F034,.rdata,4,0,0,1,1,0
0x1008F038,g_08F038,.rdata,4,0,0,1,1,0
0x1008F03C,g_08F03C,.rdata,4,0,0,2,2,0
0x1008F040,g_08F040,.rdata,4,0,0,1,1,0
0x1008F044,g_08F044,.rdata,4,0,0,1,2,0
0x1008F048,g_08F048,.rdata,4,0,0,1,3,0
0x1008F04C,g_08F04C,.rdata,4,0,0,1,2,0
0x1008F050,g_08F050,.rdata,4,0,0,1,2,0
0x1008F054,g_08F054,.rdata,4,0,0,1,1,0
0x1008F058,g_08F058,.rdata,4,0,0,1,1,0
0x1008F05C,g_08F05C,.rdata,4,0,0,1,1,0
0x1008F060,g_08F060,.rdata,4,0,0,1,1,0
0x1008F064,g_08F064,.rdata,4,0,0,1,1,0
0x1008F068,g_08F068,.rdata,4,0,0,1,2,0
0x1008F06C,g_08F06C,.rdata,4,0,0,1,1,0
0x1008F070,g_08F070,.rdata,4,0,0,1,1,0
0x1008F074,g_08F074,.rdata,4,0,0,1,1,0
0x1008F078,g_08F078,.rdata,4,0,0,1,1,0
0x1008F07C,g_08F07C,.rdata,4,0,0,1,1,0
0x1008F084,g_08F084,.rdata,4,0,0,1,1,0
0x1008F088,g_08F088,.rdata,4,0,0,1,1,0
0x1008F08C,g_08F08C,.rdata,4,0,0,1,1,0
0x1008F090,g_08F090,.rdata,4,0,0,1,1,0
0x1008F094,g_08F094,.rdata,4,0,0,1,3,0
0x1008F098,g_08F098,.rdata,4,0,0,1,1,0
0x1008F09C,g_08F09C,.rdata,4,0,0,1,2,0
0x1008F0A0,g_08F0A0,.rdata,4,0,0,1,2,0
0x1008F0A4,g_08F0A4,.rdata,4,0,0,1,2,0
0x1008F0A8,g_08F0A8,.rdata,4,0,0,1,1,0
0x1008F0AC,g_08F0AC,.rdata,4,0,0,1,2,0
0x1008F0B0,g_08F0B0,.rdata,4,0,0,2,2,0
0x1008F0B4,g_08F0B4,.rdata,4,0,0,1,1,0
0x1008F0B8,g_08F0B8,.rdata,4,0,0,1,1,0
0x1008F0BC,g_08F0BC,.rdata,4,0,0,1,1,0
0x1008F0C0,g_08F0C0,.rdata,4,0,0,1,1,0
0x1008F0C8,g_08F0C8,.rdata,4,0,0,8,56,0
0x1008F0CC,g_08F0CC,.rdata,4,0,0,5,16,0
0x1008F0D0,g_08F0D0,.rdata,4,0,0,10,11,0
0x1008F0D4,g_08F0D4,.rdata,4,0,0,1,1,0
0x1008F0D8,g_08F0D8,.rdata,4,0,0,1,1,0
0x1008F0DC,g_08F0DC,.rdata,4,0,0,2,2,0
0x1008F0E0,g_08F0E0,.rdata,4,0,0,1,1,0
0x1008F0E4,g_08F0E4,.rdata,4,0,0,1,1,0
0x1008F0E8,g_08F0E8,.rdata,4,0,0,1,1,0
0x1008F0EC,g_08F0EC,.rdata,4,0,0,1,1,0
0x1008F0F0,g_08F0F0,.rdata,8,0,0,1,2,0
0x1008F0F8,g_08F0F8,.rdata,8,0,0,1,2,0
0x1008F100,g_08F100,.rdata,4,0,0,1,1,0
0x1008F104,g_08F104,.rdata,4,0,0,1,1,0
0x1008F108,g_08F108,.rdata,4,0,0,1,1,0
0x1008F10C,g_08F10C,.rdata,4,0,0,1,1,0
0x1008F110,g_08F110,.rdata,4,0,0,2,2,0
0x1008F114,g_08F114,.rdata,4,0,0,2,4,0
0x1008F118,g_08F118,.rdata,4,0,0,3,6,0
0x1008F11C,g_08F11C,.rdata,4,0,0,1,2,0
0x1008F120,g_08F120,.rdata,4,0,0,1,1,0
0x1008F124,g_08F124,.rdata,4,0,0,1,1,0
0x1008F128,g_08F128,.rdata,4,0,0,1,1,0
0x1008F12C,g_08F12C,.rdata,4,0,0,1,1,0
0x1008F130,g_08F130,.rdata,4,0,0,1,1,0
0x1008F134,g_08F134,.rdata,4,0,0,1,1,0
0x1008F138,g_08F138,.rdata,4,0,0,1,1,0
0x1008F13C,g_08F13C,.rdata,4,0,0,1,1,0
0x1008F140,g_08F140,.rdata,4,0,0,1,1,0
0x1008F144,g_08F144,.rdata,4,0,0,1,1,0
0x1008F148,g_08F148,.rdata,4,0,0,1,1,0
0x1008F18C,g_08F18C,.rdata,4,0,0,1,2,0
0x1008F194,g_08F194,.rdata,4,0,0,1,2,0
0x1008F1CC,g_08F1CC,.rdata,4,0,0,1,1,0
0x1008F1E0,g_08F1E0,.rdata,4,0,0,1,1,0
0x1008F1E4,g_08F1E4,.rdata,4,0,0,1,1,0
0x1008F1E8,g_08F1E8,.rdata,4,0,0,1,1,0
0x1008F1EC,g_08F1EC,.rdata,4,0,0,1,1,0
0x1008F1F0,g_08F1F0,.rdata,4,0,0,1,1,0
0x1008F1F4,g_08F1F4,.rdata,4,0,0,2,4,0
0x1008F1F8,g_08F1F8,.rdata,4,0,0,3,10,0
0x1008F204,g_08F204,.rdata,4,0,0,1,1,0
0x1008F208,g_08F208,.rdata,4,0,0,1,3,0
0x1008F210,g_08F210,.rdata,8,0,0,1,1,0
0x1008F218,g_08F218,.rdata,4,0,0,1,1,0
0x1008F21C,g_08F21C,.rdata,4,0,0,1,5,0
0x1008F220,g_08F220,.rdata,4,0,0,1,2,0
0x1008F224,g_08F224,.rdata,4,0,0,1,1,0
0x1008F228,g_08F228,.rdata,4,0,0,1,2,0
0x1008F22C,g_08F22C,.rdata,4,0,0,1,1,0
0x1008F230,g_08F230,.rdata,4,0,0,1,1,0
0x1008F238,g_08F238,.rdata,4,0,0,1,1,0
0x1008F23C,g_08F23C,.rdata,4,0,0,1,1,0
0x1008F240,g_08F240,.rdata,4,0,0,2,2,0
0x1008F244,g_08F244,.rdata,4,0,0,1,1,0
0x1008F248,g_08F248,.rdata,4,0,0,3,9,0
0x1008F24C,g_08F24C,.rdata,4,0,0,1,3,0
0x1008F250,g_08F250,.rdata,4,0,0,1,1,0
0x1008F254,g_08F254,.rdata,4,0,0,1,1,0
0x1008F25C,g_08F25C,.rdata,4,0,0,3,4,0
0x1008F260,g_08F260,.rdata,4,0,0,1,1,0
0x1008F264,g_08F264,.rdata,4,0,0,1,2,0
0x1008F268,g_08F268,.rdata,4,0,0,2,2,0
0x1008F26C,g_08F26C,.rdata,4,0,0,1,1,0
0x1008F270,g_08F270,.rdata,8,0,0,1,2,0
0x1008F27C,g_08F27C,.rdata,4,0,0,1,2,0
0x1008F280,g_08F280,.rdata,4,0,0,1,3,0
0x1008F288,g_08F288,.rdata,8,0,0,1,1,0
0x1008F290,g_08F290,.rdata,8,0,0,1,1,0
0x1008F298,g_08F298,.rdata,4,0,0,1,1,0
0x1008F29C,g_08F29C,.rdata,4,0,0,1,1,0
0x1008F2A0,g_08F2A0,.rdata,4,0,0,1,2,0
0x1008F2A4,g_08F2A4,.rdata,4,0,0,1,1,0
0x1008F2A8,g_08F2A8,.rdata,4,0,0,1,2,0
0x1008F2AC,g_08F2AC,.rdata,4,0,0,1,1,0
0x1008F2B0,g_08F2B0,.rdata,4,0,0,1,1,0
0x1008F2B4,g_08F2B4,.rdata,4,0,0,1,2,0
0x1008F2B8,g_08F2B8,.rdata,4,0,0,1,1,0
0x1008F2BC,g_08F2BC,.rdata,4,0,0,1,1,0
0x1008F2C0,g_08F2C0,.rdata,4,0,0,1,1,0
0x1008F2C4,g_08F2C4,.rdata,4,0,0,1,1,0
0x1008F2CC,g_08F2CC,.rdata,4,0,0,2,5,0
0x1008F2D0,g_08F2D0,.rdata,4,0,0,1,6,0
0x1008F2D4,g_08F2D4,.rdata,4,0,0,1,1,0
0x1008F2D8,g_08F2D8,.rdata,4,0,0,1,2,0
0x1008F2DC,g_08F2DC,.rdata,4,0,0,1,2,0
0x1008F2E0,g_08F2E0,.rdata,4,0,0,1,2,0
0x1008F2E4,g_08F2E4,.rdata,4,0,0,1,1,0
0x1008F2E8,g_08F2E8,.rdata,4,0,0,1,1,0
0x1008F2EC,g_08F2EC,.rdata,4,0,0,1,1,0
0x1008F2F0,g_08F2F0,.rdata,4,0,0,1,1,0
0x1008F2F4,g_08F2F4,.rdata,4,0,0,1,1,0
0x1008F2F8,g_08F2F8,.rdata,4,0,0,1,1,0
0x1008F300,g_08F300,.rdata,4,0,0,4,7,0
0x1008F304,g_08F304,.rdata,4,0,0,2,2,0
0x1008F308,g_08F308,.rdata,4,0,0,1,1,0
0x1008F30C,g_08F30C,.rdata,4,0,0,1,1,0
0x1008F314,g_08F314,.rdata,4,0,0,1,1,0
0x1008F31C,g_08F31C,.rdata,4,0,0,1,1,0
0x1008F320,g_08F320,.rdata,4,0,0,1,1,0
0x1008F324,g_08F324,.rdata,4,0,0,1,1,0
0x1008F328,g_08F328,.rdata,4,0,0,1,1,0
0x1008F32C,g_08F32C,.rdata,4,0,0,1,1,0
0x1008F330,g_08F330,.rdata,4,0,0,1,1,0
0x1008F334,g_08F334,.rdata,4,0,0,2,2,0
0x1008F338,g_08F338,.rdata,4,0,0,1,1,0
0x1008F33C,g_08F33C,.rdata,4,0,0,1,2,0
0x1008F340,g_08F340,.rdata,8,0,0,1,1,0
0x1008F348,g_08F348,.rdata,4,0,0,1,1,0
0x1008F34C,g_08F34C,.rdata,4,0,0,1,1,0
0x1008F350,g_08F350,.rdata,4,0,0,2,4,0
0x1008F354,g_08F354,.rdata,4,0,0,3,7,0
0x1008F358,g_08F358,.rdata,4,0,0,1,2,0
0x1008F35C,g_08F35C,.rdata,4,0,0,1,1,0
0x1008F360,g_08F360,.rdata,4,0,0,1,1,0
0x1008F364,g_08F364,.rdata,4,0,0,3,3,0
0x1008F368,g_08F368,.rdata,4,0,0,1,1,0
0x1008F36C,g_08F36C,.rdata,4,0,0,1,1,0
0x1008F370,g_08F370,.rdata,8,0,0,1,1,0
0x1008F378,g_08F378,.rdata,4,0,0,1,2,0
0x1008F37C,g_08F37C,.rdata,4,0,0,1,1,0
0x1008F384,g_08F384,.rdata,4,0,0,1,2,0
0x1008F388,g_08F388,.rdata,8,0,0,1,5,0
0x1008F394,g_08F394,.rdata,4,0,0,1,1,0
0x1008F398,g_08F398,.rdata,4,0,0,1,2,0
0x1008F39C,g_08F39C,.rdata,4,0,0,1,1,0
0x1008F3A0,g_08F3A0,.rdata,4,0,0,1,1,0
0x1008F3A4,g_08F3A4,.rdata,4,0,0,1,1,0
0x1008F3B4,g_08F3B4,.rdata,4,0,0,1,1,0
0x1008F3B8,g_08F3B8,.rdata,4,0,0,1,2,0
0x1008F3BC,g_08F3BC,.rdata,4,0,0,3,10,0
0x1008F3C0,g_08F3C0,.rdata,4,0,0,10,47,0
0x1008F3C4,g_08F3C4,.rdata,4,0,0,12,18,0
0x1008F3C8,g_08F3C8,.rdata,4,0,0,16,59,0
0x1008F3CC,g_08F3CC,.rdata,4,0,0,1,2,0
0x1008F3D0,g_08F3D0,.rdata,4,0,0,1,4,0
0x1008F3D4,g_08F3D4,.rdata,4,0,0,1,4,0
0x1008F3D8,g_08F3D8,.rdata,4,0,0,7,19,0
0x1008F3DC,g_08F3DC,.rdata,4,0,0,2,11,0
0x1008F3E0,g_08F3E0,.rdata,4,0,0,2,11,0
0x1008F3E4,g_08F3E4,.rdata,4,0,0,1,1,0
0x1008F3E8,g_08F3E8,.rdata,4,0,0,1,5,0
0x1008F3EC,g_08F3EC,.rdata,4,0,0,1,3,0
0x1008F3F0,g_08F3F0,.rdata,4,0,0,1,1,0
0x1008F3F4,g_08F3F4,.rdata,4,0,0,2,6,0
0x1008F3F8,g_08F3F8,.rdata,4,0,0,1,4,0
0x1008F3FC,g_08F3FC,.rdata,4,0,0,1,8,0
0x1008F400,g_08F400,.rdata,4,0,0,1,8,0
0x1008F408,g_08F408,.rdata,4,0,0,1,2,0
0x1008F40C,g_08F40C,.rdata,4,0,0,1,2,0
0x1008F410,g_08F410,.rdata,4,0,0,7,14,0
0x1008F414,g_08F414,.rdata,4,0,0,1,1,0
0x1008F418,g_08F418,.rdata,4,0,0,1,1,0
0x1008F41C,g_08F41C,.rdata,4,0,0,1,1,0
0x1008F420,g_08F420,.rdata,4,0,0,4,5,0
0x1008F428,g_08F428,.rdata,8,0,0,1,1,0
0x1008F430,g_08F430,.rdata,4,0,0,3,3,0
0x1008F438,g_08F438,.rdata,8,0,0,1,2,0
0x1008F440,g_08F440,.rdata,4,0,0,1,3,0
0x1008F444,g_08F444,.rdata,4,0,0,1,1,0
0x1008F448,g_08F448,.rdata,4,0,0,1,1,0
0x1008F450,g_08F450,.rdata,4,0,0,1,1,0
0x1008F454,g_08F454,.rdata,4,0,0,1,1,0
0x1008F458,g_08F458,.rdata,4,0,0,1,1,0
0x1008F45C,g_08F45C,.rdata,4,0,0,1,1,0
0x1008F460,g_08F460,.rdata,4,0,0,1,1,0
0x1008F464,g_08F464,.rdata,4,0,0,1,1,0
0x1008F468,g_08F468,.rdata,4,0,0,1,1,0
0x1008F46C,g_08F46C,.rdata,4,0,0,1,2,0
0x1008F470,g_08F470,.rdata,4,0,0,1,1,0
0x1008F478,g_08F478,.rdata,8,0,0,1,1,0
0x1008F4A8,g_08F4A8,.rdata,8,0,0,1,1,0
0x1008F4B0,g_08F4B0,.rdata,8,0,0,1,2,0
0x1008F4B8,g_08F4B8,.rdata,8,0,0,1,2,0
0x1008F4C0,g_08F4C0,.rdata,8,0,0,1,1,0
0x1008F4C8,g_08F4C8,.rdata,8,0,0,1,1,0
0x1008F4D0,g_08F4D0,.rdata,8,0,0,1,3,0
0x1008F4E0,g_08F4E0,.rdata,8,0,0,1,1,0
0x1008F4E8,g_08F4E8,.rdata,4,0,0,1,2,0
0x1008F4EC,g_08F4EC,.rdata,4,0,0,3,12,0
0x1008F4F0,g_08F4F0,.rdata,4,0,0,1,1,0
0x1008F4F4,g_08F4F4,.rdata,4,0,0,1,1,0
0x1008F4F8,g_08F4F8,.rdata,4,0,0,1,2,0
0x1008F4FC,g_08F4FC,.rdata,4,0,0,1,2,0
0x1008F500,g_08F500,.rdata,4,0,0,1,1,0
0x1008F504,g_08F504,.rdata,4,0,0,1,1,0
0x1008F508,g_08F508,.rdata,4,0,0,1,3,0
0x1008F50C,g_08F50C,.rdata,4,0,0,1,3,0
0x1008F510,g_08F510,.rdata,4,0,0,1,1,0
0x1008F514,g_08F514,.rdata,4,0,0,3,6,0
0x1008F518,g_08F518,.rdata,4,0,0,1,1,0
0x1008F51C,g_08F51C,.rdata,4,0,0,1,1,0
0x1008F520,g_08F520,.rdata,4,0,0,1,1,0
0x1008F524,g_08F524,.rdata,4,0,0,1,1,0
0x1008F528,g_08F528,.rdata,4,0,0,1,1,0
0x1008F52C,g_08F52C,.rdata,4,0,0,1,1,0
0x1008F530,g_08F530,.rdata,4,0,0,1,3,0
0x1008F534,g_08F534,.rdata,4,0,0,1,1,0
0x1008F538,g_08F538,.rdata,4,0,0,2,2,0
0x1008F53C,g_08F53C,.rdata,4,0,0,2,2,0
0x1008F540,g_08F540,.rdata,4,0,0,2,2,0
0x1008F544,g_08F544,.rdata,4,0,0,2,2,0
0x1008F548,g_08F548,.rdata,4,0,0,1,3,0
0x1008F54C,g_08F54C,.rdata,4,0,0,1,3,0
0x1008F550,g_08F550,.rdata,4,0,0,1,3,0
0x1008F554,g_08F554,.rdata,4,0,0,1,1,0
0x1008F55C,g_08F55C,.rdata,4,0,0,1,4,0
0x1008F560,g_08F560,.rdata,4,0,0,1,1,0
0x1008F564,g_08F564,.rdata,4,0,0,1,1,0
0x1008F568,g_08F568,.rdata,4,0,0,1,1,0
0x1008F56C,g_08F56C,.rdata,4,0,0,1,2,0
0x1008F570,g_08F570,.rdata,4,0,0,1,1,0
0x1008F574,g_08F574,.rdata,4,0,0,1,1,0
0x1008F578,g_08F578,.rdata,4,0,0,1,1,0
0x1008F57C,g_08F57C,.rdata,4,0,0,3,3,0
0x1008F580,g_08F580,.rdata,4,0,0,1,1,0
0x1008F584,g_08F584,.rdata,4,0,0,1,1,0
0x1008F588,g_08F588,.rdata,4,0,0,3,6,0
0x1008F58C,g_08F58C,.rdata,4,0,0,1,1,0
0x1008F590,g_08F590,.rdata,4,0,0,2,2,0
0x1008F594,g_08F594,.rdata,4,0,0,2,2,0
0x1008F598,g_08F598,.rdata,4,0,0,1,2,0
0x1008F59C,g_08F59C,.rdata,4,0,0,1,4,0
0x1008F5A0,g_08F5A0,.rdata,4,0,0,1,1,0
0x1008F5A4,g_08F5A4,.rdata,4,0,0,1,2,0
0x1008F5A8,g_08F5A8,.rdata,4,0,0,1,1,0
0x1008F5AC,g_08F5AC,.rdata,4,0,0,2,2,0
0x1008F5B0,g_08F5B0,.rdata,4,0,0,1,1,0
0x1008F5BC,g_08F5BC,.rdata,4,0,0,3,8,0
0x1008F5C4,g_08F5C4,.rdata,4,0,0,2,2,0
0x1008F5CC,g_08F5CC,.rdata,4,0,0,2,2,0
0x1008F5D0,g_08F5D0,.rdata,4,0,0,2,10,0
0x1008F5D4,g_08F5D4,.rdata,4,0,0,1,1,0
0x1008F5D8,g_08F5D8,.rdata,4,0,0,1,1,0
0x1008F5DC,g_08F5DC,.rdata,4,0,0,1,3,0
0x1008F5E0,g_08F5E0,.rdata,4,0,0,2,7,0
0x1008F5E4,g_08F5E4,.rdata,4,0,0,1,6,0
0x1008F5E8,g_08F5E8,.rdata,4,0,0,1,1,0
0x1008F5EC,g_08F5EC,.rdata,4,0,0,1,1,0
0x1008F5F0,g_08F5F0,.rdata,4,0,0,1,1,0
0x1008F5F4,g_08F5F4,.rdata,4,0,0,1,1,0
0x1008F5F8,g_08F5F8,.rdata,4,0,0,1,1,0
0x1008F5FC,g_08F5FC,.rdata,4,0,0,2,2,0
0x1008F600,g_08F600,.rdata,4,0,0,2,2,0
0x1008F604,g_08F604,.rdata,4,0,0,1,1,0
0x1008F608,g_08F608,.rdata,4,0,0,2,2,0
0x1008F60C,g_08F60C,.rdata,4,0,0,1,1,0
0x1008F610,g_08F610,.rdata,4,0,0,1,1,0
0x1008F614,g_08F614,.rdata,4,0,0,1,1,0
0x1008F618,g_08F618,.rdata,4,0,0,1,1,0
0x1008F61C,g_08F61C,.rdata,4,0,0,2,9,0
0x1008F620,g_08F620,.rdata,4,0,0,1,1,0
0x1008F624,g_08F624,.rdata,4,0,0,1,3,0
0x1008F628,g_08F628,.rdata,4,0,0,7,7,0
0x1008F62C,g_08F62C,.rdata,4,0,0,7,29,0
0x1008F638,g_08F638,.rdata,4,0,0,2,4,0
0x1008F63C,g_08F63C,.rdata,4,0,0,1,1,0
0x1008F644,g_08F644,.rdata,4,0,0,1,1,0
0x1008F648,g_08F648,.rdata,4,0,0,1,1,0
0x1008F654,g_08F654,.rdata,4,0,0,1,2,0
0x1008F658,g_08F658,.rdata,4,0,0,1,1,0
0x1008F65C,g_08F65C,.rdata,4,0,0,5,5,0
0x1008F660,g_08F660,.rdata,4,0,0,2,2,0
0x1008F664,g_08F664,.rdata,4,0,0,1,1,0
0x1008F668,g_08F668,.rdata,4,0,0,5,10,0
0x1008F66C,g_08F66C,.rdata,4,0,0,5,5,0
0x1008F670,g_08F670,.rdata,4,0,0,5,5,0
0x1008F674,g_08F674,.rdata,4,0,0,5,5,0
0x1008F678,g_08F678,.rdata,4,0,0,2,2,0
0x1008F67C,g_08F67C,.rdata,4,0,0,1,1,0
0x1008F680,g_08F680,.rdata,4,0,0,16,17,0
0x1008F684,g_08F684,.rdata,4,0,0,9,9,0
0x1008F688,g_08F688,.rdata,4,0,0,9,9,0
0x1008F68C,g_08F68C,.rdata,4,0,0,6,6,0
0x1008F690,g_08F690,.rdata,4,0,0,19,19,0
0x1008F694,g_08F694,.rdata,4,0,0,28,28,0
0x1008F698,g_08F698,.rdata,4,0,0,3,3,0
0x1008F69C,g_08F69C,.rdata,4,0,0,6,12,0
0x1008F6A0,g_08F6A0,.rdata,4,0,0,1,1,0
0x1008F6A4,g_08F6A4,.rdata,4,0,0,1,1,0
0x1008F6A8,g_08F6A8,.rdata,4,0,0,1,1,0
0x1008F6AC,g_08F6AC,.rdata,4,0,0,3,3,0
0x1008F6B0,g_08F6B0,.rdata,4,0,0,1,2,0
0x1008F6B4,g_08F6B4,.rdata,4,0,0,1,1,0
0x1008F7A4,g_08F7A4,.rdata,4,0,0,1,1,0
0x1008F7A8,g_08F7A8,.rdata,4,0,0,2,5,0
0x1008F7AC,g_08F7AC,.rdata,4,0,0,1,1,0
0x1008F7B0,g_08F7B0,.rdata,4,0,0,1,1,0
0x1008F7B8,g_08F7B8,.rdata,4,0,0,2,59,0
0x1008F7BC,g_08F7BC,.rdata,4,0,0,2,15,0
0x1008F7C0,g_08F7C0,.rdata,4,0,0,2,10,0
0x1008F7C4,g_08F7C4,.rdata,4,0,0,1,4,0
0x1008F7C8,g_08F7C8,.rdata,4,0,0,1,2,0
0x1008F7CC,g_08F7CC,.rdata,4,0,0,1,4,0
0x1008F7D0,g_08F7D0,.rdata,4,0,0,1,1,0
0x1008F7D4,g_08F7D4,.rdata,4,0,0,1,1,0
0x1008F7D8,g_08F7D8,.rdata,4,0,0,1,1,0
0x1008F7DC,g_08F7DC,.rdata,4,0,0,1,1,0
0x1008F7E0,g_08F7E0,.rdata,4,0,0,1,3,0
0x1008F7E4,g_08F7E4,.rdata,4,0,0,1,2,0
0x1008F7F0,g_08F7F0,.rdata,4,0,0,1,1,0
0x1008F7F8,g_08F7F8,.rdata,4,0,0,1,1,0
0x1008F800,g_08F800,.rdata,4,0,0,1,1,0
0x1008F808,g_08F808,.rdata,4,0,0,1,4,0
0x1008F81C,g_08F81C,.rdata,4,0,0,1,1,0
0x1008F820,g_08F820,.rdata,4,0,0,1,1,0
0x1008F824,g_08F824,.rdata,4,0,0,1,2,0
0x1008F828,g_08F828,.rdata,4,0,0,1,1,0
0x1008F82C,g_08F82C,.rdata,4,0,0,1,3,0
0x1008F830,g_08F830,.rdata,4,0,0,1,1,0
0x1008F834,g_08F834,.rdata,4,0,0,1,2,0
0x1008F838,g_08F838,.rdata,4,0,0,1,2,0
0x1008F83C,g_08F83C,.rdata,4,0,0,1,1,0
0x1008F848,g_08F848,.rdata,8,0,0,1,2,0
0x1008F850,g_08F850,.rdata,4,0,0,1,2,0
0x1008F854,g_08F854,.rdata,4,0,0,1,1,0
0x1008F858,g_08F858,.rdata,4,0,0,1,2,0
0x1008F860,g_08F860,.rdata,8,0,0,1,2,0
0x1008F868,g_08F868,.rdata,4,0,0,1,1,0
0x1008F86C,g_08F86C,.rdata,4,0,0,1,1,0
0x1008F870,g_08F870,.rdata,4,0,0,1,1,0
0x1008F874,g_08F874,.rdata,4,0,0,1,1,0
0x1008F878,g_08F878,.rdata,4,0,0,1,1,0
0x1008F87C,g_08F87C,.rdata,4,0,0,1,2,0
0x1008F884,g_08F884,.rdata,4,0,0,1,1,0
0x1008F888,g_08F888,.rdata,4,0,0,1,1,0
0x1008F88C,g_08F88C,.rdata,4,0,0,1,1,0
0x1008F890,g_08F890,.rdata,4,0,0,1,1,0
0x1008F894,g_08F894,.rdata,4,0,0,1,1,0
0x1008F898,g_08F898,.rdata,4,0,0,1,2,0
0x1008F89C,g_08F89C,.rdata,4,0,0,2,2,0
0x1008F8A0,g_08F8A0,.rdata,4,0,0,1,1,0
0x1008F8A4,g_08F8A4,.rdata,4,0,0,1,2,0
0x1008F8A8,g_08F8A8,.rdata,4,0,0,1,2,0
0x1008F8AC,g_08F8AC,.rdata,4,0,0,1,2,0
0x1008F8B0,g_08F8B0,.rdata,4,0,0,1,1,0
0x1008F8B4,g_08F8B4,.rdata,4,0,0,1,1,0
0x1008F8B8,g_08F8B8,.rdata,4,0,0,1,3,0
0x1008F8BC,g_08F8BC,.rdata,4,0,0,1,2,0
0x1008F8C0,g_08F8C0,.rdata,4,0,0,1,2,0
0x1008F8C4,g_08F8C4,.rdata,4,0,0,1,1,0
0x1008F8C8,g_08F8C8,.rdata,4,0,0,1,1,0
0x1008F8D0,g_08F8D0,.rdata,4,0,0,3,7,0
0x1008F8D4,g_08F8D4,.rdata,4,0,0,2,2,0
0x1008F8D8,g_08F8D8,.rdata,4,0,0,1,1,0
0x1008F8DC,g_08F8DC,.rdata,4,0,0,2,5,0
0x1008F8E0,g_08F8E0,.rdata,4,0,0,1,2,0
0x1008F8E4,g_08F8E4,.rdata,4,0,0,4,9,0
0x1008F8EC,g_08F8EC,.rdata,4,0,0,1,1,0
0x1008F8F0,g_08F8F0,.rdata,4,0,0,1,2,0
0x1008F8F4,g_08F8F4,.rdata,4,0,0,1,2,0
0x1008F8F8,g_08F8F8,.rdata,4,0,0,2,3,0
0x1008F8FC,g_08F8FC,.rdata,4,0,0,1,1,0
0x1008F900,g_08F900,.rdata,4,0,0,1,1,0
0x1008F904,g_08F904,.rdata,4,0,0,7,9,0
0x1008F908,g_08F908,.rdata,4,0,0,1,1,0
0x1008F90C,g_08F90C,.rdata,4,0,0,1,1,0
0x1008F910,g_08F910,.rdata,4,0,0,8,33,0
0x1008F914,g_08F914,.rdata,4,0,0,3,8,0
0x1008F918,g_08F918,.rdata,4,0,0,2,6,0
0x1008F91C,g_08F91C,.rdata,4,0,0,3,10,0
0x1008F920,g_08F920,.rdata,4,0,0,1,1,0
0x1008F928,g_08F928,.rdata,4,0,0,1,1,0
0x1008F92C,g_08F92C,.rdata,4,0,0,1,4,0
0x1008F930,g_08F930,.rdata,4,0,0,5,20,0
0x1008F934,g_08F934,.rdata,4,0,0,1,1,0
0x1008F938,g_08F938,.rdata,4,0,0,1,2,0
0x1008F93C,g_08F93C,.rdata,4,0,0,4,5,0
0x1008F940,g_08F940,.rdata,4,0,0,1,2,0
0x1008F944,g_08F944,.rdata,4,0,0,2,4,0
0x1008F948,g_08F948,.rdata,8,0,0,1,1,0
0x1008F950,g_08F950,.rdata,4,0,0,1,3,0
0x1008F954,g_08F954,.rdata,4,0,0,1,2,0
0x1008F958,g_08F958,.rdata,8,0,0,1,1,0
0x1008F960,g_08F960,.rdata,4,0,0,1,1,0
0x1008F968,g_08F968,.rdata,8,0,0,1,1,0
0x1008F970,g_08F970,.rdata,8,0,0,1,1,0
0x1008F978,g_08F978,.rdata,4,0,0,1,1,0
0x1008F97C,g_08F97C,.rdata,4,0,0,1,1,0
0x1008F980,g_08F980,.rdata,4,0,0,1,1,0
0x1008F984,g_08F984,.rdata,4,0,0,1,1,0
0x1008F98C,g_08F98C,.rdata,4,0,0,1,1,0
0x1008F990,g_08F990,.rdata,8,0,0,1,1,0
0x1008F99C,g_08F99C,.rdata,4,0,0,1,2,0
0x1008F9A0,g_08F9A0,.rdata,4,0,0,2,4,0
0x1008F9A4,g_08F9A4,.rdata,4,0,0,1,1,0
0x1008F9A8,g_08F9A8,.rdata,4,0,0,1,1,0
0x1008F9AC,g_08F9AC,.rdata,4,0,0,1,1,0
0x1008F9B0,g_08F9B0,.rdata,4,0,0,1,3,0
0x1008F9B4,g_08F9B4,.rdata,4,0,0,1,1,0
0x1008F9B8,g_08F9B8,.rdata,4,0,0,1,2,0
0x1008F9BC,g_08F9BC,.rdata,4,0,0,1,2,0
0x1008F9C0,g_08F9C0,.rdata,4,0,0,1,1,0
0x1008F9C8,g_08F9C8,.rdata,8,0,0,1,1,0
0x1008F9D0,g_08F9D0,.rdata,4,0,0,1,3,0
0x1008F9D4,g_08F9D4,.rdata,4,0,0,1,1,0
0x1008F9D8,g_08F9D8,.rdata,4,0,0,1,1,0
0x1008F9DC,g_08F9DC,.rdata,4,0,0,1,1,0
0x1008F9E0,g_08F9E0,.rdata,4,0,0,1,2,0
0x1008F9E8,g_08F9E8,.rdata,4,0,0,1,1,0
0x1008F9EC,g_08F9EC,.rdata,4,0,0,1,1,0
0x1008F9F0,g_08F9F0,.rdata,4,0,0,1,1,0
0x1008F9F4,g_08F9F4,.rdata,4,0,0,1,1,0
0x1008F9F8,g_08F9F8,.rdata,4,0,0,1,2,0
0x1008F9FC,g_08F9FC,.rdata,4,0,0,1,2,0
0x1008FA00,g_08FA00,.rdata,4,0,0,1,2,0
0x1008FA04,g_08FA04,.rdata,4,0,0,1,2,0
0x1008FA08,g_08FA08,.rdata,8,0,0,1,1,0
0x1008FA10,g_08FA10,.rdata,4,0,0,1,1,0
0x1008FA14,g_08FA14,.rdata,4,0,0,1,1,0
0x1008FA1C,g_08FA1C,.rdata,4,0,0,2,3,0
0x1008FA20,g_08FA20,.rdata,8,0,0,2,3,0
0x1008FA28,g_08FA28,.rdata,4,0,0,1,1,0
0x1008FA30,g_08FA30,.rdata,4,0,0,1,1,0
0x1008FA34,g_08FA34,.rdata,4,0,0,1,1,0
0x1008FA38,g_08FA38,.rdata,4,0,0,1,1,0
0x1008FA3C,g_08FA3C,.rdata,4,0,0,1,1,0
0x1008FA40,g_08FA40,.rdata,4,0,0,1,1,0
0x1008FA44,g_08FA44,.rdata,4,0,0,1,1,0
0x1008FA48,g_08FA48,.rdata,4,0,0,1,1,0
0x1008FA4C,g_08FA4C,.rdata,4,0,0,1,1,0
0x1008FA50,g_08FA50,.rdata,4,0,0,1,1,0
0x1008FA54,g_08FA54,.rdata,4,0,0,1,1,0
0x1008FA58,g_08FA58,.rdata,4,0,0,1,1,0
0x1008FA5C,g_08FA5C,.rdata,4,0,0,1,3,0
0x1008FAA8,g_08FAA8,.rdata,4,0,0,1,3,0
0x1008FAB0,g_08FAB0,.rdata,4,0,0,18,156,0
0x1008FAB4,g_08FAB4,.rdata,4,0,0,7,33,0
0x1008FAB8,g_08FAB8,.rdata,4,0,0,6,22,0
0x1008FABC,g_08FABC,.rdata,4,0,0,2,5,0
0x1008FAC0,g_08FAC0,.rdata,4,0,0,1,2,0
0x1008FAC4,g_08FAC4,.rdata,4,0,0,1,2,0
0x1008FAC8,g_08FAC8,.rdata,4,0,0,1,1,0
0x1008FAD0,g_08FAD0,.rdata,8,0,0,1,4,0
0x1008FAD8,g_08FAD8,.rdata,4,0,0,1,2,0
0x1008FADC,g_08FADC,.rdata,4,0,0,1,1,0
0x1008FAE0,g_08FAE0,.rdata,4,0,0,1,1,0
0x1008FAE4,g_08FAE4,.rdata,4,0,0,1,2,0
0x1008FAE8,g_08FAE8,.rdata,8,0,0,2,6,0
0x1008FAF0,g_08FAF0,.rdata,4,0,0,4,9,0
0x1008FAF4,g_08FAF4,.rdata,4,0,0,1,2,0
0x1008FAF8,g_08FAF8,.rdata,4,0,0,1,1,0
0x1008FAFC,g_08FAFC,.rdata,4,0,0,1,1,0
0x1008FB00,g_08FB00,.rdata,4,0,0,7,26,0
0x1008FB08,g_08FB08,.rdata,4,0,0,2,2,0
0x1008FB0C,g_08FB0C,.rdata,4,0,0,1,2,0
0x1008FB10,g_08FB10,.rdata,4,0,0,1,1,0
0x1008FB18,g_08FB18,.rdata,8,0,0,1,1,0
0x1008FB20,g_08FB20,.rdata,4,0,0,1,1,0
0x1008FB24,g_08FB24,.rdata,4,0,0,1,1,0
0x1008FB28,g_08FB28,.rdata,4,0,0,1,1,0
0x1008FB2C,g_08FB2C,.rdata,4,0,0,2,2,0
0x1008FB30,g_08FB30,.rdata,4,0,0,1,1,0
0x1008FB34,g_08FB34,.rdata,4,0,0,1,4,0
0x1008FB38,g_08FB38,.rdata,4,0,0,1,1,0
0x1008FB40,g_08FB40,.rdata,8,0,0,1,1,0
0x1008FB48,g_08FB48,.rdata,8,0,0,1,1,0
0x1008FB50,g_08FB50,.rdata,8,0,0,1,3,0
0x1008FB58,g_08FB58,.rdata,8,0,0,2,3,0
0x1008FB60,g_08FB60,.rdata,4,0,0,1,1,0
0x1008FB64,g_08FB64,.rdata,4,0,0,1,1,0
0x1008FB68,g_08FB68,.rdata,4,0,0,3,3,0
0x1008FB6C,g_08FB6C,.rdata,4,0,0,3,3,0
0x1008FB70,g_08FB70,.rdata,4,0,0,2,12,0
0x1008FB74,g_08FB74,.rdata,4,0,0,1,1,0
0x1008FB78,g_08FB78,.rdata,4,0,0,1,3,0
0x1008FB7C,g_08FB7C,.rdata,4,0,0,1,1,0
0x1008FB80,g_08FB80,.rdata,8,0,0,3,5,0
0x1008FB88,g_08FB88,.rdata,8,0,0,3,5,0
0x1008FB90,g_08FB90,.rdata,8,0,0,1,6,0
0x1008FB98,g_08FB98,.rdata,8,0,0,1,6,0
0x1008FBA0,g_08FBA0,.rdata,8,0,0,1,4,0
0x1008FBA8,g_08FBA8,.rdata,4,0,0,1,1,0
0x1008FBB0,g_08FBB0,.rdata,8,0,0,1,1,0
0x1008FBBC,g_08FBBC,.rdata,4,0,0,1,1,0
0x1008FBC0,g_08FBC0,.rdata,4,0,0,1,3,0
0x1008FBC4,g_08FBC4,.rdata,4,0,0,1,1,0
0x1008FBCC,g_08FBCC,.rdata,4,0,0,1,1,0
0x1008FBD0,g_08FBD0,.rdata,4,0,0,1,1,0
0x1008FBD4,g_08FBD4,.rdata,4,0,0,1,3,0
0x1008FBD8,g_08FBD8,.rdata,4,0,0,1,1,0
0x1008FBDC,g_08FBDC,.rdata,4,0,0,1,3,0
0x1008FBE0,g_08FBE0,.rdata,8,0,0,2,4,0
0x1008FBE8,g_08FBE8,.rdata,8,0,0,2,4,0
0x1008FBF0,g_08FBF0,.rdata,8,0,0,2,2,0
0x1008FBF8,g_08FBF8,.rdata,8,0,0,2,2,0
0x1008FC00,g_08FC00,.rdata,4,0,0,1,1,0
0x1008FC08,g_08FC08,.rdata,8,0,0,1,1,0
0x1008FC10,g_08FC10,.rdata,4,0,0,1,2,0
0x1008FC14,g_08FC14,.rdata,4,0,0,1,1,0
0x1008FC18,g_08FC18,.rdata,4,0,0,1,6,0
0x1008FC24,g_08FC24,.rdata,4,0,0,1,1,0
0x1008FC28,g_08FC28,.rdata,4,0,0,1,1,0
0x1008FC2C,g_08FC2C,.rdata,4,0,0,1,1,0
0x1008FC30,g_08FC30,.rdata,4,0,0,1,1,0
0x1008FC38,g_08FC38,.rdata,8,0,0,1,1,0
0x1008FC40,g_08FC40,.rdata,8,0,0,1,1,0
0x1008FC48,g_08FC48,.rdata,4,0,0,4,6,0
0x1008FC4C,g_08FC4C,.rdata,4,0,0,1,3,0
0x1008FC54,g_08FC54,.rdata,4,0,0,1,3,0
0x1008FC58,g_08FC58,.rdata,4,0,0,1,1,0
0x1008FC5C,g_08FC5C,.rdata,4,0,0,1,3,0
0x1008FC60,g_08FC60,.rdata,4,0,0,7,18,0
0x1008FC64,g_08FC64,.rdata,4,0,0,1,1,0
0x1008FC68,g_08FC68,.rdata,8,0,0,1,1,0
0x1008FC70,g_08FC70,.rdata,4,0,0,1,2,0
0x1008FC74,g_08FC74,.rdata,4,0,0,3,4,0
0x1008FC78,g_08FC78,.rdata,4,0,0,1,2,0
0x1008FC7C,g_08FC7C,.rdata,4,0,0,1,1,0
0x1008FC80,g_08FC80,.rdata,4,0,0,1,2,0
0x1008FC84,g_08FC84,.rdata,4,0,0,1,2,0
0x1008FC88,g_08FC88,.rdata,4,0,0,1,1,0
0x1008FC8C,g_08FC8C,.rdata,4,0,0,1,3,0
0x1008FC90,g_08FC90,.rdata,4,0,0,1,2,0
0x1008FC94,g_08FC94,.rdata,4,0,0,1,2,0
0x1008FC98,g_08FC98,.rdata,4,0,0,1,2,0
0x1008FC9C,g_08FC9C,.rdata,4,0,0,1,1,0
0x1008FCA0,g_08FCA0,.rdata,4,0,0,1,1,0
0x1008FCA4,g_08FCA4,.rdata,4,0,0,1,1,0
0x1008FCA8,g_08FCA8,.rdata,4,0,0,2,4,0
0x1008FCAC,g_08FCAC,.rdata,4,0,0,1,1,0
0x100909A0,g_0909A0,.rdata,4,0,0,1,3,0
0x100909A4,g_0909A4,.rdata,4,0,0,1,3,0
0x100909A8,g_0909A8,.rdata,4,0,0,1,3,0
0x100909AC,g_0909AC,.rdata,4,0,0,1,3,0
0x100909C0,g_0909C0,.rdata,4,0,0,1,1,0
0x100909C4,g_0909C4,.rdata,4,0,0,1,1,0
0x100909C8,g_0909C8,.rdata,4,0,0,1,1,0
0x100909CC,g_0909CC,.rdata,4,0,0,1,1,0
0x100909E0,g_0909E0,.rdata,4,0,0,1,1,0
0x100909E4,g_0909E4,.rdata,4,0,0,1,1,0
0x100909E8,g_0909E8,.rdata,4,0,0,1,1,0
0x100909EC,g_0909EC,.rdata,4,0,0,1,1,0
0x10090A00,g_090A00,.rdata,4,0,0,1,1,0
0x10090A04,g_090A04,.rdata,4,0,0,1,1,0
0x10090A08,g_090A08,.rdata,4,0,0,1,1,0
0x10090A0C,g_090A0C,.rdata,4,0,0,1,1,0
0x10090A20,g_090A20,.rdata,4,0,0,1,1,0
0x10090A24,g_090A24,.rdata,4,0,0,1,1,0
0x10090A28,g_090A28,.rdata,4,0,0,1,1,0
0x10090A2C,g_090A2C,.rdata,4,0,0,1,1,0
0x10091460,g_091460,.rdata,8,0,0,1,1,0
0x100914A0,g_0914A0,.rdata,8,0,0,1,1,0
0x100914C0,g_0914C0,.rdata,8,0,0,1,1,0
0x100914F0,g_0914F0,.rdata,8,0,0,1,1,0
0x100914F8,g_0914F8,.rdata,4,0,0,1,1,0
0x100914FC,g_0914FC,.rdata,2,0,0,1,1,0
0x100916A8,g_0916A8,.rdata,8,0,0,1,6,0
0x100916B0,g_0916B0,.rdata,8,0,0,1,2,0
0x10091A40,g_091A40,.rdata,8,0,0,1,1,0
0x10091A48,g_091A48,.rdata,2,0,0,2,2,0
0x10091A4A,g_091A4A,.rdata,10,0,0,2,2,0
0x10091A54,g_091A54,.rdata,8,0,0,1,1,0
0x10091A5C,g_091A5C,.rdata,8,0,0,1,1,0
0x10091A64,g_091A64,.rdata,8,0,0,1,1,0
0x10091A6C,g_091A6C,.rdata,8,0,0,1,1,0
0x10091A74,g_091A74,.rdata,8,0,0,1,1,0
0x10091A7C,g_091A7C,.rdata,8,0,0,1,1,0
0x10091A88,g_091A88,.rdata,8,0,0,1,5,0
0x10091A90,g_091A90,.rdata,8,0,0,1,4,0
0x10091A98,g_091A98,.rdata,8,0,0,1,1,0
0x100923B0,g_0923B0,.rdata,4,0,0,1,1,0
0x100923B4,g_0923B4,.rdata,2,0,0,1,1,0
0x100923B6,g_0923B6,.rdata,1,0,0,1,1,0
0x100923B8,g_0923B8,.rdata,4,0,0,1,1,0
0x100923BC,g_0923BC,.rdata,2,0,0,1,1,0
0x100923C0,g_0923C0,.rdata,4,0,0,1,1,0
0x100923C4,g_0923C4,.rdata,2,0,0,1,1,0
0x100923C8,g_0923C8,.rdata,4,0,0,1,1,0
0x100923CC,g_0923CC,.rdata,2,0,0,1,1,0
0x100923CE,g_0923CE,.rdata,1,0,0,1,1,0
0x100940A4,g_0940A4,.data,4,0,0,28,34,1
0x100940A8,g_0940A8,.data,4,0,0,8,10,0
0x10094294,g_094294,.data,4,0,0,13,30,3
0x10094298,g_094298,.data,4,0,0,1,1,1
0x10094350,g_094350,.data,4,0,0,7,1,8
0x10094354,g_094354,.data,4,0,0,9,2,8
0x10094358,g_094358,.data,4,0,0,9,2,8
0x1009435C,g_09435C,.data,4,0,0,9,2,8
0x100A6238,g_0A6238,.data,4,1,8,1,1,0
0x100A62F8,g_0A62F8,.data,4,0,0,2,1,1
0x100A62FC,g_0A62FC,.data,4,0,0,2,1,1
0x100A6380,g_0A6380,.data,4,0,0,1,1,0
0x100A6498,g_0A6498,.data,4,1,4,2,1,1
0x100A649C,g_0A649C,.data,4,0,0,1,0,1
0x100A64A0,g_0A64A0,.data,4,0,0,1,0,1
0x100A64E8,g_0A64E8,.data,4,1,8,1,2,0
0x100A64F0,g_0A64F0,.data,4,1,8,1,2,0
0x100A65D8,g_0A65D8,.data,4,1,4,1,1,0
0x100A66E8,g_0A66E8,.data,4,0,0,3,1,3
0x100A66EC,g_0A66EC,.data,4,0,0,2,1,1
0x100A66FC,g_0A66FC,.data,4,0,0,3,3,0
0x100A6CF0,g_0A6CF0,.data,4,0,0,1,0,1
0x100A6CF4,g_0A6CF4,.data,4,0,0,1,1,1
0x100A6CF8,g_0A6CF8,.data,4,0,0,1,2,2
0x100A6CFC,g_0A6CFC,.data,4,0,0,1,1,1
0x100A73A8,g_0A73A8,.data,4,1,4,1,1,1
0x100A74A8,g_0A74A8,.data,4,0,0,2,1,1
0x100A74AC,g_0A74AC,.data,4,0,0,2,1,1
0x100A74B0,g_0A74B0,.data,4,0,0,2,1,1
0x100A79C8,g_0A79C8,.data,4,0,0,2,6,3
0x100A79CC,g_0A79CC,.data,4,0,0,3,4,3
0x100A79D8,g_0A79D8,.data,4,0,0,2,1,1
0x100A79DC,g_0A79DC,.data,4,0,0,10,13,5
0x100A79E0,g_0A79E0,.data,4,0,0,4,4,0
0x100A79E4,g_0A79E4,.data,4,0,0,4,4,0
0x100A79E8,g_0A79E8,.data,4,0,0,2,6,1
0x100A79EC,g_0A79EC,.data,4,0,0,13,45,12
0x100A79F0,g_0A79F0,.data,4,1,4,1,1,0
0x100A7A00,g_0A7A00,.data,4,0,0,2,1,9
0x100A7CB4,g_0A7CB4,.data,4,0,0,1,0,4
0x100A7CEC,g_0A7CEC,.data,4,0,0,1,0,4
0x100A7DF0,g_0A7DF0,.data,4,0,0,2,2,0
0x100A7DF4,g_0A7DF4,.data,4,0,0,2,6,4
0x100A7DF8,g_0A7DF8,.data,4,0,0,2,6,3
0x100A7DFC,g_0A7DFC,.data,4,0,0,3,2,3
0x100A7E00,g_0A7E00,.data,4,0,0,3,2,3
0x100A7E04,g_0A7E04,.data,4,0,0,3,2,3
0x100A7E08,g_0A7E08,.data,4,0,0,3,2,3
0x100A81A8,g_0A81A8,.data,4,0,0,1,1,0
0x100A81AC,g_0A81AC,.data,4,0,0,2,4,1
0x100A81B0,g_0A81B0,.data,4,0,0,2,5,3
0x100A81B4,g_0A81B4,.data,4,0,0,2,4,1
0x100A81B8,g_0A81B8,.data,4,0,0,2,5,3
0x100A81BC,g_0A81BC,.data,4,0,0,1,2,3
0x100A81C0,g_0A81C0,.data,4,0,0,21,25,3
0x100A81C4,g_0A81C4,.data,4,0,0,22,26,3
0x100A81C8,g_0A81C8,.data,4,0,0,2,2,2
0x100AA008,g_0AA008,.data,4,0,0,2,3,0
0x100AA00C,g_0AA00C,.data,4,0,0,2,2,2
0x100AA010,g_0AA010,.data,4,0,0,65,89,29
0x100AA020,g_0AA020,.data,4,1,4,1,3,0
0x100AA1F8,g_0AA1F8,.data,4,1,4,1,1,0
0x100AA228,g_0AA228,.data,4,1,8,1,2,0
0x100AA22C,g_0AA22C,.data,4,1,8,1,4,0
0x100AA268,g_0AA268,.data,4,1,4,1,1,0
0x100AA5A8,g_0AA5A8,.data,4,0,0,1,1,0
0x100AA5B0,g_0AA5B0,.data,4,1,4,1,1,0
0x100AA5D0,g_0AA5D0,.data,4,1,4,1,2,0
0x100AA720,g_0AA720,.data,4,0,0,4,3,1
0x100AA728,g_0AA728,.data,4,0,0,1,1,0
0x100AA72C,g_0AA72C,.data,4,0,0,1,1,0
0x100AA87C,g_0AA87C,.data,4,0,0,2,3,0
0x100AA880,g_0AA880,.data,4,0,0,2,6,0
0x100AA884,g_0AA884,.data,4,0,0,1,1,0
0x100AA888,g_0AA888,.data,4,0,0,1,1,0
0x100AA890,g_0AA890,.data,4,0,0,1,1,0
0x100AA894,g_0AA894,.data,4,0,0,1,1,0
0x100AA89C,g_0AA89C,.data,4,0,0,1,0,1
0x100AA8A0,g_0AA8A0,.data,4,0,0,2,1,2
0x100AA8A8,g_0AA8A8,.data,4,0,0,2,1,3
0x100AA8AC,g_0AA8AC,.data,4,0,0,1,5,0
0x100AA8B0,g_0AA8B0,.data,4,0,0,1,6,0
0x100AA8B4,g_0AA8B4,.data,4,0,0,18,33,2
0x100AA8C8,g_0AA8C8,.data,4,1,8,1,1,0
0x100AA8CC,g_0AA8CC,.data,4,1,8,1,1,0
0x100AAB18,g_0AAB18,.data,4,0,0,1,2,0
0x100AAC48,g_0AAC48,.data,4,1,4,2,2,0
0x100AB334,g_0AB334,.data,4,1,8,2,12,0
0x100AB3D8,g_0AB3D8,.data,4,0,0,4,2,2
0x100AB3DC,g_0AB3DC,.data,2,0,0,3,2,4
0x100AB3E0,g_0AB3E0,.data,4,0,0,2,1,1
0x100AB3E4,g_0AB3E4,.data,2,0,0,2,1,1
0x100AB3E8,g_0AB3E8,.data,4,0,0,2,1,6
0x100AB3EC,g_0AB3EC,.data,4,0,0,2,2,1
0x100AB3F4,g_0AB3F4,.data,4,0,0,22,19,16
0x100AB418,g_0AB418,.data,4,0,0,1,1,0
0x100AB41C,g_0AB41C,.data,4,0,0,1,1,0
0x100AB420,g_0AB420,.data,4,0,0,1,1,0
0x100AB424,g_0AB424,.data,4,0,0,1,1,0
0x100AB428,g_0AB428,.data,4,0,0,7,7,0
0x100AB42C,g_0AB42C,.data,4,0,0,7,7,0
0x100AB430,g_0AB430,.data,4,0,0,1,1,0
0x100AB434,g_0AB434,.data,4,0,0,1,1,0
0x100AB448,g_0AB448,.data,4,0,0,1,1,0
0x100AB44C,g_0AB44C,.data,4,0,0,1,1,0
0x100AB450,g_0AB450,.data,4,0,0,1,1,0
0x100AB57C,g_0AB57C,.data,4,1,8,3,3,0
0x100AB5F4,g_0AB5F4,.data,4,0,0,1,1,0
0x100AB9C4,g_0AB9C4,.data,4,0,0,1,1,0
0x100AB9C8,g_0AB9C8,.data,4,0,0,1,1,0
0x100AB9EC,g_0AB9EC,.data,4,0,0,1,1,0
0x100AB9F0,g_0AB9F0,.data,4,0,0,1,1,0
0x100AB9F4,g_0AB9F4,.data,4,0,0,1,2,0
0x100AB9F8,g_0AB9F8,.data,4,0,0,1,2,0
0x100AC300,g_0AC300,.data,4,0,0,14,14,3
0x100AC304,g_0AC304,.data,4,0,0,4,2,6
0x100AC308,g_0AC308,.data,4,1,4,2,4,0
0x100AC348,g_0AC348,.data,4,1,4,1,1,0
0x100AC358,g_0AC358,.data,4,1,4,1,1,0
0x100AC368,g_0AC368,.data,4,1,4,2,2,0
0x100AC3A8,g_0AC3A8,.data,4,1,4,1,1,0
0x100AC3B0,g_0AC3B0,.data,4,1,4,2,3,0
0x100AC3C8,g_0AC3C8,.data,4,1,4,1,1,0
0x100AC3E0,g_0AC3E0,.data,4,1,4,1,1,0
0x100AC3F0,g_0AC3F0,.data,4,1,4,1,1,0
0x100AC400,g_0AC400,.data,4,1,4,1,1,0
0x100AC408,g_0AC408,.data,4,1,4,1,1,0
0x100AC410,g_0AC410,.data,4,1,4,1,1,0
0x100AC418,g_0AC418,.data,4,1,4,1,1,0
0x100AC420,g_0AC420,.data,4,1,4,3,3,0
0x100AC4A0,g_0AC4A0,.data,4,1,4,3,3,0
0x100AC4B0,g_0AC4B0,.data,4,1,4,3,3,0
0x100AC4C0,g_0AC4C0,.data,4,1,4,3,3,0
0x100AC4D8,g_0AC4D8,.data,4,1,4,3,3,0
0x100AC518,g_0AC518,.data,4,1,4,3,3,0
0x100AC520,g_0AC520,.data,4,1,4,3,3,0
0x100AC530,g_0AC530,.data,4,1,4,1,1,0
0x100AC538,g_0AC538,.data,4,1,4,1,1,0
0x100AC540,g_0AC540,.data,4,1,4,1,1,0
0x100AC548,g_0AC548,.data,4,1,4,1,1,0
0x100AC550,g_0AC550,.data,2,1,2,1,1,0
0x100AC570,g_0AC570,.data,2,1,2,1,1,0
0x100AC5A8,g_0AC5A8,.data,2,1,4,1,1,0
0x100AC631,g_0AC631,.data,1,0,0,1,1,0
0x100AC640,g_0AC640,.data,2,1,4,1,1,0
0x100AC648,g_0AC648,.data,4,0,0,11,13,15
0x100AC64C,g_0AC64C,.data,4,0,0,10,7,9
0x100AC650,g_0AC650,.data,4,0,0,10,7,9
0x100AC654,g_0AC654,.data,4,0,0,12,13,23
0x100AC658,g_0AC658,.data,4,0,0,10,4,6
0x100AC65C,g_0AC65C,.data,4,0,0,8,7,8
0x100AC660,g_0AC660,.data,4,1,8,1,1,0
0x100AC664,g_0AC664,.data,4,1,8,1,1,0
0x100AC6A0,g_0AC6A0,.data,4,0,0,1,1,4
0x100AC6A4,g_0AC6A4,.data,2,0,0,2,1,1
0x100AC6AC,g_0AC6AC,.data,4,0,0,1,1,0
0x100AC9DC,g_0AC9DC,.data,2,0,0,1,1,0
0x100ACE5C,g_0ACE5C,.data,1,1,8,1,1,0
0x100AD280,g_0AD280,.data,2,0,0,1,1,0
0x100ADF58,g_0ADF58,.data,4,0,0,1,0,1
0x100ADF5C,g_0ADF5C,.data,4,0,0,1,0,1
0x100ADF60,g_0ADF60,.data,4,0,0,2,3,1
0x100ADF68,g_0ADF68,.data,1,1,4,3,3,0
0x100ADF90,g_0ADF90,.data,1,1,4,3,3,0
0x100ADFB8,g_0ADFB8,.data,4,0,0,1,2,0
0x100ADFBC,g_0ADFBC,.data,4,0,0,1,2,0
0x100ADFC0,g_0ADFC0,.data,4,0,0,1,2,0
0x100ADFC8,g_0ADFC8,.data,4,0,0,1,1,0
0x100ADFE0,g_0ADFE0,.data,4,1,8,1,1,0
0x100B2AD0,g_0B2AD0,.data,4,0,0,2,1,1
0x100B3664,g_0B3664,.data,4,0,0,2,1,1
0x100B3668,g_0B3668,.data,4,0,0,1,1,8
0x100B366C,g_0B366C,.data,4,0,0,1,1,8
0x100B3670,g_0B3670,.data,4,0,0,1,1,8
0x100B36F8,g_0B36F8,.data,4,0,0,17,58,10
0x100B36FC,g_0B36FC,.data,4,0,0,21,63,11
0x100B3700,g_0B3700,.data,4,0,0,1,1,0
0x100B380C,g_0B380C,.data,4,0,0,33,40,16
0x100B3810,g_0B3810,.data,4,1,8,1,2,0
0x100B3814,g_0B3814,.data,4,1,8,3,5,0
0x100B3818,g_0B3818,.data,4,1,8,2,3,0
0x100B381C,g_0B381C,.data,1,1,8,1,1,0
0x100B381E,g_0B381E,.data,2,1,8,1,1,0
0x100B3820,g_0B3820,.data,1,1,2,6,10,0
0x100B3821,g_0B3821,.data,1,1,2,4,6,0
0x100B388C,g_0B388C,.data,4,0,0,1,1,0
0x100B38A0,g_0B38A0,.data,4,1,4,1,1,0
0x100B3960,g_0B3960,.data,4,1,4,1,1,0
0x100B3AA8,g_0B3AA8,.data,4,0,0,2,4,0
0x100B3AB4,g_0B3AB4,.data,4,0,0,2,4,0
0x100B3AB8,g_0B3AB8,.data,4,0,0,2,4,0
0x100B4050,g_0B4050,.data,4,0,0,21,81,8
0x100B433C,g_0B433C,.data,4,1,4,1,2,0
0x100B5420,g_0B5420,.data,4,0,0,2,3,0
0x100B5424,g_0B5424,.data,4,0,0,2,2,2
0x100B5968,g_0B5968,.data,4,0,0,2,3,2
0x100B5D90,g_0B5D90,.data,2,0,0,2,0,2
0x100B5DE8,g_0B5DE8,.data,4,0,0,20,20,1
0x100B5DF0,g_0B5DF0,.data,4,1,4,9,7,3
0x100B5E30,g_0B5E30,.data,4,1,8,1,1,0
0x100B5E34,g_0B5E34,.data,4,1,8,1,1,0
0x100B64B0,g_0B64B0,.data,4,1,4,1,0,2
0x100B64F8,g_0B64F8,.data,4,1,4,1,0,2
0x100B6540,g_0B6540,.data,4,1,4,3,2,1
0x100B6C00,g_0B6C00,.data,4,1,8,2,1,1
0x100B6C48,g_0B6C48,.data,4,1,8,2,1,1
0x100B80B8,g_0B80B8,.data,4,1,4,2,2,0
0x100B84F4,g_0B84F4,.data,4,1,4,1,3,0
0x100B84F8,g_0B84F8,.data,4,1,4,1,1,0
0x100B8C90,g_0B8C90,.data,4,0,0,7,9,5
0x100B8C94,g_0B8C94,.data,4,0,0,4,3,1
0x100BBAC8,g_0BBAC8,.data,4,1,4,1,1,0
0x100BBAD4,g_0BBAD4,.data,4,0,0,1,1,1
0x100BBAD8,g_0BBAD8,.data,1,0,0,4,6,3
0x100BBADC,g_0BBADC,.data,1,0,0,1,0,1
0x100BBAE0,g_0BBAE0,.data,1,0,0,4,1,3
0x100BBAE4,g_0BBAE4,.data,1,0,0,1,0,1
0x100BD2A8,g_0BD2A8,.data,4,1,4,6,7,0
0x100BD3E0,g_0BD3E0,.data,4,0,0,20,20,10
0x100BD3E8,g_0BD3E8,.data,4,0,0,2,2,1
0x100BD3EC,g_0BD3EC,.data,4,0,0,2,2,1
0x100BD3F0,g_0BD3F0,.data,4,0,0,2,2,1
0x100BD3F4,g_0BD3F4,.data,4,0,0,3,3,1
0x100BD3F8,g_0BD3F8,.data,4,0,0,2,2,1
0x100BD3FC,g_0BD3FC,.data,4,0,0,2,2,1
0x100BD400,g_0BD400,.data,4,1,4,1,1,0
0x100BD424,g_0BD424,.data,4,0,0,1,2,0
0x100BD428,g_0BD428,.data,4,0,0,1,1,0
0x100BD42C,g_0BD42C,.data,4,0,0,1,1,1
0x100BD430,g_0BD430,.data,4,0,0,1,0,1
0x100BD438,g_0BD438,.data,4,0,0,4,2,2
0x100BD594,g_0BD594,.data,4,0,0,2,3,0
0x100BD598,g_0BD598,.data,4,0,0,1,1,0
0x100BD640,g_0BD640,.data,4,0,0,1,1,0
0x100BD8E0,g_0BD8E0,.data,4,0,0,1,1,0
0x100BD8F4,g_0BD8F4,.data,4,1,8,1,1,0
0x100BDA60,g_0BDA60,.data,4,0,0,1,2,0
0x100BDA70,g_0BDA70,.data,4,0,0,1,2,0
0x100BDA80,g_0BDA80,.data,4,0,0,1,2,0
0x100BDA90,g_0BDA90,.data,4,0,0,1,2,0
0x100BDAA0,g_0BDAA0,.data,8,0,0,1,1,0
0x100BDAA8,g_0BDAA8,.data,4,0,0,1,2,0
0x100BDAB0,g_0BDAB0,.data,4,0,0,1,1,0
0x100BDAB8,g_0BDAB8,.data,4,0,0,2,1,1
0x100BDABC,g_0BDABC,.data,4,0,0,2,1,1
0x100BDAC0,g_0BDAC0,.data,4,0,0,2,1,1
0x100BDAC4,g_0BDAC4,.data,4,0,0,2,1,1
0x100BDAC8,g_0BDAC8,.data,4,0,0,1,0,1
0x100BDACC,g_0BDACC,.data,4,0,0,1,0,1
0x100BDAD0,g_0BDAD0,.data,4,0,0,1,2,0
0x100BDAD4,g_0BDAD4,.data,4,0,0,1,1,0
0x100BDAD8,g_0BDAD8,.data,4,0,0,4,6,2
0x100BDAE0,g_0BDAE0,.data,4,1,4,2,4,1
0x100BDAE4,g_0BDAE4,.data,4,0,0,2,2,0
0x100BDB04,g_0BDB04,.data,4,0,0,2,2,0
0x100BDB14,g_0BDB14,.data,4,0,0,2,2,0
0x100BDB24,g_0BDB24,.data,4,0,0,2,2,0
0x100BDBC8,g_0BDBC8,.data,4,0,0,1,1,1
0x100BDBCC,g_0BDBCC,.data,4,0,0,2,4,2
0x100BDBD8,g_0BDBD8,.data,4,0,0,2,1,1
0x100BFBE8,g_0BFBE8,.data,4,0,0,2,3,5
0x100BFBEC,g_0BFBEC,.data,4,0,0,3,3,0
0x100BFC00,g_0BFC00,.data,4,0,0,1,1,0
0x100BFC0C,g_0BFC0C,.data,4,1,8,1,1,0
0x100BFCE0,g_0BFCE0,.data,4,0,0,2,9,0
0x100BFCE4,g_0BFCE4,.data,4,0,0,2,6,0
0x100BFCE8,g_0BFCE8,.data,4,0,0,1,1,0
0x100BFCEC,g_0BFCEC,.data,4,0,0,1,1,0
0x100BFCF0,g_0BFCF0,.data,4,0,0,1,4,0
0x100BFCF4,g_0BFCF4,.data,4,0,0,1,2,0
0x100BFD00,g_0BFD00,.data,4,0,0,1,1,0
0x100BFD04,g_0BFD04,.data,4,0,0,1,1,0
0x100BFD08,g_0BFD08,.data,10,0,0,1,2,0
0x100BFD18,g_0BFD18,.data,10,0,0,1,1,0
0x100BFD28,g_0BFD28,.data,4,0,0,13,30,2
0x100BFD2C,g_0BFD2C,.data,4,0,0,1,0,2
0x100BFF34,g_0BFF34,.data,4,0,0,13,28,1
0x100BFF38,g_0BFF38,.data,1,0,0,7,10,1
0x100BFF3C,g_0BFF3C,.data,4,0,0,1,0,1
0x100C00A0,g_0C00A0,.data,4,1,4,1,1,0
0x100C0150,g_0C0150,.data,4,0,0,1,1,0
0x100C0160,g_0C0160,.data,10,0,0,6,6,0
0x100C016A,g_0C016A,.data,10,0,0,1,1,0
0x100C0174,g_0C0174,.data,8,0,0,1,1,0
0x100C0190,g_0C0190,.data,10,0,0,2,6,0
0x100C019A,g_0C019A,.data,10,0,0,1,1,0
0x100C01AE,g_0C01AE,.data,10,0,0,1,1,0
0x100C01C2,g_0C01C2,.data,8,0,0,1,1,0
0x100C02E8,g_0C02E8,.data,4,1,8,1,1,0
0x100C02EC,g_0C02EC,.data,4,1,8,1,2,0
0x100C0428,g_0C0428,.data,4,0,0,1,2,0
0x100C042C,g_0C042C,.data,4,0,0,1,2,0
0x100C0434,g_0C0434,.data,4,0,0,1,1,0
0x100C0438,g_0C0438,.data,4,0,0,3,3,0
0x100C0C40,g_0C0C40,.data,4,0,0,2,3,6
0x100C0C44,g_0C0C44,.data,4,0,0,3,2,3
0x100C0C48,g_0C0C48,.data,4,0,0,3,2,2
0x100C0CD0,g_0C0CD0,.data,4,0,0,1,4,0
0x100C0CD4,g_0C0CD4,.data,4,0,0,1,5,0
0x100C0CD8,g_0C0CD8,.data,4,0,0,3,1,2
0x100C0CDC,g_0C0CDC,.data,4,0,0,2,1,1
0x100C0CE0,g_0C0CE0,.data,4,0,0,2,1,1
0x100C0CE8,g_0C0CE8,.data,4,0,0,3,1,3
0x100C0CEC,g_0C0CEC,.data,4,0,0,2,1,1
0x100C0CF0,g_0C0CF0,.data,4,0,0,2,1,3
0x100C0CF4,g_0C0CF4,.data,4,1,4,1,1,0
0x100C0D2C,g_0C0D2C,.data,4,1,4,2,2,0
0x100C0D80,g_0C0D80,.data,4,0,0,1,2,0
0x100C0D84,g_0C0D84,.data,4,0,0,1,2,0
0x100C0D88,g_0C0D88,.data,4,0,0,1,1,0
0x100C0DA4,g_0C0DA4,.data,8,0,0,2,6,0
0x100C0DAC,g_0C0DAC,.data,8,0,0,2,2,0
0x100C0DBC,g_0C0DBC,.data,8,0,0,2,2,0
0x100C0DC4,g_0C0DC4,.data,10,0,0,2,2,0
0x100C0DCE,g_0C0DCE,.data,4,1,4,1,1,0
0x100C0F7C,g_0C0F7C,.data,4,0,0,1,0,2
0x100C0F88,g_0C0F88,.data,4,0,0,1,0,1
0x100C0F8C,g_0C0F8C,.data,4,0,0,1,0,1
0x100C0F90,g_0C0F90,.data,4,0,0,1,0,1
0x100C0FB8,g_0C0FB8,.data,4,0,0,2,17,2
0x100C129C,g_0C129C,.data,4,0,0,2,1,2
0x100C12A0,g_0C12A0,.data,4,1,8,3,3,0
0x100C1385,g_0C1385,.data,1,1,8,1,1,0
0x10100E10,g_100E10,.data,1,0,0,1,1,0
0x10220B20,g_220B20,.data,4,0,0,7,5,4
0x10220B24,g_220B24,.data,4,0,0,3,4,1
0x10220B28,g_220B28,.data,4,0,0,2,2,1
0x10220B2C,g_220B2C,.data,4,0,0,2,3,1
0x10220B30,g_220B30,.data,4,0,0,2,1,1
0x10220B34,g_220B34,.data,4,0,0,2,1,1
0x10220B38,g_220B38,.data,4,0,0,1,1,0
0x10220B3C,g_220B3C,.data,1,0,0,1,1,0
0x10220B40,g_220B40,.data,2,0,0,1,1,0
0x10220B44,g_220B44,.data,4,0,0,1,1,0
0x10220C38,g_220C38,.data,4,0,0,8,5,4
0x10220C3C,g_220C3C,.data,4,0,0,15,15,6
0x10220C40,g_220C40,.data,4,0,0,8,14,1
0x10220C44,g_220C44,.data,4,0,0,6,3,4
0x10220C48,g_220C48,.data,4,0,0,2,1,2
0x10220C4C,g_220C4C,.data,4,0,0,3,2,1
0x10220C50,g_220C50,.data,2,0,0,1,0,1
0x10220C52,g_220C52,.data,2,0,0,1,0,1
0x10220C54,g_220C54,.data,4,0,0,2,0,2
0x10220C58,g_220C58,.data,4,0,0,3,1,2
0x10220C5C,g_220C5C,.data,2,0,0,1,0,1
0x10220C5E,g_220C5E,.data,2,0,0,1,0,1
0x10220C60,g_220C60,.data,2,0,0,1,0,1
0x10220C62,g_220C62,.data,2,0,0,1,0,1
0x10220C64,g_220C64,.data,4,0,0,1,0,1
0x10220C68,g_220C68,.data,4,0,0,1,0,1
0x10220C6C,g_220C6C,.data,4,0,0,2,0,2
0x10220C70,g_220C70,.data,4,0,0,1,0,1
0x10220C74,g_220C74,.data,4,0,0,1,0,1
0x10220C78,g_220C78,.data,2,0,0,1,0,1
0x10220C7A,g_220C7A,.data,2,0,0,1,0,1
0x10220C7C,g_220C7C,.data,4,0,0,1,0,1
0x10220C80,g_220C80,.data,4,0,0,1,0,1
0x10220C84,g_220C84,.data,4,0,0,1,0,1
0x10220C88,g_220C88,.data,4,0,0,1,0,1
0x10220C8C,g_220C8C,.data,2,0,0,1,0,1
0x10220C8E,g_220C8E,.data,2,0,0,1,0,1
0x10220C90,g_220C90,.data,2,0,0,1,0,1
0x10220C92,g_220C92,.data,2,0,0,2,0,2
0x10220C94,g_220C94,.data,2,0,0,1,0,1
0x10220C96,g_220C96,.data,2,0,0,1,0,1
0x10220C98,g_220C98,.data,4,0,0,1,0,1
0x10220C9C,g_220C9C,.data,2,0,0,1,0,1
0x10220C9E,g_220C9E,.data,2,0,0,1,0,1
0x10220CA0,g_220CA0,.data,4,0,0,1,0,1
0x10220CA4,g_220CA4,.data,4,0,0,1,0,1
0x10220CA8,g_220CA8,.data,4,0,0,1,0,1
0x10220CAC,g_220CAC,.data,4,0,0,1,0,1
0x10220CB0,g_220CB0,.data,4,0,0,1,0,1
0x10220CB4,g_220CB4,.data,4,0,0,1,0,1
0x10220CB8,g_220CB8,.data,4,0,0,1,0,1
0x10220CBC,g_220CBC,.data,4,0,0,1,0,1
0x10220CC0,g_220CC0,.data,2,0,0,1,0,1
0x10220CC2,g_220CC2,.data,2,0,0,1,0,1
0x10220CC4,g_220CC4,.data,2,0,0,1,0,1
0x10220CC6,g_220CC6,.data,2,0,0,1,0,1
0x10220CC8,g_220CC8,.data,2,0,0,1,0,1
0x10220CCA,g_220CCA,.data,2,0,0,1,0,1
0x10220CCC,g_220CCC,.data,2,0,0,1,0,1
0x10220CD0,g_220CD0,.data,4,0,0,18,23,4
0x10220CD4,g_220CD4,.data,4,0,0,11,4,10
0x10220CD8,g_220CD8,.data,4,0,0,4,2,3
0x10220CDC,g_220CDC,.data,1,0,0,2,2,3
0x10220CE0,g_220CE0,.data,4,0,0,3,3,0
0x10220CEC,g_220CEC,.data,4,0,0,5,7,2
0x10220D68,g_220D68,.data,4,0,0,1,1,0
0x10220D90,g_220D90,.data,4,1,4,2,1,1
0x10220DD0,g_220DD0,.data,4,0,0,4,1,3
0x10220DD4,g_220DD4,.data,4,0,0,3,2,3
0x10220DD8,g_220DD8,.data,4,0,0,4,1,3
0x10220DDC,g_220DDC,.data,4,0,0,6,9,2
0x10220E60,g_220E60,.data,4,0,0,1,3,2
0x10220E64,g_220E64,.data,4,0,0,1,3,2
0x10220E68,g_220E68,.data,4,0,0,1,3,2
0x10220E6C,g_220E6C,.data,4,0,0,1,3,2
0x10220E70,g_220E70,.data,4,0,0,1,3,2
0x10220E74,g_220E74,.data,4,0,0,1,3,2
0x10220E78,g_220E78,.data,4,0,0,1,3,2
0x10220E80,g_220E80,.data,1,0,0,1,0,1
0x10221280,g_221280,.data,4,0,0,2,1,1
0x10221288,g_221288,.data,4,1,4,3,1,2
0x102212C8,g_2212C8,.data,4,0,0,3,1,2
0x102212D0,g_2212D0,.data,4,1,4,1,1,0
0x10221310,g_221310,.data,4,0,0,5,4,5
0x10221314,g_221314,.data,4,0,0,4,2,5
0x10221318,g_221318,.data,4,0,0,4,3,4
0x1022131C,g_22131C,.data,4,0,0,6,9,2
0x10221320,g_221320,.data,4,0,0,3,1,2
0x10221324,g_221324,.data,4,0,0,6,9,2
0x10221328,g_221328,.data,4,1,8,4,8,0
0x1022AAA8,g_22AAA8,.data,4,0,0,4,1,3
0x1022AAB0,g_22AAB0,.data,4,1,8,1,0,1
0x1022AAB4,g_22AAB4,.data,4,1,8,1,0,1
0x1022AAF4,g_22AAF4,.data,4,0,0,4,2,5
0x1022AEF8,g_22AEF8,.data,4,0,0,3,1,6
0x1022AEFC,g_22AEFC,.data,4,0,0,2,2,1
0x1022AF00,g_22AF00,.data,4,0,0,3,1,3
0x1022AF04,g_22AF04,.data,4,0,0,6,9,2
0x1022AF08,g_22AF08,.data,4,0,0,3,1,3
0x1022AF0C,g_22AF0C,.data,4,0,0,3,1,2
0x1022AF10,g_22AF10,.data,4,0,0,3,1,2
0x1022AF14,g_22AF14,.data,4,0,0,7,11,4
0x1022AF18,g_22AF18,.data,4,0,0,23,32,8
0x1022AF1C,g_22AF1C,.data,4,0,0,5,5,0
0x1022AF20,g_22AF20,.data,4,0,0,5,2,6
0x1022AF24,g_22AF24,.data,4,0,0,6,12,2
0x1022AF28,g_22AF28,.data,4,0,0,5,7,2
0x1022AF2C,g_22AF2C,.data,4,0,0,5,8,2
0x1022AF30,g_22AF30,.data,4,0,0,6,10,2
0x1022AF34,g_22AF34,.data,4,0,0,7,12,2
0x1022AF38,g_22AF38,.data,4,0,0,1,1,2
0x1022AF3C,g_22AF3C,.data,4,0,0,2,1,2
0x1022AF40,g_22AF40,.data,4,0,0,1,1,2
0x1022B348,g_22B348,.data,4,0,0,2,1,1
0x1022B34C,g_22B34C,.data,4,0,0,12,11,7
0x1022B350,g_22B350,.data,4,0,0,18,8,14
0x1022B358,g_22B358,.data,4,1,4,1,1,0
0x10277358,g_277358,.data,4,0,0,3,3,2
0x1027735C,g_27735C,.data,4,0,0,3,7,1
0x10277368,g_277368,.data,4,0,0,38,186,2
0x1027736C,g_27736C,.data,4,0,0,9,15,1
0x10277370,g_277370,.data,4,0,0,15,142,29
0x10277378,g_277378,.data,4,0,0,13,22,6
0x1027737C,g_27737C,.data,4,0,0,13,22,8
0x10277380,g_277380,.data,4,0,0,13,22,8
0x10277384,g_277384,.data,4,0,0,13,22,8
0x10277388,g_277388,.data,4,0,0,13,22,4
0x1027738C,g_27738C,.data,4,0,0,14,22,7
0x10277390,g_277390,.data,4,0,0,13,22,7
0x10277394,g_277394,.data,4,0,0,13,22,8
0x10277398,g_277398,.data,4,0,0,13,22,3
0x1027739C,g_27739C,.data,4,0,0,13,22,3
0x102773A0,g_2773A0,.data,4,0,0,13,22,8
0x102773F8,g_2773F8,.data,4,0,0,12,2,11
0x102773FC,g_2773FC,.data,4,0,0,12,7,11
0x10277400,g_277400,.data,4,0,0,12,7,11
0x10277404,g_277404,.data,4,0,0,12,7,11
0x10277408,g_277408,.data,4,0,0,12,4,11
0x1027740C,g_27740C,.data,4,0,0,13,6,11
0x10277410,g_277410,.data,4,0,0,12,6,11
0x10277414,g_277414,.data,4,0,0,12,7,11
0x10277418,g_277418,.data,4,0,0,12,2,11
0x1027741C,g_27741C,.data,4,0,0,12,2,11
0x10277420,g_277420,.data,4,0,0,12,7,11
0x10277478,g_277478,.data,4,0,0,3,0,4
0x10277480,g_277480,.data,4,0,0,1,0,1
0x102774E4,g_2774E4,.data,4,0,0,1,0,1
0x10277504,g_277504,.data,1,0,0,2,4,0
0x10277534,g_277534,.data,4,0,0,2,6,0
0x10277538,g_277538,.data,4,0,0,2,4,0
0x10277580,g_277580,.data,4,0,0,1,0,1
0x102775E4,g_2775E4,.data,4,0,0,1,0,1
0x10277604,g_277604,.data,1,0,0,2,4,0
0x10277680,g_277680,.data,4,0,0,1,0,1
0x10277684,g_277684,.data,4,0,0,1,0,1
0x10277688,g_277688,.data,4,0,0,1,0,1
0x1027768C,g_27768C,.data,4,0,0,2,1,1
0x10277690,g_277690,.data,4,0,0,1,0,1
0x10277694,g_277694,.data,4,0,0,1,0,1
0x10277698,g_277698,.data,4,0,0,1,0,1
0x1027769C,g_27769C,.data,4,0,0,1,0,1
0x102776A0,g_2776A0,.data,4,0,0,2,1,2
0x10277B1C,g_277B1C,.data,4,0,0,1,3,0
0x10277B20,g_277B20,.data,4,0,0,1,1,1
0x10277B40,g_277B40,.data,4,0,0,21,30,2
0x10277B44,g_277B44,.data,4,0,0,1,1,1
0x10277B48,g_277B48,.data,4,0,0,4,4,0
0x10277B4C,g_277B4C,.data,4,0,0,2,2,0
0x10277B54,g_277B54,.data,4,0,0,2,3,2
0x10277B5C,g_277B5C,.data,4,0,0,3,3,2
0x10277B60,g_277B60,.data,4,0,0,2,2,2
0x10277B68,g_277B68,.data,4,1,4,2,1,3
0x10277BA8,g_277BA8,.data,4,0,0,1,1,1
0x10277BAC,g_277BAC,.data,4,0,0,1,1,1
0x10277BB0,g_277BB0,.data,4,0,0,1,1,1
0x10277BB8,g_277BB8,.data,4,1,8,1,2,0
0x10277BC0,g_277BC0,.data,4,1,8,1,1,0
0x10277BC8,g_277BC8,.data,1,1,8,1,0,1
0x10277BC9,g_277BC9,.data,1,1,8,1,0,1
0x10277BCA,g_277BCA,.data,1,1,8,1,0,1
0x10277D38,g_277D38,.data,4,1,4,1,0,1
0x10277D78,g_277D78,.data,4,0,0,1,1,2
0x10277D7C,g_277D7C,.data,4,0,0,1,1,2
0x10277D80,g_277D80,.data,4,0,0,1,1,2
0x10277DC8,g_277DC8,.data,4,1,4,2,3,1
0x10277E14,g_277E14,.data,4,0,0,2,3,1
0x10277E18,g_277E18,.data,4,1,4,2,9,1
0x10277E58,g_277E58,.data,4,0,0,1,5,3
0x10277E5C,g_277E5C,.data,4,0,0,2,7,2
0x10277E60,g_277E60,.data,4,1,4,2,1,2
0x10277EA0,g_277EA0,.data,4,0,0,2,1,1
0x10277EC0,g_277EC0,.data,4,1,4,1,4,0
0x102E54B4,g_2E54B4,.data,4,0,0,1,0,1
0x102E54B8,g_2E54B8,.data,4,0,0,1,3,3
0x102E5EC0,g_2E5EC0,.data,4,0,0,2,3,2
0x102E5EC4,g_2E5EC4,.data,4,0,0,2,1,1
0x102E5EC8,g_2E5EC8,.data,4,0,0,3,3,1
0x102E5ECC,g_2E5ECC,.data,4,0,0,4,7,8
0x102E5ED0,g_2E5ED0,.data,4,0,0,1,0,2
0x102E5ED4,g_2E5ED4,.data,4,0,0,1,0,1
0x102E5ED8,g_2E5ED8,.data,4,0,0,1,4,3
0x102E5EE0,g_2E5EE0,.data,4,1,4,1,1,0
0x102E5EE4,g_2E5EE4,.data,4,1,4,1,1,1
0x102E5F24,g_2E5F24,.data,4,0,0,2,3,2
0x10362F28,g_362F28,.data,2,1,2,2,3,2
0x10363F28,g_363F28,.data,4,1,4,1,2,0
0x10363F2C,g_363F2C,.data,4,1,4,1,0,2
0x10363F68,g_363F68,.data,4,1,4,1,2,1
0x10363FE8,g_363FE8,.data,4,0,0,1,0,1
0x10363FEC,g_363FEC,.data,4,0,0,2,2,2
0x10363FF0,g_363FF0,.data,4,0,0,4,3,3
0x10363FF4,g_363FF4,.data,4,0,0,2,23,5
0x10363FF8,g_363FF8,.data,4,0,0,1,3,4
0x10364000,g_364000,.data,1,1,4,1,1,1
0x10364001,g_364001,.data,4,1,4,1,1,1
0x10364304,g_364304,.data,4,0,0,4,6,3
0x10364308,g_364308,.data,4,1,4,1,1,1
0x10364388,g_364388,.data,4,0,0,2,5,1
0x1036438C,g_36438C,.data,4,0,0,1,1,2
0x10364390,g_364390,.data,4,0,0,1,2,2
0x10364394,g_364394,.data,4,0,0,1,3,2
0x10364398,g_364398,.data,4,0,0,1,0,2
0x1036439C,g_36439C,.data,4,0,0,2,4,2
0x103643A0,g_3643A0,.data,4,0,0,2,4,1
0x103643A4,g_3643A4,.data,4,0,0,2,6,4
0x103643A8,g_3643A8,.data,4,0,0,1,1,2
0x103643AC,g_3643AC,.data,4,0,0,1,1,2
0x103643B0,g_3643B0,.data,4,0,0,1,1,2
0x103643B4,g_3643B4,.data,4,0,0,2,2,1
0x103643B8,g_3643B8,.data,4,0,0,2,2,1
0x103643BC,g_3643BC,.data,4,0,0,3,2,1
0x1039B6C0,g_39B6C0,.data,4,0,0,2,2,3
0x1039B6C4,g_39B6C4,.data,4,0,0,1,1,0
0x1039B6C8,g_39B6C8,.data,4,0,0,3,7,1
0x1039B6CC,g_39B6CC,.data,2,0,0,2,1,2
0x1039B710,g_39B710,.data,4,0,0,2,3,1
0x1039B714,g_39B714,.data,2,0,0,2,1,1
0x1039B718,g_39B718,.data,4,0,0,2,3,1
0x1039B71C,g_39B71C,.data,4,0,0,2,4,1
0x1039B728,g_39B728,.data,4,1,4,2,0,4
0x1039B72C,g_39B72C,.data,4,0,0,2,0,2
0x1039B730,g_39B730,.data,4,0,0,2,0,2
0x1039B734,g_39B734,.data,4,0,0,2,0,2
0x1039B738,g_39B738,.data,4,0,0,2,0,2
0x1039B73C,g_39B73C,.data,4,0,0,2,1,2
0x1039B75C,g_39B75C,.data,4,0,0,2,3,2
0x10482618,g_482618,.data,4,1,8,1,1,0
0x104ADCF0,g_4ADCF0,.data,4,0,0,1,0,1
0x104AFD00,g_4AFD00,.data,4,0,0,2,1,2
0x104AFD04,g_4AFD04,.data,4,0,0,3,2,2
0x104AFD08,g_4AFD08,.data,4,0,0,3,2,2
0x104AFD0C,g_4AFD0C,.data,4,0,0,2,1,2
0x104AFD14,g_4AFD14,.data,4,0,0,3,2,2
0x104AFD18,g_4AFD18,.data,4,0,0,3,1,2
0x104AFD1C,g_4AFD1C,.data,4,0,0,2,2,2
0x104AFF20,g_4AFF20,.data,1,0,0,1,0,2
0x104B0338,g_4B0338,.data,4,0,0,4,2,3
0x104B033C,g_4B033C,.data,4,0,0,4,1,4
0x104B0340,g_4B0340,.data,4,0,0,2,1,3
0x104B0344,g_4B0344,.data,4,0,0,2,1,3
0x104B0348,g_4B0348,.data,4,0,0,3,3,1
0x104B0358,g_4B0358,.data,1,0,0,2,1,1
0x104B035C,g_4B035C,.data,1,0,0,4,1,3
0x104B0360,g_4B0360,.data,1,0,0,3,2,2
0x104B0364,g_4B0364,.data,4,0,0,2,1,1
0x104B0368,g_4B0368,.data,4,0,0,2,1,1
0x104B036C,g_4B036C,.data,4,0,0,2,1,1
0x104B0370,g_4B0370,.data,4,0,0,2,1,1
0x104B0378,g_4B0378,.data,4,0,0,1,0,1
0x104B037C,g_4B037C,.data,4,0,0,1,0,1
0x104B0380,g_4B0380,.data,4,0,0,1,0,1
0x104B0688,g_4B0688,.data,4,0,0,1,0,1
0x104B068C,g_4B068C,.data,4,0,0,1,0,1
0x104B0690,g_4B0690,.data,4,0,0,1,0,1
0x104B0694,g_4B0694,.data,4,0,0,1,0,1
0x104B0698,g_4B0698,.data,4,0,0,1,0,1
0x104B069C,g_4B069C,.data,4,0,0,1,0,1
0x104B1F00,g_4B1F00,.data,4,0,0,1,4,2
0x104B2550,g_4B2550,.data,4,0,0,3,4,2
0x104B2554,g_4B2554,.data,4,0,0,1,2,0
0x104B2558,g_4B2558,.data,4,0,0,1,1,0
0x104B255C,g_4B255C,.data,4,0,0,1,2,2
0x104B2560,g_4B2560,.data,4,0,0,3,2,1
0x104B2564,g_4B2564,.data,4,0,0,3,2,1
0x104B2568,g_4B2568,.data,4,0,0,3,2,1
0x104B2570,g_4B2570,.data,4,1,4,1,1,0
0x104BBDE8,g_4BBDE8,.data,4,0,0,1,3,2
0x104BBDF0,g_4BBDF0,.data,4,1,4,1,1,0
0x104BBE08,g_4BBE08,.data,4,0,0,13,15,5
0x104BBE0C,g_4BBE0C,.data,4,0,0,2,6,2
0x104BBE14,g_4BBE14,.data,4,0,0,1,1,1
0x104BBE18,g_4BBE18,.data,1,0,0,3,4,1
0x104BBE1C,g_4BBE1C,.data,4,0,0,3,2,2
0x104BBE20,g_4BBE20,.data,4,0,0,4,6,1
0x104BBE24,g_4BBE24,.data,4,0,0,1,2,1
0x104BBE28,g_4BBE28,.data,4,0,0,3,0,8
0x104BBE2C,g_4BBE2C,.data,4,0,0,1,0,1
0x104BBE30,g_4BBE30,.data,4,0,0,3,2,1
0x104BBE38,g_4BBE38,.data,4,0,0,5,5,0
0x104BBE3A,g_4BBE3A,.data,1,0,0,5,5,0
0x104BBE40,g_4BBE40,.data,1,0,0,5,5,0
0x104BBE41,g_4BBE41,.data,1,0,0,5,5,0
0x104BBE42,g_4BBE42,.data,1,0,0,5,5,0
0x104BBE48,g_4BBE48,.data,4,0,0,5,5,0
0x104BBE4A,g_4BBE4A,.data,1,0,0,5,5,0
0x104BBEB8,g_4BBEB8,.data,4,0,0,3,2,1
0x104BBF00,g_4BBF00,.data,1,0,0,2,1,1
0x104BBF04,g_4BBF04,.data,4,0,0,3,2,1
0x104BBF08,g_4BBF08,.data,4,0,0,10,8,2
0x104BC190,g_4BC190,.data,4,0,0,7,8,1
0x104BC194,g_4BC194,.data,1,0,0,2,1,1
0x104BC198,g_4BC198,.data,4,0,0,10,8,2
0x104C01A0,g_4C01A0,.data,4,0,0,4,1,3
0x104C01A4,g_4C01A4,.data,4,0,0,4,3,4
0x104C0BA8,g_4C0BA8,.data,4,0,0,2,1,1
0x104C0BAC,g_4C0BAC,.data,4,0,0,3,2,1
0x104C0BB0,g_4C0BB0,.data,4,0,0,10,8,2
0x104C0BB4,g_4C0BB4,.data,4,0,0,3,2,3
0x104C0BB8,g_4C0BB8,.data,4,0,0,10,8,2
0x104C0BBC,g_4C0BBC,.data,4,0,0,13,16,17
0x104C0BC0,g_4C0BC0,.data,4,1,4,4,0,4
0x104C0DC0,g_4C0DC0,.data,4,0,0,3,2,2
0x104C15C8,g_4C15C8,.data,4,0,0,3,2,2
0x104C15CC,g_4C15CC,.data,1,0,0,2,1,1
0x104C15D0,g_4C15D0,.data,4,0,0,6,3,5
0x104C15D4,g_4C15D4,.data,4,0,0,6,3,5
0x104C15D8,g_4C15D8,.data,4,0,0,6,3,5
0x104C15DC,g_4C15DC,.data,4,0,0,6,3,5
0x104C15E0,g_4C15E0,.data,4,0,0,6,3,5
0x104C15E4,g_4C15E4,.data,4,0,0,6,3,5
0x104C15E8,g_4C15E8,.data,4,0,0,6,6,5
0x104C15EC,g_4C15EC,.data,4,0,0,6,6,5
0x104C15F0,g_4C15F0,.data,4,0,0,6,6,5
0x104C1690,g_4C1690,.data,4,0,0,6,5,1
0x104C1694,g_4C1694,.data,4,0,0,2,1,1
0x104C1698,g_4C1698,.data,4,0,0,3,2,1
0x104C169C,g_4C169C,.data,4,0,0,3,2,1
0x104C16A0,g_4C16A0,.data,4,0,0,4,0,7
0x104C16A8,g_4C16A8,.data,4,1,4,2,1,1
0x104C16D0,g_4C16D0,.data,4,1,4,7,7,0
0x104C4D10,g_4C4D10,.data,4,0,0,7,7,0
0x104C4D14,g_4C4D14,.data,4,0,0,7,7,0
0x104C4D18,g_4C4D18,.data,4,0,0,7,7,0
0x104C4D1C,g_4C4D1C,.data,4,0,0,7,7,0
0x104C4D20,g_4C4D20,.data,4,0,0,7,7,0
0x104C4D24,g_4C4D24,.data,4,0,0,7,7,0
0x104C4D28,g_4C4D28,.data,4,0,0,7,7,0
0x104C4D2C,g_4C4D2C,.data,4,0,0,7,7,0
0x104C4D30,g_4C4D30,.data,4,0,0,7,7,0
0x104C4D34,g_4C4D34,.data,4,0,0,7,7,0
0x104C4D38,g_4C4D38,.data,4,0,0,7,7,0
0x104C4D3C,g_4C4D3C,.data,4,0,0,7,7,0
0x104C4D40,g_4C4D40,.data,4,0,0,7,7,0
0x104C4D44,g_4C4D44,.data,4,0,0,7,7,0
0x104C4D48,g_4C4D48,.data,4,0,0,7,7,0
0x104C4D4C,g_4C4D4C,.data,4,0,0,7,7,0
0x104C4D50,g_4C4D50,.data,2,1,2,11,0,45
0x104C5150,g_4C5150,.data,1,0,0,2,1,1
0x104C5154,g_4C5154,.data,4,0,0,6,5,1
0x104C5158,g_4C5158,.data,4,0,0,2,1,1
0x104C515C,g_4C515C,.data,4,0,0,2,1,1
0x104C5160,g_4C5160,.data,4,0,0,6,5,1
0x104C5164,g_4C5164,.data,4,0,0,4,3,3
0x104C5168,g_4C5168,.data,4,0,0,2,1,1
0x104C516C,g_4C516C,.data,4,0,0,3,3,2
0x104C5170,g_4C5170,.data,4,0,0,3,1,2
0x104C5174,g_4C5174,.data,4,0,0,2,1,1
0x104C5178,g_4C5178,.data,4,0,0,5,4,3
0x104C517C,g_4C517C,.data,4,0,0,3,1,2
0x104C5180,g_4C5180,.data,4,0,0,8,5,9
0x104C5184,g_4C5184,.data,4,0,0,2,5,4
0x104C5188,g_4C5188,.data,4,0,0,35,45,39
0x104C518C,g_4C518C,.data,4,0,0,31,67,80
0x104C5190,g_4C5190,.data,4,0,0,34,72,39
0x104C5194,g_4C5194,.data,4,0,0,1,1,1
0x104C5198,g_4C5198,.data,4,0,0,1,0,1
0x104C51A0,g_4C51A0,.data,1,0,0,2,1,1
0x104C51A4,g_4C51A4,.data,4,0,0,2,1,1
0x104D51A8,g_4D51A8,.data,1,0,0,2,1,1
0x104D51AC,g_4D51AC,.data,4,0,0,10,8,10
0x104D51B0,g_4D51B0,.data,1,0,0,2,1,1
0x104D51B4,g_4D51B4,.data,4,0,0,1,0,1
0x104D51B8,g_4D51B8,.data,4,0,0,2,1,2
0x104D51BC,g_4D51BC,.data,4,0,0,3,2,1
0x105551D0,g_5551D0,.data,1,0,0,2,1,1
0x105551D4,g_5551D4,.data,1,0,0,2,1,1
0x105553D8,g_5553D8,.data,1,0,0,2,1,1
0x105553DC,g_5553DC,.data,4,0,0,1,0,2
0x105553E0,g_5553E0,.data,4,0,0,2,0,2
0x105553E4,g_5553E4,.data,4,0,0,2,1,1
0x105553E8,g_5553E8,.data,4,0,0,2,0,2
0x105553EC,g_5553EC,.data,4,0,0,1,0,1
0x105553F0,g_5553F0,.data,4,0,0,6,9,3
0x105553F4,g_5553F4,.data,4,0,0,3,1,3
0x105553F8,g_5553F8,.data,4,0,0,2,4,10
0x105553FC,g_5553FC,.data,4,0,0,2,2,1
0x10555400,g_555400,.data,1,0,0,2,1,1
0x10575410,g_575410,.data,1,0,0,2,1,1
0x10575414,g_575414,.data,4,0,0,3,1,6
0x10575420,g_575420,.data,4,0,0,4,5,1
0x10575424,g_575424,.data,4,0,0,3,3,3
0x10575428,g_575428,.data,4,0,0,3,1,3
0x1057542C,g_57542C,.data,4,0,0,6,11,3
0x10575430,g_575430,.data,4,0,0,4,20,5
0x10575434,g_575434,.data,4,0,0,3,1,2
0x10575438,g_575438,.data,4,0,0,4,3,4
0x1057543C,g_57543C,.data,4,0,0,17,34,3
0x10575440,g_575440,.data,4,0,0,5,0,5
0x10575444,g_575444,.data,4,0,0,5,0,5
0x10575448,g_575448,.data,4,0,0,2,2,3
0x1057544C,g_57544C,.data,4,0,0,4,13,2
0x10575450,g_575450,.data,4,0,0,1,1,1
0x10575454,g_575454,.data,4,0,0,2,2,1
0x10575458,g_575458,.data,4,0,0,1,1,1
0x1057545C,g_57545C,.data,4,0,0,1,1,1
0x10575460,g_575460,.data,4,0,0,1,1,1
0x10575464,g_575464,.data,4,0,0,1,31,4
0x10575468,g_575468,.data,4,0,0,1,1,1
0x1057546C,g_57546C,.data,4,0,0,2,2,1
0x10575470,g_575470,.data,4,0,0,2,2,1
0x10575474,g_575474,.data,4,0,0,2,2,1
0x10575478,g_575478,.data,4,0,0,2,1,1
0x1057547C,g_57547C,.data,4,0,0,1,1,1
0x10575480,g_575480,.data,4,0,0,4,4,1
0x10575484,g_575484,.data,4,0,0,4,5,1
0x10575488,g_575488,.data,4,0,0,1,1,1
0x1057548C,g_57548C,.data,4,0,0,2,2,1
0x10575490,g_575490,.data,4,0,0,1,1,1
0x10575494,g_575494,.data,4,0,0,1,1,1
0x10575498,g_575498,.data,4,0,0,1,1,1
0x1057549C,g_57549C,.data,4,0,0,1,1,1
0x105754A0,g_5754A0,.data,4,0,0,2,2,1
0x105754A4,g_5754A4,.data,4,0,0,1,1,1
0x105754A8,g_5754A8,.data,4,0,0,2,2,1
0x105754AC,g_5754AC,.data,4,0,0,1,1,1
0x105754B0,g_5754B0,.data,4,0,0,2,2,1
0x105754B4,g_5754B4,.data,4,0,0,1,1,1
0x105754B8,g_5754B8,.data,4,0,0,1,1,1
0x105754BC,g_5754BC,.data,4,0,0,1,2,1
0x105754C0,g_5754C0,.data,4,0,0,2,2,1
0x105754C4,g_5754C4,.data,4,0,0,2,2,1
0x105754C8,g_5754C8,.data,4,0,0,1,1,1
0x105754CC,g_5754CC,.data,4,0,0,1,1,1
0x105754D0,g_5754D0,.data,4,0,0,2,2,1
0x105754D4,g_5754D4,.data,4,0,0,1,0,3
0x105754D8,g_5754D8,.data,4,0,0,1,0,1
0x105754DC,g_5754DC,.data,4,0,0,1,0,1
0x105754E0,g_5754E0,.data,4,0,0,2,2,2
0x105754E8,g_5754E8,.data,4,1,4,1,0,1
0x105754F0,g_5754F0,.data,4,1,4,2,1,1
0x105754F8,g_5754F8,.data,4,0,0,3,3,2
0x105754FC,g_5754FC,.data,4,0,0,3,2,2
0x10575500,g_575500,.data,4,0,0,4,4,4
0x10575504,g_575504,.data,4,0,0,3,3,2
0x10575508,g_575508,.data,4,0,0,3,5,3
0x1057550C,g_57550C,.data,4,0,0,2,3,1
0x10575510,g_575510,.data,4,0,0,4,5,4
0x10575514,g_575514,.data,4,0,0,4,8,3
0x10575518,g_575518,.data,4,0,0,6,11,4
0x1057551C,g_57551C,.data,4,0,0,2,2,2
0x10575520,g_575520,.data,4,0,0,2,2,2
0x10575524,g_575524,.data,4,0,0,2,1,2
0x10575528,g_575528,.data,4,0,0,2,1,2
0x1057552C,g_57552C,.data,4,0,0,2,1,2
0x10575530,g_575530,.data,4,0,0,5,4,2
0x10575538,g_575538,.data,4,0,0,2,1,1
0x1057553C,g_57553C,.data,4,0,0,3,2,1
0x10675540,g_675540,.data,4,0,0,2,1,1
0x10675550,g_675550,.data,4,1,4,1,1,0
0x1067B548,g_67B548,.data,4,0,0,3,2,2
0x1067B54C,g_67B54C,.data,4,0,0,3,2,2
0x1067B550,g_67B550,.data,4,1,4,1,0,1
0x1067D550,g_67D550,.data,4,0,0,2,1,2
0x1067D558,g_67D558,.data,4,1,4,1,1,0
0x1067D570,g_67D570,.data,4,0,0,1,2,0
0x1067D578,g_67D578,.data,4,0,0,1,0,1
0x1067D57C,g_67D57C,.data,4,0,0,1,0,1
0x10680584,g_680584,.data,4,0,0,29,37,2
0x10680598,g_680598,.data,4,0,0,3,3,2
0x1068059C,g_68059C,.data,4,0,0,2,1,1
0x106805A0,g_6805A0,.data,4,0,0,2,1,1
0x106805A8,g_6805A8,.data,4,0,0,1,2,2
0x106805B0,g_6805B0,.data,4,1,4,2,1,1
0x106805B8,g_6805B8,.data,4,0,0,6,9,4
0x106805BC,g_6805BC,.data,4,0,0,2,1,2
0x106805C0,g_6805C0,.data,4,0,0,2,8,2
0x106805C4,g_6805C4,.data,4,0,0,1,1,3
0x106805C8,g_6805C8,.data,4,1,4,2,2,1
0x106805D0,g_6805D0,.data,4,1,4,1,0,1
0x10680610,g_680610,.data,4,0,0,1,0,2
0x10680618,g_680618,.data,4,0,0,2,22,5
0x1068061C,g_68061C,.data,4,0,0,1,2,2
0x10680620,g_680620,.data,4,0,0,1,1,1
0x10680624,g_680624,.data,4,0,0,1,3,2
0x10680628,g_680628,.data,4,0,0,1,7,2
0x1068062C,g_68062C,.data,4,0,0,1,2,2
0x10680630,g_680630,.data,4,0,0,1,3,1
0x10680634,g_680634,.data,4,0,0,1,6,2
0x10680638,g_680638,.data,4,0,0,1,6,2
0x1068063C,g_68063C,.data,4,0,0,1,5,3
0x10680640,g_680640,.data,4,0,0,1,4,2
0x10680644,g_680644,.data,4,0,0,1,0,1
0x10680648,g_680648,.data,4,0,0,1,0,1
0x1068064C,g_68064C,.data,4,0,0,1,0,1
0x10680650,g_680650,.data,4,0,0,1,2,0
0x10680654,g_680654,.data,4,0,0,1,2,0
0x10680658,g_680658,.data,4,0,0,1,2,0
0x1068065C,g_68065C,.data,4,0,0,1,0,1
0x10680660,g_680660,.data,4,0,0,1,0,1
0x10680664,g_680664,.data,4,0,0,1,0,1
0x10680668,g_680668,.data,4,0,0,1,4,2
0x1068066C,g_68066C,.data,4,1,4,1,0,1
0x106806D8,g_6806D8,.data,4,0,0,1,3,3
0x106806DC,g_6806DC,.data,4,0,0,2,2,3
0x106806E0,g_6806E0,.data,4,0,0,1,0,1
0x106806E4,g_6806E4,.data,4,1,4,1,0,1
0x10680728,g_680728,.data,4,1,4,2,1,1
0x10680730,g_680730,.data,4,0,0,4,8,3
0x10680734,g_680734,.data,4,0,0,3,17,9
0x10680738,g_680738,.data,1,0,0,4,3,3
0x10680739,g_680739,.data,1,0,0,1,1,0
0x1068073C,g_68073C,.data,4,0,0,2,0,2
0x1068073F,g_68073F,.data,1,0,0,1,1,0
0x10680740,g_680740,.data,4,0,0,2,0,2
0x10680744,g_680744,.data,4,0,0,2,0,2
0x10680748,g_680748,.data,4,1,4,2,1,1
0x10680750,g_680750,.data,4,0,0,1,3,2
0x10680758,g_680758,.data,4,1,4,1,0,1
0x10680938,g_680938,.data,4,0,0,1,1,2
0x1068093C,g_68093C,.data,4,0,0,2,1,2
0x10680940,g_680940,.data,4,0,0,1,2,2
0x10680944,g_680944,.data,4,0,0,3,3,1
0x10680948,g_680948,.data,4,0,0,1,2,2
0x106909B0,g_6909B0,.data,4,0,0,2,2,4
0x106909B4,g_6909B4,.data,4,0,0,18,26,4
0x106909B8,g_6909B8,.data,4,0,0,4,3,2
0x106909BC,g_6909BC,.data,4,0,0,1,0,4
0x106909C8,g_6909C8,.data,4,0,0,1,1,2
0x106909CC,g_6909CC,.data,4,0,0,1,1,2
0x106909D0,g_6909D0,.data,4,0,0,2,1,3
0x106909D4,g_6909D4,.data,4,0,0,1,0,2
0x106909D8,g_6909D8,.data,4,0,0,5,2,6
0x106909E0,g_6909E0,.data,4,0,0,24,50,9
0x106909E4,g_6909E4,.data,4,0,0,1,2,12
0x106909E8,g_6909E8,.data,4,0,0,1,1,1
0x106909EC,g_6909EC,.data,4,0,0,1,1,3
0x106909F0,g_6909F0,.data,4,0,0,1,3,8
0x106909F4,g_6909F4,.data,4,0,0,1,2,2
0x106909F8,g_6909F8,.data,4,0,0,1,1,4
0x106909FC,g_6909FC,.data,4,0,0,1,1,2
0x10690A10,g_690A10,.data,4,0,0,1,0,1
0x10690A14,g_690A14,.data,4,0,0,2,1,6
0x10690A18,g_690A18,.data,4,0,0,5,11,3
0x10690A1C,g_690A1C,.data,4,0,0,1,1,1
0x10690A20,g_690A20,.data,4,0,0,2,1,1
0x10690A24,g_690A24,.data,4,0,0,2,1,1
0x10690A28,g_690A28,.data,4,0,0,3,2,1
0x10690A30,g_690A30,.data,4,0,0,1,0,2
0x10690BE8,g_690BE8,.data,1,0,0,4,15,5
0x10690BEC,g_690BEC,.data,4,0,0,5,7,1
0x10690BF0,g_690BF0,.data,1,0,0,2,4,4
0x10690FF8,g_690FF8,.data,1,0,0,1,0,3
0x10690FF9,g_690FF9,.data,1,0,0,1,0,3
0x10690FFA,g_690FFA,.data,1,0,0,1,0,3
0x10690FFB,g_690FFB,.data,1,0,0,1,0,3
0x106C0200,g_6C0200,.data,1,0,0,5,15,7
0x106C0204,g_6C0204,.data,4,0,0,1,2,4
0x106C0208,g_6C0208,.data,4,0,0,1,1,1
0x106C020C,g_6C020C,.data,4,0,0,1,2,2
0x106C0210,g_6C0210,.data,4,0,0,2,1,1
0x106C0258,g_6C0258,.data,4,0,0,9,15,1
0x106C0260,g_6C0260,.data,1,0,0,5,14,7
0x106C0670,g_6C0670,.data,4,0,0,3,2,1
0x106C0674,g_6C0674,.data,4,0,0,3,2,1
0x106C0678,g_6C0678,.data,4,0,0,3,2,1
0x106C067C,g_6C067C,.data,2,0,0,3,4,0
0x106C0680,g_6C0680,.data,4,0,0,35,721,659
0x106C0684,g_6C0684,.data,4,0,0,10,21,4
0x106C0688,g_6C0688,.data,4,0,0,9,10,1
0x106C069C,g_6C069C,.data,4,0,0,3,3,4
0x106C06A4,g_6C06A4,.data,4,0,0,3,4,4
0x106C06A8,g_6C06A8,.data,4,0,0,3,9,0
0x106C0860,g_6C0860,.data,4,0,0,4,6,3
0x106C0864,g_6C0864,.data,4,0,0,4,6,3
0x106C0868,g_6C0868,.data,4,0,0,1,2,2
0x106C086C,g_6C086C,.data,4,0,0,3,4,2
0x106C0870,g_6C0870,.data,4,0,0,4,6,3
0x106C0874,g_6C0874,.data,4,0,0,4,6,3
0x106C0878,g_6C0878,.data,4,0,0,1,2,2
0x106C087C,g_6C087C,.data,4,0,0,3,4,2
0x106C0880,g_6C0880,.data,4,0,0,4,6,3
0x106C0884,g_6C0884,.data,4,0,0,4,6,3
0x106C0888,g_6C0888,.data,4,0,0,1,2,2
0x106C088C,g_6C088C,.data,4,0,0,3,4,2
0x106C0890,g_6C0890,.data,4,0,0,4,11,5
0x106C0894,g_6C0894,.data,4,0,0,4,11,5
0x106C0898,g_6C0898,.data,4,0,0,2,6,3
0x106C089C,g_6C089C,.data,4,0,0,3,8,2
0x106C08A0,g_6C08A0,.data,4,0,0,3,0,3
0x106C08A4,g_6C08A4,.data,4,0,0,3,0,3
0x106C08A8,g_6C08A8,.data,4,0,0,3,0,3
0x106C08AC,g_6C08AC,.data,4,0,0,3,0,3
0x106C08B0,g_6C08B0,.data,4,0,0,3,0,3
0x106C08B4,g_6C08B4,.data,4,0,0,3,0,3
0x106C08B8,g_6C08B8,.data,4,0,0,3,0,3
0x106C08BC,g_6C08BC,.data,4,0,0,3,0,3
0x106C08C0,g_6C08C0,.data,4,0,0,3,0,3
0x106C08C4,g_6C08C4,.data,4,0,0,3,0,3
0x106C08C8,g_6C08C8,.data,4,0,0,3,0,3
0x106C08CC,g_6C08CC,.data,4,0,0,3,0,3
0x106C08D0,g_6C08D0,.data,4,0,0,3,0,3
0x106C08D4,g_6C08D4,.data,4,0,0,3,0,3
0x106C08D8,g_6C08D8,.data,4,0,0,3,0,3
0x106C08DC,g_6C08DC,.data,4,0,0,3,0,3
0x106C0920,g_6C0920,.data,4,0,0,5,5,1
0x106C0928,g_6C0928,.data,2,1,4,1,1,0
0x106C092A,g_6C092A,.data,1,1,4,1,1,0
0x106C092B,g_6C092B,.data,1,1,4,1,1,0
0x106C0938,g_6C0938,.data,4,0,0,1,1,0
0x106C0944,g_6C0944,.data,4,0,0,3,5,1
0x106C0950,g_6C0950,.data,4,1,4,2,2,1
0x106C0960,g_6C0960,.data,1,0,0,2,4,4
0x106C0964,g_6C0964,.data,4,0,0,3,2,1
0x106C0968,g_6C0968,.data,1,0,0,2,8,4
0x106C1170,g_6C1170,.data,4,0,0,1,1,1
0x106C1174,g_6C1174,.data,4,0,0,8,13,3
0x106C1178,g_6C1178,.data,4,0,0,1,0,1
0x106C1580,g_6C1580,.data,1,0,0,2,8,4
0x106C1608,g_6C1608,.data,4,0,0,2,1,1
0x106C1610,g_6C1610,.data,4,0,0,3,3,4
0x106C1614,g_6C1614,.data,1,0,0,5,15,7
0x106C1618,g_6C1618,.data,4,0,0,2,1,1
0x106C161C,g_6C161C,.data,4,0,0,2,2,2
0x106C1620,g_6C1620,.data,4,0,0,1,0,1
0x106C1638,g_6C1638,.data,4,0,0,4,3,1
0x106C1690,g_6C1690,.data,4,0,0,4,3,1
0x106C1988,g_6C1988,.data,4,0,0,2,2,0
0x106C198C,g_6C198C,.data,4,0,0,2,3,3
0x106C299C,g_6C299C,.data,4,0,0,11,24,4
0x106C29A4,g_6C29A4,.data,4,0,0,3,2,1
0x106C29A8,g_6C29A8,.data,4,0,0,2,3,1
0x106C29AC,g_6C29AC,.data,4,0,0,2,3,1
0x106C29B0,g_6C29B0,.data,4,0,0,2,3,1
0x106C29B4,g_6C29B4,.data,4,0,0,2,3,1
0x106C29B8,g_6C29B8,.data,4,0,0,2,3,1
0x106C29BC,g_6C29BC,.data,4,0,0,2,3,1
0x106C29C0,g_6C29C0,.data,4,0,0,2,3,1
0x106C29C4,g_6C29C4,.data,4,0,0,2,3,1
0x106C29C8,g_6C29C8,.data,4,0,0,2,3,1
0x106C29CC,g_6C29CC,.data,4,0,0,2,3,1
0x106C29D0,g_6C29D0,.data,4,0,0,2,3,1
0x106C29D4,g_6C29D4,.data,4,0,0,2,3,1
0x106C29D8,g_6C29D8,.data,4,0,0,2,2,1
0x106C29DC,g_6C29DC,.data,4,0,0,2,2,1
0x106C29E0,g_6C29E0,.data,4,0,0,2,2,1
0x106C29E4,g_6C29E4,.data,4,0,0,2,2,1
0x106C29E8,g_6C29E8,.data,4,0,0,2,6,1
0x106C2CF0,g_6C2CF0,.data,4,0,0,2,1,1
0x106C2CF4,g_6C2CF4,.data,4,0,0,2,1,1
0x106C2CF8,g_6C2CF8,.data,4,0,0,14,38,1
0x106C2CFC,g_6C2CFC,.data,4,0,0,22,56,4
0x106C32CC,g_6C32CC,.data,4,0,0,1,1,1
0x106C32D0,g_6C32D0,.data,4,0,0,8,12,3
0x106C3300,g_6C3300,.data,4,0,0,1,1,0
0x106C3308,g_6C3308,.data,4,0,0,3,24,2
0x106C3310,g_6C3310,.data,4,0,0,1,4,0
0x106C3314,g_6C3314,.data,4,0,0,1,4,0
0x106C331C,g_6C331C,.data,4,0,0,1,4,0
0x106C3320,g_6C3320,.data,4,0,0,1,4,0
0x106C3328,g_6C3328,.data,4,0,0,1,4,0
0x106C332C,g_6C332C,.data,4,0,0,1,4,0
0x106C3334,g_6C3334,.data,4,0,0,1,4,0
0x106C3338,g_6C3338,.data,4,0,0,1,4,0
0x106C3340,g_6C3340,.data,4,0,0,1,4,0
0x106C3344,g_6C3344,.data,4,0,0,1,4,0
0x106C334C,g_6C334C,.data,4,0,0,1,4,0
0x106C3350,g_6C3350,.data,4,0,0,1,4,0
0x106C3358,g_6C3358,.data,1,0,0,1,0,3
0x106C3359,g_6C3359,.data,1,0,0,1,0,3
0x106C335A,g_6C335A,.data,1,0,0,1,0,3
0x106C335B,g_6C335B,.data,1,0,0,1,0,3
0x106C335C,g_6C335C,.data,1,0,0,2,8,4
0x106C3360,g_6C3360,.data,4,0,0,1,1,1
0x106C3364,g_6C3364,.data,4,0,0,9,16,3
0x106C3398,g_6C3398,.data,4,0,0,1,6,9
0x106C33B8,g_6C33B8,.data,4,0,0,1,1,1
0x106C53C0,g_6C53C0,.data,4,0,0,1,0,1
0x106C5468,g_6C5468,.data,4,1,4,1,2,2
0x106C56B0,g_6C56B0,.data,4,0,0,1,4,4
0x106C56B4,g_6C56B4,.data,4,0,0,1,4,4
0x106C56D0,g_6C56D0,.data,4,0,0,3,2,1
0x106C56D8,g_6C56D8,.data,4,0,0,2,6,2
0x106C56DC,g_6C56DC,.data,4,0,0,1,1,1
0x106C56E0,g_6C56E0,.data,4,0,0,1,0,1
0x106C56E4,g_6C56E4,.data,4,0,0,1,0,1
0x106C56E8,g_6C56E8,.data,4,0,0,2,1,2
0x106C56EC,g_6C56EC,.data,4,0,0,1,0,1
0x106C5708,g_6C5708,.data,4,0,0,15,57,1
0x106C5AB0,g_6C5AB0,.data,4,0,0,2,8,1
0x106C5AB4,g_6C5AB4,.data,4,0,0,1,1,1
0x106C62D8,g_6C62D8,.data,4,0,0,3,0,3
0x106C6490,g_6C6490,.data,4,0,0,10,39,3
0x106C6494,g_6C6494,.data,1,0,0,1,0,3
0x106C6495,g_6C6495,.data,1,0,0,1,0,3
0x106C6496,g_6C6496,.data,1,0,0,1,0,3
0x106C6497,g_6C6497,.data,1,0,0,1,0,3
0x106C64D8,g_6C64D8,.data,4,0,0,1,4,9
0x106C64F8,g_6C64F8,.data,4,0,0,1,2,2
0x106C6558,g_6C6558,.data,4,1,4,1,0,1
0x106C6598,g_6C6598,.data,4,0,0,1,1,0
0x106C65A0,g_6C65A0,.data,4,1,2,1,1,0
0x106C65B8,g_6C65B8,.data,4,0,0,3,0,3
0x106C65BC,g_6C65BC,.data,1,0,0,2,4,4
0x106C65D8,g_6C65D8,.data,4,0,0,1,2,1
0x106C65DC,g_6C65DC,.data,4,0,0,1,4,2
0x106C65E0,g_6C65E0,.data,4,0,0,2,3,2
0x106C65E4,g_6C65E4,.data,4,0,0,10,20,1
0x106C65E8,g_6C65E8,.data,4,0,0,1,0,1
0x106C65EC,g_6C65EC,.data,4,0,0,9,17,1
0x106C65F4,g_6C65F4,.data,4,0,0,2,1,2
0x106C65F8,g_6C65F8,.data,4,0,0,1,3,1
0x106C65FC,g_6C65FC,.data,4,0,0,1,1,0
0x106C6604,g_6C6604,.data,4,0,0,1,1,0
0x106C6608,g_6C6608,.data,4,0,0,2,2,0
0x106C660C,g_6C660C,.data,4,0,0,1,4,0
0x106C6614,g_6C6614,.data,4,0,0,2,2,0
0x106C6618,g_6C6618,.data,4,0,0,12,24,5
0x106C661C,g_6C661C,.data,4,0,0,21,33,2
0x106C6620,g_6C6620,.data,4,0,0,20,31,2
0x106C6624,g_6C6624,.data,4,0,0,21,31,2
0x106C662C,g_6C662C,.data,4,0,0,1,1,0
0x106C6630,g_6C6630,.data,4,0,0,1,2,0
0x106C6644,g_6C6644,.data,4,0,0,1,1,0
0x106C6648,g_6C6648,.data,4,0,0,2,1,2
0x106C664C,g_6C664C,.data,4,0,0,1,0,1
0x106C6650,g_6C6650,.data,4,0,0,2,1,2
0x106C6654,g_6C6654,.data,4,0,0,3,30,2
0x106C6658,g_6C6658,.data,4,0,0,1,1,1
0x106C665C,g_6C665C,.data,4,0,0,1,1,1
0x106C6660,g_6C6660,.data,4,0,0,1,1,1
0x106C6664,g_6C6664,.data,4,0,0,1,2,1
0x106C6668,g_6C6668,.data,4,0,0,1,1,0
0x106C666C,g_6C666C,.data,4,0,0,2,1,4
0x106C6670,g_6C6670,.data,4,0,0,1,1,1
0x106C6678,g_6C6678,.data,4,1,4,1,1,0
0x106C7C38,g_6C7C38,.data,4,0,0,1,0,1
0x106C7C3C,g_6C7C3C,.data,4,0,0,3,3,1
0x106C7C40,g_6C7C40,.data,4,0,0,1,1,1
0x106C7C44,g_6C7C44,.data,4,0,0,1,0,1
0x106C7C48,g_6C7C48,.data,4,0,0,1,1,0
0x106C7C4C,g_6C7C4C,.data,4,0,0,1,2,0
0x106C7C54,g_6C7C54,.data,4,0,0,2,6,0
0x106C7C5C,g_6C7C5C,.data,4,0,0,1,3,0
0x106C7C60,g_6C7C60,.data,4,0,0,1,1,0
0x106C7C64,g_6C7C64,.data,4,0,0,2,18,0
0x106C7C68,g_6C7C68,.data,4,0,0,1,1,0
0x106C7C6C,g_6C7C6C,.data,4,0,0,1,1,0
0x106C7C70,g_6C7C70,.data,4,0,0,1,1,0
0x106C7C74,g_6C7C74,.data,4,0,0,1,1,0
0x106C7C80,g_6C7C80,.data,4,0,0,4,5,0
0x106C7C84,g_6C7C84,.data,4,0,0,2,2,0
0x106C7C88,g_6C7C88,.data,4,0,0,1,1,0
0x106C7C8C,g_6C7C8C,.data,4,0,0,1,1,0
0x106C7C90,g_6C7C90,.data,4,0,0,1,1,0
0x106C7C94,g_6C7C94,.data,4,0,0,1,5,0
0x106C7C98,g_6C7C98,.data,4,0,0,2,2,0
0x106C7CA4,g_6C7CA4,.data,4,0,0,1,1,0
0x106C7CA8,g_6C7CA8,.data,4,0,0,9,29,0
0x106C7CAC,g_6C7CAC,.data,4,0,0,3,4,0
0x106C7CB0,g_6C7CB0,.data,4,0,0,1,1,0
0x106C7CB4,g_6C7CB4,.data,4,0,0,1,1,0
0x106C7CB8,g_6C7CB8,.data,4,0,0,12,22,0
0x106C7CC0,g_6C7CC0,.data,4,0,0,1,3,0
0x106C7CC4,g_6C7CC4,.data,4,0,0,1,2,0
0x106C7CC8,g_6C7CC8,.data,1,0,0,1,2,0
0x106C7CC9,g_6C7CC9,.data,1,0,0,1,2,0
0x106C7CCA,g_6C7CCA,.data,1,0,0,1,2,0
0x106C7CCC,g_6C7CCC,.data,4,0,0,1,1,0
0x106C7CD0,g_6C7CD0,.data,4,0,0,1,1,0
0x106C7CD4,g_6C7CD4,.data,4,0,0,1,7,0
0x106C7CD8,g_6C7CD8,.data,4,0,0,1,3,0
0x106C7CDC,g_6C7CDC,.data,4,0,0,1,1,0
0x106C7DA8,g_6C7DA8,.data,4,0,0,2,12,0
0x106C7E6C,g_6C7E6C,.data,4,0,0,1,5,0
0x10A99778,g_A99778,.data,4,0,0,2,3,2
0x10A9977C,g_A9977C,.data,4,0,0,2,1,1
0x10A99BA8,g_A99BA8,.data,2,0,0,6,5,5
0x10A99BAC,g_A99BAC,.data,2,0,0,4,3,2
0x10A99BB0,g_A99BB0,.data,2,0,0,4,3,2
0x10A99BB4,g_A99BB4,.data,2,0,0,4,3,2
0x10A9BBB4,g_A9BBB4,.data,2,0,0,1,0,1
0x10A9BBB8,g_A9BBB8,.data,4,0,0,1,1,1
0x10A9BBC0,g_A9BBC0,.data,4,0,0,2,2,3
0x10A9BBC4,g_A9BBC4,.data,4,0,0,4,4,3
0x10A9BBC8,g_A9BBC8,.data,4,0,0,2,2,3
0x10A9BBCC,g_A9BBCC,.data,4,0,0,4,4,3
0x10A9BBD0,g_A9BBD0,.data,4,1,4,4,5,1
0x10A9BCD0,g_A9BCD0,.data,4,1,4,4,5,1
0x10A9BDD0,g_A9BDD0,.data,4,1,4,1,0,1
0x10A9BED0,g_A9BED0,.data,4,1,4,1,0,1
0x10A9BFD0,g_A9BFD0,.data,4,0,0,2,1,2
0x10A9BFD8,g_A9BFD8,.data,4,0,0,2,3,0
0x10A9BFDC,g_A9BFDC,.data,4,0,0,5,2,4
0x10A9CFFC,g_A9CFFC,.data,4,0,0,9,2,7
0x10A9D000,g_A9D000,.data,4,0,0,11,13,1
0x10A9D004,g_A9D004,.data,4,0,0,3,3,2
0x10A9D008,g_A9D008,.data,4,0,0,21,34,1
0x10A9D010,g_A9D010,.data,4,0,0,2,1,1
0x10A9D068,g_A9D068,.data,4,1,2,5,1,4
0x10A9D06C,g_A9D06C,.data,4,0,0,3,0,3
0x10A9D070,g_A9D070,.data,4,0,0,2,2,1
0x10A9D5C0,g_A9D5C0,.data,4,1,4,1,1,0
0x10A9DBD0,g_A9DBD0,.data,4,0,0,2,1,1
0x10A9DBDC,g_A9DBDC,.data,1,0,0,1,1,0
0x10A9E150,g_A9E150,.data,4,1,4,2,1,1
0x10A9E360,g_A9E360,.data,4,1,4,2,2,2
0x10A9E3D0,g_A9E3D0,.data,4,0,0,2,1,1
0x10A9E444,g_A9E444,.data,4,0,0,1,0,1
0x10A9E4B8,g_A9E4B8,.data,4,0,0,1,0,1
0x10A9E52C,g_A9E52C,.data,4,0,0,1,0,1
0x10A9E5A0,g_A9E5A0,.data,4,0,0,1,0,1
0x10A9E614,g_A9E614,.data,4,0,0,1,0,1
0x10A9E688,g_A9E688,.data,4,0,0,1,0,1
0x10A9E6FC,g_A9E6FC,.data,4,0,0,1,0,1
0x10A9E770,g_A9E770,.data,4,0,0,1,0,1
0x10A9E7E4,g_A9E7E4,.data,4,0,0,1,0,1
0x10A9E858,g_A9E858,.data,4,0,0,1,0,1
0x10A9E8CC,g_A9E8CC,.data,4,0,0,1,0,1
0x10A9E940,g_A9E940,.data,4,0,0,1,0,1
0x10A9E9B4,g_A9E9B4,.data,4,0,0,1,0,1
0x10A9EA28,g_A9EA28,.data,4,0,0,1,0,1
0x10A9EA9C,g_A9EA9C,.data,4,0,0,1,0,1
0x10A9EB10,g_A9EB10,.data,4,0,0,1,0,1
0x10A9EB84,g_A9EB84,.data,4,0,0,1,0,1
0x10A9EBF8,g_A9EBF8,.data,4,0,0,1,0,1
0x10A9EC6C,g_A9EC6C,.data,4,0,0,1,0,1
0x10A9ECE0,g_A9ECE0,.data,4,0,0,1,0,1
0x10A9ED54,g_A9ED54,.data,4,0,0,1,0,1
0x10A9EDC8,g_A9EDC8,.data,4,0,0,1,0,1
0x10A9EE3C,g_A9EE3C,.data,4,0,0,1,0,1
0x10A9EEB0,g_A9EEB0,.data,4,0,0,1,0,1
0x10A9EF24,g_A9EF24,.data,4,0,0,1,0,1
0x10A9EF98,g_A9EF98,.data,4,0,0,1,0,1
0x10A9F00C,g_A9F00C,.data,4,0,0,1,0,1
0x10A9F080,g_A9F080,.data,4,0,0,1,0,1
0x10A9F0F4,g_A9F0F4,.data,4,0,0,1,0,1
0x10A9F168,g_A9F168,.data,4,0,0,1,0,1
0x10A9F1DC,g_A9F1DC,.data,4,0,0,1,0,1
0x10A9F250,g_A9F250,.data,4,0,0,1,0,1
0x10A9F2C4,g_A9F2C4,.data,4,0,0,1,0,1
0x10A9F338,g_A9F338,.data,4,0,0,1,0,1
0x10A9F3AC,g_A9F3AC,.data,4,0,0,1,0,1
0x10A9F420,g_A9F420,.data,4,0,0,1,0,1
0x10A9F494,g_A9F494,.data,4,0,0,1,0,1
0x10A9F508,g_A9F508,.data,4,0,0,1,0,1
0x10A9F57C,g_A9F57C,.data,4,0,0,1,0,1
0x10A9F5F0,g_A9F5F0,.data,4,0,0,1,0,1
0x10A9F664,g_A9F664,.data,4,0,0,1,0,1
0x10A9F6D8,g_A9F6D8,.data,4,0,0,1,0,1
0x10A9F74C,g_A9F74C,.data,4,0,0,1,0,1
0x10A9F7C0,g_A9F7C0,.data,4,0,0,1,0,1
0x10A9F834,g_A9F834,.data,4,0,0,1,0,1
0x10A9F8A8,g_A9F8A8,.data,4,0,0,1,0,1
0x10A9F91C,g_A9F91C,.data,4,0,0,1,0,1
0x10A9F990,g_A9F990,.data,4,0,0,1,0,1
0x10A9FA04,g_A9FA04,.data,4,0,0,1,0,1
0x10A9FA78,g_A9FA78,.data,4,0,0,1,0,1
0x10A9FAEC,g_A9FAEC,.data,4,0,0,1,0,1
0x10A9FB60,g_A9FB60,.data,4,0,0,1,0,1
0x10A9FBD4,g_A9FBD4,.data,4,0,0,1,0,1
0x10A9FC48,g_A9FC48,.data,4,0,0,1,0,1
0x10A9FCBC,g_A9FCBC,.data,4,0,0,1,0,1
0x10A9FD30,g_A9FD30,.data,4,0,0,1,0,1
0x10A9FDA4,g_A9FDA4,.data,4,0,0,1,0,1
0x10A9FE18,g_A9FE18,.data,4,0,0,1,0,1
0x10A9FE8C,g_A9FE8C,.data,4,0,0,1,0,1
0x10A9FF00,g_A9FF00,.data,4,0,0,1,0,1
0x10A9FF74,g_A9FF74,.data,4,0,0,1,0,1
0x10A9FFE8,g_A9FFE8,.data,4,0,0,1,0,1
0x10AA005C,g_AA005C,.data,4,0,0,1,0,1
0x10AA00D0,g_AA00D0,.data,4,0,0,1,0,1
0x10AA0144,g_AA0144,.data,4,0,0,1,0,1
0x10AA01B8,g_AA01B8,.data,4,0,0,1,0,1
0x10AA022C,g_AA022C,.data,4,0,0,1,0,1
0x10AA02A0,g_AA02A0,.data,4,0,0,1,0,1
0x10AA0314,g_AA0314,.data,4,0,0,1,0,1
0x10AA0388,g_AA0388,.data,4,0,0,1,0,1
0x10AA03FC,g_AA03FC,.data,4,0,0,1,0,1
0x10AA0470,g_AA0470,.data,4,0,0,1,0,1
0x10AA04E4,g_AA04E4,.data,4,0,0,1,0,1
0x10AA0558,g_AA0558,.data,4,0,0,1,0,1
0x10AA05CC,g_AA05CC,.data,4,0,0,1,0,1
0x10AA0640,g_AA0640,.data,4,0,0,1,0,1
0x10AA06B4,g_AA06B4,.data,4,0,0,1,0,1
0x10AA0728,g_AA0728,.data,4,0,0,1,0,1
0x10AA079C,g_AA079C,.data,4,0,0,1,0,1
0x10AA0810,g_AA0810,.data,4,0,0,1,0,1
0x10AA0884,g_AA0884,.data,4,0,0,1,0,1
0x10AA08F8,g_AA08F8,.data,4,0,0,1,0,1
0x10AA096C,g_AA096C,.data,4,0,0,1,0,1
0x10AA09E0,g_AA09E0,.data,4,0,0,1,0,1
0x10AA0A54,g_AA0A54,.data,4,0,0,1,0,1
0x10AA0AC8,g_AA0AC8,.data,4,0,0,1,0,1
0x10AA0B3C,g_AA0B3C,.data,4,0,0,1,0,1
0x10AA0BB0,g_AA0BB0,.data,4,0,0,1,0,1
0x10AA0C24,g_AA0C24,.data,4,0,0,1,0,1
0x10AA0C98,g_AA0C98,.data,4,0,0,1,0,1
0x10AA0D0C,g_AA0D0C,.data,4,0,0,1,0,1
0x10AA0D80,g_AA0D80,.data,4,0,0,1,0,1
0x10AA0DF4,g_AA0DF4,.data,4,0,0,1,0,1
0x10AA0E68,g_AA0E68,.data,4,0,0,1,0,1
0x10AA0EDC,g_AA0EDC,.data,4,0,0,1,0,1
0x10AA0F50,g_AA0F50,.data,4,0,0,1,0,1
0x10AA0FC4,g_AA0FC4,.data,4,0,0,1,0,1
0x10AA1038,g_AA1038,.data,4,0,0,1,0,1
0x10AA10AC,g_AA10AC,.data,4,0,0,1,0,1
0x10AA1120,g_AA1120,.data,4,0,0,1,0,1
0x10AA1194,g_AA1194,.data,4,0,0,1,0,1
0x10AA1208,g_AA1208,.data,4,0,0,1,0,1
0x10AA127C,g_AA127C,.data,4,0,0,1,0,1
0x10AA12F0,g_AA12F0,.data,4,0,0,1,0,1
0x10AA1364,g_AA1364,.data,4,0,0,1,0,1
0x10AA13D8,g_AA13D8,.data,4,0,0,1,0,1
0x10AA144C,g_AA144C,.data,4,0,0,1,0,1
0x10AA14C0,g_AA14C0,.data,4,0,0,1,0,1
0x10AA1534,g_AA1534,.data,4,0,0,1,0,1
0x10AA15A8,g_AA15A8,.data,4,0,0,1,0,1
0x10AA161C,g_AA161C,.data,4,0,0,1,0,1
0x10AA1690,g_AA1690,.data,4,0,0,1,0,1
0x10AA1704,g_AA1704,.data,4,0,0,1,0,1
0x10AA1778,g_AA1778,.data,4,0,0,1,0,1
0x10AA17EC,g_AA17EC,.data,4,0,0,1,0,1
0x10AA1860,g_AA1860,.data,4,0,0,1,0,1
0x10AA18D4,g_AA18D4,.data,4,0,0,1,0,1
0x10AA1948,g_AA1948,.data,4,0,0,1,0,1
0x10AA19BC,g_AA19BC,.data,4,0,0,1,0,1
0x10AA1A30,g_AA1A30,.data,4,0,0,1,0,1
0x10AA1AA4,g_AA1AA4,.data,4,0,0,1,0,1
0x10AA1B18,g_AA1B18,.data,4,0,0,1,0,1
0x10AA1B8C,g_AA1B8C,.data,4,0,0,1,0,1
0x10AA1C00,g_AA1C00,.data,4,0,0,1,0,1
0x10AA1C74,g_AA1C74,.data,4,0,0,1,0,1
0x10AA1CE8,g_AA1CE8,.data,4,0,0,1,0,1
0x10AA1D5C,g_AA1D5C,.data,4,0,0,1,0,1
0x10AA1DD0,g_AA1DD0,.data,4,0,0,1,0,1
0x10AA1E44,g_AA1E44,.data,4,0,0,1,0,1
0x10AA1EB8,g_AA1EB8,.data,4,0,0,1,0,1
0x10AA1F2C,g_AA1F2C,.data,4,0,0,1,0,1
0x10AA1FA0,g_AA1FA0,.data,4,0,0,1,0,1
0x10AA2014,g_AA2014,.data,4,0,0,1,0,1
0x10AA2088,g_AA2088,.data,4,0,0,1,0,1
0x10AA20FC,g_AA20FC,.data,4,0,0,1,0,1
0x10AA2170,g_AA2170,.data,4,0,0,1,0,1
0x10AA21E4,g_AA21E4,.data,4,0,0,1,0,1
0x10AA2258,g_AA2258,.data,4,0,0,1,0,1
0x10AA22CC,g_AA22CC,.data,4,0,0,1,0,1
0x10AA2340,g_AA2340,.data,4,0,0,1,0,1
0x10AA23B4,g_AA23B4,.data,4,0,0,1,0,1
0x10AA2428,g_AA2428,.data,4,0,0,1,0,1
0x10AA249C,g_AA249C,.data,4,0,0,1,0,1
0x10AA2510,g_AA2510,.data,4,0,0,1,0,1
0x10AA253C,g_AA253C,.data,4,1,4,2,1,1
0x10AA2540,g_AA2540,.data,4,1,4,1,0,1
0x10AA2598,g_AA2598,.data,4,0,0,2,1,1
0x10AA25A0,g_AA25A0,.data,4,1,4,1,1,0
0x10AA25D4,g_AA25D4,.data,1,0,0,1,1,0
0x10AA25D8,g_AA25D8,.data,4,0,0,1,1,0
0x10AA25DC,g_AA25DC,.data,4,0,0,1,1,0
0x10AA26E8,g_AA26E8,.data,4,0,0,3,0,3
0x10AA26F0,g_AA26F0,.data,4,0,0,6,7,1
0x10AA26F4,g_AA26F4,.data,4,0,0,8,10,1
0x10AA26F5,g_AA26F5,.data,1,0,0,6,3,3
0x10AA26F6,g_AA26F6,.data,4,1,4,2,2,0
0x10AA270E,g_AA270E,.data,4,1,8,5,5,1
0x10AA2740,g_AA2740,.data,4,1,4,1,0,1
0x10AA27A0,g_AA27A0,.data,4,1,4,1,1,0
0x10AA27E0,g_AA27E0,.data,4,0,0,5,3,2
0x10AA27E2,g_AA27E2,.data,2,0,0,4,3,1
0x10AA27EC,g_AA27EC,.data,4,0,0,2,1,1
0x10AA27F0,g_AA27F0,.data,4,0,0,2,1,1
0x10AA27F4,g_AA27F4,.data,4,0,0,2,1,1
0x10AA27F8,g_AA27F8,.data,4,0,0,2,1,1
0x10AA27FC,g_AA27FC,.data,4,1,4,1,1,0
0x10AA2840,g_AA2840,.data,4,0,0,5,14,2
0x10AA2844,g_AA2844,.data,4,0,0,5,5,2
0x10AA2848,g_AA2848,.data,4,0,0,3,1,4
0x10AA284C,g_AA284C,.data,4,0,0,2,1,1
0x10AA2850,g_AA2850,.data,4,0,0,3,1,5
0x10AA2854,g_AA2854,.data,4,0,0,13,1,20
0x10AA2858,g_AA2858,.data,4,0,0,2,1,2
0x10AA285C,g_AA285C,.data,4,0,0,7,5,3
0x10AA2860,g_AA2860,.data,4,0,0,3,0,3
0x10AA2864,g_AA2864,.data,4,0,0,2,0,3
0x10AA2868,g_AA2868,.data,4,0,0,2,1,1
0x10AA286C,g_AA286C,.data,2,0,0,6,4,6
0x10AA2870,g_AA2870,.data,2,0,0,4,3,5
0x10AA2874,g_AA2874,.data,4,0,0,2,1,2
0x10AA2878,g_AA2878,.data,4,0,0,2,1,3
0x10AA287C,g_AA287C,.data,4,0,0,21,18,8
0x10AA2880,g_AA2880,.data,4,0,0,7,6,4
0x10AA2884,g_AA2884,.data,4,0,0,12,13,5
0x10AA2888,g_AA2888,.data,4,0,0,4,3,4
0x10AA288C,g_AA288C,.data,4,0,0,9,7,3
0x10AA2890,g_AA2890,.data,4,0,0,1,1,1
0x10AA2894,g_AA2894,.data,4,0,0,6,4,3
0x10AA2898,g_AA2898,.data,4,0,0,9,2,8
0x10AA289C,g_AA289C,.data,4,0,0,14,9,7
0x10AA28A0,g_AA28A0,.data,4,0,0,10,4,7
0x10AA28A4,g_AA28A4,.data,4,0,0,20,18,9
0x10AA28A8,g_AA28A8,.data,1,0,0,7,4,3
0x10AA28AC,g_AA28AC,.data,4,0,0,16,10,8
0x10AA28B0,g_AA28B0,.data,4,0,0,3,1,4
0x10AA28B4,g_AA28B4,.data,4,0,0,3,1,3
0x10AA28B8,g_AA28B8,.data,1,0,0,19,20,7
0x10AA28BC,g_AA28BC,.data,4,0,0,1,0,1
0x10AA28C0,g_AA28C0,.data,4,0,0,2,0,2
0x10AA28C4,g_AA28C4,.data,4,0,0,9,3,6
0x10AA28C8,g_AA28C8,.data,4,0,0,7,2,6
0x10AA28CC,g_AA28CC,.data,4,0,0,4,1,4
0x10AA28D0,g_AA28D0,.data,4,0,0,6,1,5
0x10AA28D4,g_AA28D4,.data,2,0,0,4,4,2
0x10AA28D8,g_AA28D8,.data,4,0,0,17,10,10
0x10AA28E0,g_AA28E0,.data,4,0,0,4,1,4
0x10AA28E4,g_AA28E4,.data,4,0,0,10,1,9
0x10AA28E8,g_AA28E8,.data,4,0,0,11,8,4
0x10AA28EC,g_AA28EC,.data,4,0,0,2,0,2
0x10AA28F0,g_AA28F0,.data,4,0,0,2,4,1
0x10AA28F4,g_AA28F4,.data,4,0,0,2,1,1
0x10AA28F8,g_AA28F8,.data,4,0,0,2,1,1
0x10AA28FC,g_AA28FC,.data,4,0,0,4,6,1
0x10AA2900,g_AA2900,.data,4,0,0,5,5,2
0x10AA2904,g_AA2904,.data,4,0,0,107,142,128
0x10AA2908,g_AA2908,.data,4,0,0,20,26,2
0x10AA290C,g_AA290C,.data,4,0,0,6,7,5
0x10AA2910,g_AA2910,.data,4,0,0,3,4,3
0x10AA2914,g_AA2914,.data,4,0,0,7,6,5
0x10AA2918,g_AA2918,.data,4,0,0,13,8,9
0x10AA291C,g_AA291C,.data,4,0,0,5,6,3
0x10AA2920,g_AA2920,.data,4,0,0,1,2,1
0x10AA2924,g_AA2924,.data,4,0,0,4,5,3
0x10AA2928,g_AA2928,.data,4,0,0,9,4,9
0x10AA292C,g_AA292C,.data,4,0,0,9,9,5
0x10AA2930,g_AA2930,.data,4,0,0,6,7,3
0x10AA2934,g_AA2934,.data,4,0,0,8,10,4
0x10AA2938,g_AA2938,.data,4,0,0,8,9,5
0x10AA293C,g_AA293C,.data,4,0,0,8,9,5
0x10AA2940,g_AA2940,.data,4,0,0,5,8,4
0x10AA2944,g_AA2944,.data,4,0,0,1,2,1
0x10AA2948,g_AA2948,.data,4,0,0,7,8,3
0x10AA294C,g_AA294C,.data,4,0,0,4,5,3
0x10AA2950,g_AA2950,.data,4,0,0,7,9,7
0x10AA2954,g_AA2954,.data,4,0,0,4,6,4
0x10AA2958,g_AA2958,.data,4,0,0,5,5,3
0x10AA295C,g_AA295C,.data,4,0,0,7,8,3
0x10AA2960,g_AA2960,.data,4,0,0,1,2,1
0x10AA2964,g_AA2964,.data,4,0,0,10,11,3
0x10AA2968,g_AA2968,.data,4,0,0,3,5,3
0x10AA296C,g_AA296C,.data,4,0,0,3,5,3
0x10AA2970,g_AA2970,.data,4,0,0,3,5,3
0x10AA2974,g_AA2974,.data,4,0,0,7,5,6
0x10AA2978,g_AA2978,.data,4,0,0,1,2,1
0x10AA297C,g_AA297C,.data,4,0,0,4,5,3
0x10AA2980,g_AA2980,.data,4,0,0,5,6,3
0x10AA2984,g_AA2984,.data,4,0,0,3,4,3
0x10AA2988,g_AA2988,.data,4,0,0,3,4,3
0x10AA298C,g_AA298C,.data,4,0,0,4,4,4
0x10AA2990,g_AA2990,.data,4,0,0,3,4,3
0x10AA2994,g_AA2994,.data,4,0,0,3,4,3
0x10AA2998,g_AA2998,.data,4,0,0,3,4,3
0x10AA29A8,g_AA29A8,.data,4,0,0,5,2,4
0x10AA29AC,g_AA29AC,.data,4,0,0,5,1,4
0x10AA29B0,g_AA29B0,.data,4,0,0,8,3,5
0x10AA29B4,g_AA29B4,.data,4,0,0,6,2,4
0x10AA29B8,g_AA29B8,.data,4,0,0,6,2,5
0x10AA29BC,g_AA29BC,.data,4,0,0,3,2,1
0x10AA29C0,g_AA29C0,.data,4,0,0,11,3,9
0x10AA29C4,g_AA29C4,.data,4,0,0,3,2,2
0x10AA29C8,g_AA29C8,.data,4,0,0,14,6,10
0x10AA29CC,g_AA29CC,.data,4,0,0,11,3,9
0x10AA29D0,g_AA29D0,.data,4,0,0,4,3,2
0x10AA29D4,g_AA29D4,.data,4,0,0,13,12,3
0x10AA29D8,g_AA29D8,.data,4,0,0,11,13,3
0x10AA29E0,g_AA29E0,.data,4,0,0,4,1,3
0x10AA29E4,g_AA29E4,.data,4,0,0,6,5,3
0x10AA29E8,g_AA29E8,.data,4,0,0,5,2,3
0x10AA29EC,g_AA29EC,.data,4,0,0,5,3,3
0x10AA29F0,g_AA29F0,.data,4,0,0,5,3,3
0x10AA29F4,g_AA29F4,.data,4,0,0,9,7,2
0x10AA29F8,g_AA29F8,.data,2,0,0,1,0,1
0x10AA29FC,g_AA29FC,.data,2,0,0,1,0,1
0x10AA2A00,g_AA2A00,.data,4,0,0,10,7,9
0x10AA2A04,g_AA2A04,.data,4,0,0,1,0,1
0x10AA2A08,g_AA2A08,.data,4,0,0,10,7,9
0x10AA2A0C,g_AA2A0C,.data,4,0,0,9,11,7
0x10AA2A10,g_AA2A10,.data,4,0,0,5,3,4
0x10AA2A14,g_AA2A14,.data,4,0,0,5,3,4
0x10AA2A18,g_AA2A18,.data,4,0,0,10,9,7
0x10AA2A1C,g_AA2A1C,.data,4,0,0,4,5,5
0x10AA2A20,g_AA2A20,.data,4,0,0,4,5,5
0x10AA2A24,g_AA2A24,.data,4,0,0,4,5,5
0x10AA2A28,g_AA2A28,.data,4,0,0,4,5,5
0x10AA2A2C,g_AA2A2C,.data,4,0,0,4,2,3
0x10AA2A30,g_AA2A30,.data,4,0,0,3,3,3
0x10AA2A34,g_AA2A34,.data,4,0,0,3,4,2
0x10AA2A38,g_AA2A38,.data,4,0,0,1,1,5
0x10AA2A3C,g_AA2A3C,.data,4,0,0,1,1,2
0x10AA2A40,g_AA2A40,.data,4,0,0,2,1,1
0x10AA2A44,g_AA2A44,.data,4,0,0,1,1,1
0x10AA2A48,g_AA2A48,.data,4,0,0,2,2,2
0x10AA2A4C,g_AA2A4C,.data,4,0,0,1,1,1
0x10AA2A50,g_AA2A50,.data,4,0,0,1,1,1
0x10AA2A54,g_AA2A54,.data,4,0,0,1,1,2
0x10AA2A58,g_AA2A58,.data,4,0,0,1,1,1
0x10AA2A5C,g_AA2A5C,.data,4,0,0,1,1,2
0x10AA2A60,g_AA2A60,.data,4,0,0,1,1,1
0x10AA2A64,g_AA2A64,.data,4,0,0,1,1,1
0x10AA2A68,g_AA2A68,.data,4,0,0,1,1,1
0x10AA2A6C,g_AA2A6C,.data,4,0,0,1,2,1
0x10AA2A78,g_AA2A78,.data,4,0,0,4,4,3
0x10AA2A80,g_AA2A80,.data,4,1,4,1,1,2
0x10AA2A84,g_AA2A84,.data,4,0,0,1,1,0
0x10AA2AD4,g_AA2AD4,.data,4,0,0,2,2,0
0x10AA2AF0,g_AA2AF0,.data,4,0,0,3,3,0
0x10AA2B6C,g_AA2B6C,.data,4,0,0,1,1,0
0x10AA2B70,g_AA2B70,.data,4,0,0,1,1,0
0x10AA2B74,g_AA2B74,.data,4,0,0,1,1,0
0x10AA2B78,g_AA2B78,.data,4,0,0,1,1,0
0x10AA2BDC,g_AA2BDC,.data,4,0,0,1,1,0
0x10AA2BE0,g_AA2BE0,.data,4,0,0,1,1,0
0x10AA2CF0,g_AA2CF0,.data,4,0,0,3,3,0
0x10AA2DAC,g_AA2DAC,.data,4,0,0,2,2,0
0x10AA2DB4,g_AA2DB4,.data,4,0,0,2,2,0
0x10AA2E80,g_AA2E80,.data,4,0,0,13,18,2
0x10AA2E88,g_AA2E88,.data,4,1,4,1,1,1
0x10AA3350,g_AA3350,.data,1,0,0,2,2,0
0x10AA3353,g_AA3353,.data,1,0,0,1,1,0
0x10AA3355,g_AA3355,.data,1,0,0,1,1,0
0x10AA3358,g_AA3358,.data,1,0,0,2,2,0
0x10AA3398,g_AA3398,.data,4,0,0,1,1,2
0x10AA339C,g_AA339C,.data,4,0,0,1,1,2
0x10AA33A0,g_AA33A0,.data,4,0,0,1,1,1
0x10AA33A4,g_AA33A4,.data,4,0,0,1,1,2
0x10AA33A8,g_AA33A8,.data,4,0,0,1,1,5
0x10AA33AC,g_AA33AC,.data,4,0,0,1,1,1
0x10AA33B0,g_AA33B0,.data,4,0,0,1,1,5
0x10AA33B4,g_AA33B4,.data,4,0,0,2,1,1
0x10AA33B8,g_AA33B8,.data,4,0,0,2,1,1
0x10AA33C0,g_AA33C0,.data,4,0,0,2,0,4
0x10AA33C4,g_AA33C4,.data,4,0,0,2,0,4
0x10AA33C8,g_AA33C8,.data,4,0,0,2,0,4
0x10AA33CC,g_AA33CC,.data,4,0,0,2,0,4
0x10AA33D0,g_AA33D0,.data,4,0,0,18,18,0
0x10AA33D4,g_AA33D4,.data,4,0,0,18,18,0
0x10AA33D8,g_AA33D8,.data,4,0,0,2,2,0
0x10AA33DC,g_AA33DC,.data,4,0,0,2,2,0
0x10AA33E0,g_AA33E0,.data,4,0,0,2,1,4
0x10AA33E4,g_AA33E4,.data,4,0,0,8,2,12
0x10AA33E8,g_AA33E8,.data,4,0,0,2,1,3
0x10AA3440,g_AA3440,.data,4,0,0,2,1,1
0x10AA3444,g_AA3444,.data,4,0,0,2,6,1
0x10AA3448,g_AA3448,.data,4,0,0,2,1,1
0x10AA344C,g_AA344C,.data,4,1,4,1,1,0
0x10AA345C,g_AA345C,.data,4,0,0,2,1,1
0x10AA3460,g_AA3460,.data,4,0,0,2,6,2
0x10AA3464,g_AA3464,.data,4,0,0,2,4,1
0x10AA3468,g_AA3468,.data,4,0,0,2,4,1
0x10AA346C,g_AA346C,.data,2,0,0,1,0,1
0x10AA3470,g_AA3470,.data,4,0,0,3,1,3
0x10AA3474,g_AA3474,.data,4,0,0,1,0,1
0x10AA34AC,g_AA34AC,.data,4,0,0,2,3,2
0x10ACD490,g_ACD490,.data,4,0,0,4,2,2
0x10ACDE98,g_ACDE98,.data,4,0,0,1,0,1
0x10ACDE9C,g_ACDE9C,.data,4,0,0,1,0,1
0x10ACDEA0,g_ACDEA0,.data,4,0,0,1,0,1
0x10ACDEA8,g_ACDEA8,.data,4,1,8,4,4,0
0x10ACDFEC,g_ACDFEC,.data,4,1,8,2,1,2
0x10ACE010,g_ACE010,.data,4,0,0,1,1,0
0x10ACE014,g_ACE014,.data,4,0,0,1,1,0
0x10ACE215,g_ACE215,.data,1,0,0,1,1,0
0x10ACED0C,g_ACED0C,.data,4,0,0,2,2,0
0x10ACED30,g_ACED30,.data,4,0,0,1,0,2
0x10ACED34,g_ACED34,.data,4,1,8,20,46,3
0x10ACED38,g_ACED38,.data,4,0,0,1,1,1
0x10ACED3C,g_ACED3C,.data,4,1,8,1,1,1
0x10ACED40,g_ACED40,.data,4,0,0,2,1,1
0x10ACED44,g_ACED44,.data,4,0,0,1,0,1
0x10ACEDA8,g_ACEDA8,.data,4,0,0,1,1,0
0x10ACEE20,g_ACEE20,.data,4,1,8,2,3,0
0x10ACEE50,g_ACEE50,.data,4,0,0,4,4,0
0x10ACEE8C,g_ACEE8C,.data,4,0,0,1,1,0
0x10ACEE94,g_ACEE94,.data,4,0,0,2,5,0
0x10ACEE9C,g_ACEE9C,.data,4,0,0,1,2,0
0x10ACEEA0,g_ACEEA0,.data,4,0,0,1,1,0
0x10ACEEA4,g_ACEEA4,.data,4,0,0,1,0,1
0x10ACEEA8,g_ACEEA8,.data,4,0,0,1,0,1
0x10ACEEAC,g_ACEEAC,.data,4,0,0,1,0,1
0x10ACEEB0,g_ACEEB0,.data,4,0,0,1,0,1
0x10ACEECC,g_ACEECC,.data,4,1,8,1,1,0
0x10AD05DC,g_AD05DC,.data,4,1,8,1,1,2
0x10AD061C,g_AD061C,.data,4,0,0,1,1,1
0x10AD07B4,g_AD07B4,.data,2,1,2,1,1,0
0x10AD084C,g_AD084C,.data,4,0,0,1,0,1
0x10AD0850,g_AD0850,.data,4,0,0,1,1,0
0x10AD0854,g_AD0854,.data,1,0,0,7,7,2
0x10AD0855,g_AD0855,.data,1,0,0,7,7,2
0x10AD0856,g_AD0856,.data,1,0,0,7,7,2
0x10AD0868,g_AD0868,.data,4,1,8,1,19,0
0x10AD0978,g_AD0978,.data,4,0,0,3,3,0
0x10AD097C,g_AD097C,.data,4,0,0,3,4,0
0x10AD0980,g_AD0980,.data,4,0,0,3,4,0
0x10AD0984,g_AD0984,.data,4,0,0,5,5,1
0x10AD0988,g_AD0988,.data,4,0,0,3,4,0
0x10AD098C,g_AD098C,.data,4,0,0,1,1,0
0x10AD189C,g_AD189C,.data,4,0,0,3,7,1
0x10AD18A0,g_AD18A0,.data,4,0,0,1,0,1
0x10AD18A4,g_AD18A4,.data,4,0,0,1,0,1
0x10AD18A8,g_AD18A8,.data,4,0,0,1,0,1
0x10AD18AC,g_AD18AC,.data,4,0,0,1,0,1
0x10AD1A04,g_AD1A04,.data,4,0,0,1,1,0
0x10AD33C4,g_AD33C4,.data,4,0,0,1,0,1
0x10AD33D0,g_AD33D0,.data,4,0,0,1,2,0
0x10AF9528,g_AF9528,.data,4,0,0,1,0,1
0x10AF96B8,g_AF96B8,.data,4,0,0,1,0,1
0x10AF96BC,g_AF96BC,.data,4,0,0,1,0,1
0x10AF96C0,g_AF96C0,.data,4,0,0,2,6,3
0x10AF9728,g_AF9728,.data,4,1,4,1,2,0
0x10AF9888,g_AF9888,.data,4,0,0,2,2,15
0x10AF988C,g_AF988C,.data,4,0,0,4,2,2
0x10AF9890,g_AF9890,.data,4,1,4,1,1,0
0x10AF9B28,g_AF9B28,.data,4,0,0,2,1,1
0x10AF9B2C,g_AF9B2C,.data,4,0,0,2,1,1
0x10AF9B30,g_AF9B30,.data,4,0,0,2,1,1
0x10AF9B38,g_AF9B38,.data,4,0,0,2,2,0
0x10AF9B3C,g_AF9B3C,.data,4,0,0,2,2,0
0x10AF9B40,g_AF9B40,.data,4,0,0,2,2,0
0x10AF9B44,g_AF9B44,.data,4,0,0,2,2,3
0x10AF9B58,g_AF9B58,.data,4,0,0,3,1,2
0x10AF9B5C,g_AF9B5C,.data,4,0,0,3,1,2
0x10AF9B60,g_AF9B60,.data,4,0,0,3,1,2
0x10AF9B64,g_AF9B64,.data,4,0,0,2,0,2
0x10AF9B68,g_AF9B68,.data,4,0,0,2,0,2
0x10AF9B6C,g_AF9B6C,.data,4,0,0,2,0,2
0x10AF9B70,g_AF9B70,.data,4,0,0,3,5,2
0x10AF9B74,g_AF9B74,.data,4,0,0,2,1,2
0x10AF9B78,g_AF9B78,.data,4,0,0,2,0,2
0x10AF9B7C,g_AF9B7C,.data,4,0,0,2,0,2
0x10AF9B80,g_AF9B80,.data,4,0,0,2,0,2
0x10AF9B84,g_AF9B84,.data,4,0,0,4,2,3
0x10AF9B88,g_AF9B88,.data,4,0,0,2,0,2
0x10AF9B8C,g_AF9B8C,.data,4,0,0,4,2,3
0x10AF9B90,g_AF9B90,.data,4,0,0,2,1,3
0x10AF9B94,g_AF9B94,.data,4,0,0,3,1,3
0x10AF9B98,g_AF9B98,.data,4,0,0,2,3,1
0x10AF9B9C,g_AF9B9C,.data,4,0,0,3,1,2
0x10AF9BA0,g_AF9BA0,.data,4,0,0,2,1,4
0x10AF9BA4,g_AF9BA4,.data,4,0,0,2,2,15
0x10AF9BA8,g_AF9BA8,.data,4,0,0,1,0,1
0x10AF9BAC,g_AF9BAC,.data,4,0,0,1,0,2
0x10AF9BB0,g_AF9BB0,.data,4,0,0,3,2,7
0x10AF9BB4,g_AF9BB4,.data,4,0,0,2,2,2
0x10AF9BB8,g_AF9BB8,.data,4,0,0,1,2,1
0x10B01C40,g_B01C40,.data,4,0,0,2,1,3
0x10B01C44,g_B01C44,.data,4,0,0,2,1,3
0x10B01C48,g_B01C48,.data,4,0,0,2,1,3
0x10B02434,g_B02434,.data,4,0,0,1,2,0
0x10B4DF28,g_B4DF28,.data,4,0,0,1,0,1
0x10B4E1D0,g_B4E1D0,.data,4,0,0,18,12,11
0x10B4E1D4,g_B4E1D4,.data,4,0,0,14,11,32
0x10B4E1D8,g_B4E1D8,.data,4,0,0,3,2,1
0x10B4E1DC,g_B4E1DC,.data,4,0,0,3,2,1
0x10B4E1E0,g_B4E1E0,.data,4,0,0,9,8,6
0x10B4E6E8,g_B4E6E8,.data,4,0,0,4,5,1
0x10B4E6EC,g_B4E6EC,.data,4,0,0,4,5,1
0x10B4E6F0,g_B4E6F0,.data,4,0,0,4,5,1
0x10B4E6F4,g_B4E6F4,.data,4,0,0,3,3,1
0x10B4E6F8,g_B4E6F8,.data,4,0,0,1,0,1
0x10B4E6FC,g_B4E6FC,.data,4,0,0,1,0,1
0x10B4E700,g_B4E700,.data,4,0,0,1,0,1
0x10B4E704,g_B4E704,.data,4,0,0,1,0,1
0x10B4E708,g_B4E708,.data,4,0,0,10,12,6
0x10B4E70C,g_B4E70C,.data,4,0,0,10,12,6
0x10B4E710,g_B4E710,.data,4,0,0,2,1,1
0x10B4E714,g_B4E714,.data,4,0,0,2,1,1
0x10B4E718,g_B4E718,.data,4,0,0,2,1,1
0x10B4E71C,g_B4E71C,.data,4,0,0,2,1,1
0x10B4E720,g_B4E720,.data,4,0,0,2,1,1
0x10B4E724,g_B4E724,.data,4,0,0,2,1,1
0x10B4E728,g_B4E728,.data,4,0,0,3,1,2
0x10B4E72C,g_B4E72C,.data,4,0,0,2,1,1
0x10B4E730,g_B4E730,.data,4,0,0,2,1,1
0x10B4E734,g_B4E734,.data,4,0,0,2,1,1
0x10B4E738,g_B4E738,.data,4,0,0,2,1,1
0x10B4E73C,g_B4E73C,.data,4,0,0,2,1,1
0x10B4E7A0,g_B4E7A0,.data,4,0,0,3,3,1
0x10B4E7AC,g_B4E7AC,.data,4,1,4,1,1,0
0x10B4E914,g_B4E914,.data,4,1,4,1,2,0
0x10B4FFE8,g_B4FFE8,.data,4,1,4,1,0,1
0x10B501C8,g_B501C8,.data,4,0,0,4,3,1
0x10B501CC,g_B501CC,.data,4,0,0,4,3,1
0x10B501D0,g_B501D0,.data,4,0,0,3,2,1
0x10B501D4,g_B501D4,.data,4,0,0,2,1,1
0x10B501D8,g_B501D8,.data,4,0,0,2,2,2
0x10B502E4,g_B502E4,.data,4,0,0,3,2,1
0x10B502E8,g_B502E8,.data,4,1,4,3,3,0
0x10B502EC,g_B502EC,.data,4,0,0,2,1,1
0x10B50308,g_B50308,.data,4,1,8,2,2,0
0x11750308,g_1750308,.data,4,0,0,5,3,2
0x11750310,g_1750310,.data,4,1,4,1,2,0
0x11750314,g_1750314,.data,4,0,0,1,1,1
0x11750330,g_1750330,.data,4,0,0,2,1,2
0x11754E38,g_1754E38,.data,4,0,0,4,2,3
0x11754E3C,g_1754E3C,.data,4,0,0,2,2,2
0x11754E40,g_1754E40,.data,4,0,0,2,0,2
0x11754E44,g_1754E44,.data,4,0,0,2,0,2
0x11754E48,g_1754E48,.data,4,0,0,2,0,2
0x11755490,g_1755490,.data,4,0,0,5,5,7
0x11755494,g_1755494,.data,4,0,0,5,3,5
0x11755498,g_1755498,.data,4,0,0,5,3,5
0x1175549C,g_175549C,.data,4,0,0,3,3,5
0x117554A0,g_17554A0,.data,2,1,2,7,6,2
0x117554A4,g_17554A4,.data,4,0,0,1,0,1
0x117554A8,g_17554A8,.data,4,0,0,2,2,2
0x117554C0,g_17554C0,.data,4,0,0,2,2,2
0x117554C8,g_17554C8,.data,4,1,4,2,0,3
0x117554CC,g_17554CC,.data,4,0,0,1,0,1
0x117554D0,g_17554D0,.data,4,0,0,1,0,1
0x117554D4,g_17554D4,.data,4,0,0,1,0,1
0x117554D8,g_17554D8,.data,4,1,2,2,0,2
0x117554DC,g_17554DC,.data,4,0,0,1,0,1
0x117554E0,g_17554E0,.data,4,0,0,2,2,2
0x117554E4,g_17554E4,.data,4,0,0,3,1,3
0x117554E8,g_17554E8,.data,4,0,0,2,2,1
0x11782BA8,g_1782BA8,.data,2,1,2,1,3,3
0x11782BAC,g_1782BAC,.data,2,1,2,1,0,3
0x11782BB0,g_1782BB0,.data,2,1,2,1,0,3
0x11782BB4,g_1782BB4,.data,2,1,2,1,0,3
0x11782BB8,g_1782BB8,.data,2,1,2,1,0,3
0x11782BBC,g_1782BBC,.data,2,1,2,1,0,3
0x11782BC0,g_1782BC0,.data,2,0,0,1,0,2
0x11782DDC,g_1782DDC,.data,1,0,0,1,0,1
0x11782E28,g_1782E28,.data,4,0,0,1,1,0
0x11782E2C,g_1782E2C,.data,4,0,0,1,1,0
0x11782E30,g_1782E30,.data,4,0,0,1,1,0
0x11786828,g_1786828,.data,4,1,4,2,4,0
0x1178FEE8,g_178FEE8,.data,4,0,0,2,1,1
0x1178FEEC,g_178FEEC,.data,4,0,0,2,1,1
0x1178FEF0,g_178FEF0,.data,4,0,0,4,2,3
0x11826AF8,g_1826AF8,.data,4,0,0,2,5,3
0x11826B00,g_1826B00,.data,4,0,0,7,14,2
0x11826B08,g_1826B08,.data,4,1,4,1,0,1
0x11826B48,g_1826B48,.data,4,0,0,2,2,2
0x11826B50,g_1826B50,.data,4,1,8,1,1,0
0x11826BD0,g_1826BD0,.data,4,1,4,1,1,0
0x11828D10,g_1828D10,.data,4,0,0,4,4,1
0x11828D14,g_1828D14,.data,4,0,0,2,1,1
0x11828D18,g_1828D18,.data,4,0,0,2,1,2
0x11828D1C,g_1828D1C,.data,4,0,0,2,2,2
0x11828D28,g_1828D28,.data,4,1,8,1,0,1
0x11828D2C,g_1828D2C,.data,4,1,8,1,0,1
0x11828D34,g_1828D34,.data,4,1,8,1,0,1
0x11828E88,g_1828E88,.data,8,1,8,3,2,1
0x11828E8C,g_1828E8C,.data,4,1,8,1,0,1
0x11828F00,g_1828F00,.data,4,0,0,2,3,2
0x11828F08,g_1828F08,.data,4,1,4,8,8,2
0x11828F48,g_1828F48,.data,4,0,0,1,2,1
0x11828F50,g_1828F50,.data,4,0,0,2,8,2
0x11828FE4,g_1828FE4,.data,4,0,0,2,4,2
0x118290F4,g_18290F4,.data,4,0,0,3,1,2
0x118290F8,g_18290F8,.data,4,0,0,19,23,2
0x118290FC,g_18290FC,.data,4,0,0,18,19,2
0x11829100,g_1829100,.data,4,1,4,3,3,1
0x11829104,g_1829104,.data,4,0,0,1,0,1
0x11829108,g_1829108,.data,4,0,0,2,1,1
0x11829110,g_1829110,.data,4,0,0,3,3,1
0x11829314,g_1829314,.data,4,0,0,2,1,1
0x11829318,g_1829318,.data,4,0,0,3,3,1
0x1182931C,g_182931C,.data,4,0,0,3,2,1
0x11829324,g_1829324,.data,4,0,0,2,1,1
0x11829328,g_1829328,.data,4,0,0,2,1,1
0x11829370,g_1829370,.data,4,1,4,1,1,0
0x1182982C,g_182982C,.data,4,0,0,2,3,2
0x11829830,g_1829830,.data,4,0,0,2,3,2
0x11829834,g_1829834,.data,4,0,0,2,2,2
0x11829838,g_1829838,.data,4,0,0,5,7,3
0x1182983C,g_182983C,.data,4,0,0,3,1,3
0x11829840,g_1829840,.data,4,0,0,3,8,1
0x11829844,g_1829844,.data,4,0,0,2,1,1
0x11829848,g_1829848,.data,4,0,0,2,1,1
0x11829850,g_1829850,.data,4,1,4,1,0,1
0x118A9870,g_18A9870,.data,4,0,0,3,1,3
0x118A9874,g_18A9874,.data,4,0,0,1,1,0
0x118A9878,g_18A9878,.data,4,0,0,4,2,4
0x118A9880,g_18A9880,.data,4,1,8,2,1,1
0x118A9884,g_18A9884,.data,4,1,8,2,1,1
0x118AA080,g_18AA080,.data,4,0,0,5,5,3
0x118AA084,g_18AA084,.data,4,0,0,2,4,1
0x118AA088,g_18AA088,.data,4,0,0,5,6,1
0x118AA08C,g_18AA08C,.data,4,0,0,16,33,1
0x118AA090,g_18AA090,.data,4,0,0,16,33,1
0x118AA094,g_18AA094,.data,4,0,0,3,10,1
0x118AA098,g_18AA098,.data,4,0,0,3,2,4
0x118AA09C,g_18AA09C,.data,4,0,0,3,1,4
0x118AA0A0,g_18AA0A0,.data,4,0,0,4,5,2
0x118AA0A4,g_18AA0A4,.data,4,0,0,3,2,1
0x118AA0A8,g_18AA0A8,.data,4,0,0,2,1,1
0x118AA0AC,g_18AA0AC,.data,4,0,0,4,8,1
0x118AA0B0,g_18AA0B0,.data,4,0,0,10,11,1
0x118AA0B4,g_18AA0B4,.data,4,0,0,2,1,1
0x118AA0B8,g_18AA0B8,.data,4,0,0,5,5,1
0x118AA0BC,g_18AA0BC,.data,4,0,0,2,5,1
0x118AA0C0,g_18AA0C0,.data,4,0,0,3,6,1
0x118AA0C4,g_18AA0C4,.data,4,0,0,5,5,1
0x118AA0C8,g_18AA0C8,.data,4,0,0,2,4,1
0x118AA0CC,g_18AA0CC,.data,4,0,0,2,1,1
0x118AA0D0,g_18AA0D0,.data,4,0,0,4,3,1
0x118AB118,g_18AB118,.data,4,0,0,3,2,2
0x118AB120,g_18AB120,.data,4,0,0,1,2,0
0x118AB124,g_18AB124,.data,4,0,0,1,2,0
0x118AB128,g_18AB128,.data,4,0,0,1,1,1
0x118AB12C,g_18AB12C,.data,4,0,0,2,1,3
0x118AB130,g_18AB130,.data,4,0,0,1,1,1
0x118AB134,g_18AB134,.data,4,0,0,2,1,2
0x118AB138,g_18AB138,.data,4,0,0,1,1,0
0x118AB13C,g_18AB13C,.data,4,0,0,1,1,0
0x118AB140,g_18AB140,.data,4,0,0,1,1,1
0x118AB144,g_18AB144,.data,4,0,0,1,3,1
0x118AB470,g_18AB470,.data,4,0,0,2,2,2
0x118AB880,g_18AB880,.data,4,0,0,1,0,1
0x118AB884,g_18AB884,.data,4,0,0,1,0,1
0x118AB888,g_18AB888,.data,4,0,0,1,0,1
0x118AB88C,g_18AB88C,.data,4,0,0,1,0,1
0x118AB890,g_18AB890,.data,4,0,0,1,0,1
0x118AB894,g_18AB894,.data,4,0,0,1,0,1
0x118AB898,g_18AB898,.data,4,0,0,1,0,1
0x118AB89C,g_18AB89C,.data,4,0,0,1,0,1
0x118AB8A0,g_18AB8A0,.data,4,0,0,1,0,1
0x118AB8A4,g_18AB8A4,.data,4,0,0,1,0,1
0x118AB8A8,g_18AB8A8,.data,4,0,0,1,0,1
0x118AB8AC,g_18AB8AC,.data,4,0,0,1,0,1
0x118AB8B0,g_18AB8B0,.data,4,0,0,1,0,1
0x118AB8B4,g_18AB8B4,.data,4,0,0,3,3,2
0x118ABAB8,g_18ABAB8,.data,4,0,0,4,35,2
0x118ABAC0,g_18ABAC0,.data,4,0,0,1,0,1
0x118ABAC4,g_18ABAC4,.data,4,0,0,1,0,1
0x118ABAC8,g_18ABAC8,.data,4,0,0,1,0,1
0x118ABACC,g_18ABACC,.data,4,0,0,1,0,1
0x118ABAD0,g_18ABAD0,.data,4,0,0,4,14,8
0x118ABAD4,g_18ABAD4,.data,4,0,0,3,8,2
0x118ABAD8,g_18ABAD8,.data,4,0,0,4,9,2
0x118ABD00,g_18ABD00,.data,4,0,0,1,1,2
0x118ABD08,g_18ABD08,.data,4,0,0,1,0,1
0x118ABD0C,g_18ABD0C,.data,4,0,0,2,0,2
0x118ABD10,g_18ABD10,.data,4,0,0,2,0,2
0x118ABD14,g_18ABD14,.data,4,0,0,1,0,1
0x118ABD18,g_18ABD18,.data,4,0,0,1,0,1
0x118ABD1C,g_18ABD1C,.data,4,0,0,1,0,1
0x118ABD20,g_18ABD20,.data,4,0,0,1,0,1
0x118ABD24,g_18ABD24,.data,4,0,0,1,0,1
0x118ABD28,g_18ABD28,.data,4,0,0,1,0,1
0x118ABD2C,g_18ABD2C,.data,4,0,0,1,0,1
0x118ABD30,g_18ABD30,.data,4,0,0,1,0,1
0x118ABD34,g_18ABD34,.data,4,0,0,1,0,1
0x118ABD38,g_18ABD38,.data,4,1,4,3,13,0
0x118ABD3C,g_18ABD3C,.data,4,1,4,3,12,0
0x118ABD40,g_18ABD40,.data,4,1,4,3,12,0
0x118ABD44,g_18ABD44,.data,4,1,4,1,2,0
0x118ABD50,g_18ABD50,.data,4,1,4,1,1,0
0x118ABD70,g_18ABD70,.data,4,0,0,5,7,1
0x118ABD74,g_18ABD74,.data,4,0,0,1,1,1
0x118ABD78,g_18ABD78,.data,4,0,0,2,1,4
0x118ABD7C,g_18ABD7C,.data,4,0,0,3,7,2
0x118ABD80,g_18ABD80,.data,4,0,0,4,34,2
0x118ABD88,g_18ABD88,.data,4,0,0,1,0,1
0x118ABD8C,g_18ABD8C,.data,4,0,0,1,0,1
0x118ABD90,g_18ABD90,.data,4,0,0,2,0,2
0x118ABD94,g_18ABD94,.data,4,0,0,1,0,1
0x118ABD98,g_18ABD98,.data,4,0,0,1,0,1
0x118ABD9C,g_18ABD9C,.data,4,0,0,1,0,1
0x118ABDA0,g_18ABDA0,.data,4,0,0,1,0,1
0x118ABDA4,g_18ABDA4,.data,4,0,0,1,0,1
0x118ABDA8,g_18ABDA8,.data,4,0,0,1,0,1
0x118ABDAC,g_18ABDAC,.data,4,0,0,1,0,1
0x118ABDB0,g_18ABDB0,.data,4,0,0,1,0,1
0x118ABDB4,g_18ABDB4,.data,4,0,0,1,0,1
0x118ABDB8,g_18ABDB8,.data,4,0,0,1,0,1
0x118ABDBC,g_18ABDBC,.data,4,0,0,9,9,2
0x118ABDC0,g_18ABDC0,.data,4,0,0,3,2,2
0x118ABDC4,g_18ABDC4,.data,4,0,0,3,2,1
0x118ABDC8,g_18ABDC8,.data,4,0,0,2,2,1
0x118ABDCC,g_18ABDCC,.data,4,0,0,2,1,2
0x118ABDD0,g_18ABDD0,.data,4,0,0,4,11,1
0x118ABDD4,g_18ABDD4,.data,4,0,0,6,22,4
0x118ABDD8,g_18ABDD8,.data,4,0,0,2,3,3
0x118ABDDC,g_18ABDDC,.data,4,0,0,1,6,1
0x118ABDE0,g_18ABDE0,.data,4,0,0,1,1,1
0x118ABDE4,g_18ABDE4,.data,4,0,0,1,1,1
0x118ABDE8,g_18ABDE8,.data,4,0,0,2,2,2
0x118ABDEC,g_18ABDEC,.data,4,0,0,3,4,1
0x118ABDF8,g_18ABDF8,.data,4,0,0,2,1,3
0x118ABDFC,g_18ABDFC,.data,4,0,0,2,2,1
0x118ABE00,g_18ABE00,.data,4,0,0,2,3,3
0x118ABE08,g_18ABE08,.data,4,0,0,7,8,1
0x118ABE20,g_18ABE20,.data,4,0,0,5,5,1
0x118ABE24,g_18ABE24,.data,4,0,0,1,1,1
0x118ABE28,g_18ABE28,.data,4,0,0,3,3,1
0x118ABE2C,g_18ABE2C,.data,4,0,0,2,1,2
0x118AC230,g_18AC230,.data,4,0,0,5,5,7
0x118AC234,g_18AC234,.data,4,0,0,2,0,5
0x118AC238,g_18AC238,.data,4,0,0,6,4,5
0x118AC23C,g_18AC23C,.data,4,0,0,3,4,1
0x118AC240,g_18AC240,.data,4,0,0,3,1,3
0x118AC244,g_18AC244,.data,4,0,0,2,6,2
0x118AC248,g_18AC248,.data,4,0,0,5,10,0
0x118AC24C,g_18AC24C,.data,4,0,0,2,1,1
0x118AC250,g_18AC250,.data,4,0,0,1,1,0
0x118AC254,g_18AC254,.data,4,0,0,1,1,2
0x118AC258,g_18AC258,.data,4,0,0,1,0,1
0x118AC25C,g_18AC25C,.data,4,0,0,1,0,1
0x118AC260,g_18AC260,.data,4,0,0,1,0,1
0x118AC264,g_18AC264,.data,4,0,0,1,0,1
0x118AC268,g_18AC268,.data,4,0,0,1,0,1
0x118AC270,g_18AC270,.data,4,0,0,4,8,5
0x118AC274,g_18AC274,.data,4,0,0,1,1,0
0x118AC278,g_18AC278,.data,4,0,0,3,4,1
0x118AC280,g_18AC280,.data,4,0,0,1,0,1
0x118AC288,g_18AC288,.data,1,0,0,2,1,1
0x118AC28C,g_18AC28C,.data,4,0,0,2,1,1
0x118AC290,g_18AC290,.data,4,0,0,1,1,1
0x118AC294,g_18AC294,.data,4,0,0,3,3,3
0x118AC2C0,g_18AC2C0,.data,4,0,0,2,3,2
0x118AC2C4,g_18AC2C4,.data,4,0,0,2,3,2
0x118AC2CC,g_18AC2CC,.data,4,0,0,3,3,0
0x118AC2D0,g_18AC2D0,.data,4,0,0,7,6,1
0x118AC338,g_18AC338,.data,4,1,4,1,2,1
0x118AC340,g_18AC340,.data,4,0,0,2,2,2
0x118AC344,g_18AC344,.data,4,0,0,3,3,0
0x118AC348,g_18AC348,.data,4,0,0,1,1,0
0x118AC358,g_18AC358,.data,4,0,0,1,1,0
0x118AC360,g_18AC360,.data,4,0,0,11,16,0
0x118AC364,g_18AC364,.data,4,0,0,1,1,0
0x118AC368,g_18AC368,.data,4,0,0,1,1,0
0x118AC36C,g_18AC36C,.data,4,0,0,1,1,0
0x118AC370,g_18AC370,.data,4,0,0,11,16,0
0x118AC378,g_18AC378,.data,4,0,0,1,2,1
0x118AC58C,g_18AC58C,.data,4,0,0,5,4,4
0x118AC590,g_18AC590,.data,4,0,0,4,2,4
0x118AC598,g_18AC598,.data,4,0,0,2,0,3
0x118AC59C,g_18AC59C,.data,4,0,0,2,0,3
0x118AC5A0,g_18AC5A0,.data,4,0,0,2,0,3
0x118AC5A4,g_18AC5A4,.data,4,0,0,2,1,4
0x118AC5AC,g_18AC5AC,.data,4,0,0,1,1,1
0x118AC5B0,g_18AC5B0,.data,4,0,0,1,1,0
0x118AC5B4,g_18AC5B4,.data,4,0,0,1,1,0
0x118AC5B8,g_18AC5B8,.data,4,0,0,3,3,1
0x118AC5BC,g_18AC5BC,.data,4,0,0,1,1,1
0x118AC5C0,g_18AC5C0,.data,4,0,0,1,1,2
0x118AC5C4,g_18AC5C4,.data,4,0,0,1,4,2
0x118AC5C8,g_18AC5C8,.data,4,0,0,1,3,2
0x118AC5CC,g_18AC5CC,.data,4,0,0,1,3,2
0x118AC5D0,g_18AC5D0,.data,4,0,0,1,4,2
0x118AC5D4,g_18AC5D4,.data,4,0,0,1,4,2
0x118AC5D8,g_18AC5D8,.data,4,0,0,1,2,2
0x118AC5DC,g_18AC5DC,.data,4,0,0,1,2,2
0x118AC5EC,g_18AC5EC,.data,2,0,0,1,1,0
0x118AC5F4,g_18AC5F4,.data,2,0,0,1,1,0
0x118AC5FA,g_18AC5FA,.data,2,0,0,1,1,0
0x118AC5FE,g_18AC5FE,.data,2,0,0,1,1,0
0x118AC600,g_18AC600,.data,2,0,0,1,1,0
0x118AC608,g_18AC608,.data,4,0,0,2,1,2
0x118AC610,g_18AC610,.data,4,0,0,1,1,0
0x118AC654,g_18AC654,.data,2,0,0,1,1,0
0x118AC656,g_18AC656,.data,2,0,0,2,3,0
0x118AC658,g_18AC658,.data,4,0,0,1,1,0
0x118AC65A,g_18AC65A,.data,2,0,0,1,2,0
0x118AC65C,g_18AC65C,.data,4,0,0,1,2,0
0x118AC65E,g_18AC65E,.data,2,0,0,1,2,0
0x118AC660,g_18AC660,.data,4,0,0,1,2,0
0x118AC662,g_18AC662,.data,2,0,0,1,2,0
0x118AC664,g_18AC664,.data,4,0,0,1,1,0
0x118AC6A8,g_18AC6A8,.data,2,0,0,1,1,0
0x118AC6AA,g_18AC6AA,.data,2,0,0,2,3,0
0x118AC6AC,g_18AC6AC,.data,4,0,0,1,1,0
0x118AC6AE,g_18AC6AE,.data,2,0,0,1,2,0
0x118AC6B0,g_18AC6B0,.data,4,0,0,1,2,0
0x118AC6B2,g_18AC6B2,.data,2,0,0,1,2,0
0x118AC6B4,g_18AC6B4,.data,4,0,0,1,2,0
0x118AC6B6,g_18AC6B6,.data,2,0,0,1,2,0
0x118AC6B8,g_18AC6B8,.data,4,0,0,1,1,0
0x118AC6BC,g_18AC6BC,.data,4,0,0,1,1,1
0x118AC6C0,g_18AC6C0,.data,4,0,0,1,2,1
0x118AC6C4,g_18AC6C4,.data,4,0,0,1,2,1
0x118AC6C8,g_18AC6C8,.data,4,0,0,1,1,1
0x118AC6CC,g_18AC6CC,.data,4,0,0,1,1,1
0x118AC6D0,g_18AC6D0,.data,4,0,0,1,1,0
0x118AC6D4,g_18AC6D4,.data,4,0,0,1,1,0
0x118AC6D8,g_18AC6D8,.data,4,0,0,1,1,0
0x118AC6DC,g_18AC6DC,.data,4,0,0,1,1,0
0x118AC6E4,g_18AC6E4,.data,4,0,0,1,1,0
0x118AC6FC,g_18AC6FC,.data,4,0,0,1,1,1
0x118AC700,g_18AC700,.data,4,0,0,1,1,1
0x118AC708,g_18AC708,.data,4,0,0,1,2,2
0x118AC728,g_18AC728,.data,4,0,0,1,0,1
0x118AC72C,g_18AC72C,.data,4,0,0,1,0,1
0x118AC734,g_18AC734,.data,4,0,0,1,0,1
0x118AC740,g_18AC740,.data,4,1,8,2,2,3
0x118AC744,g_18AC744,.data,4,1,8,2,1,3
0x118AC74C,g_18AC74C,.data,4,0,0,2,0,3
0x118AC758,g_18AC758,.data,4,0,0,1,0,1
0x118AC75C,g_18AC75C,.data,4,0,0,1,0,1
0x118AC764,g_18AC764,.data,4,0,0,1,0,1
0x118AC770,g_18AC770,.data,4,0,0,2,1,3
0x118AC774,g_18AC774,.data,4,0,0,2,1,3
0x118AC778,g_18AC778,.data,4,0,0,1,0,1
0x118AC77C,g_18AC77C,.data,4,0,0,2,2,4
0x118AC788,g_18AC788,.data,4,0,0,1,0,1
0x118AC78C,g_18AC78C,.data,4,0,0,1,0,1
0x118AC794,g_18AC794,.data,4,0,0,1,0,1
0x118AC954,g_18AC954,.data,4,0,0,7,7,0
0x118AC958,g_18AC958,.data,4,0,0,1,3,0
0x118AC95C,g_18AC95C,.data,4,0,0,9,11,1
0x118AC960,g_18AC960,.data,4,1,4,24,30,2
0x118ACA60,g_18ACA60,.data,4,0,0,11,15,3
0x118ACA64,g_18ACA64,.data,4,0,0,2,2,1
0x118ACA68,g_18ACA68,.data,4,0,0,1,2,0
0x118ACA6C,g_18ACA6C,.data,4,0,0,4,15,2
0x118ADA80,g_18ADA80,.data,4,0,0,4,7,2
0x118ADA84,g_18ADA84,.data,4,0,0,3,4,3
0x118ADA88,g_18ADA88,.data,4,0,0,3,8,2
